frame,x0,y0,z0,conf0,x1,y1,z1,conf1,x2,y2,z2,conf2,x3,y3,z3,conf3,x4,y4,z4,conf4,x5,y5,z5,conf5,x6,y6,z6,conf6,x7,y7,z7,conf7,x8,y8,z8,conf8,x9,y9,z9,conf9,x10,y10,z10,conf10,x11,y11,z11,conf11,x12,y12,z12,conf12,x13,y13,z13,conf13,x14,y14,z14,conf14,x15,y15,z15,conf15,x16,y16,z16,conf16,x17,y17,z17,conf17,x18,y18,z18,conf18,x19,y19,z19,conf19,x20,y20,z20,conf20,x21,y21,z21,conf21,x22,y22,z22,conf22,x23,y23,z23,conf23,x24,y24,z24,conf24,x25,y25,z25,conf25,x26,y26,z26,conf26,x27,y27,z27,conf27,x28,y28,z28,conf28,x29,y29,z29,conf29,x30,y30,z30,conf30,x31,y31,z31,conf31,x32,y32,z32,conf32
0,0.5063133835792542,0.3681764602661133,-0.23525701463222504,0.9999998807907104,0.5114091038703918,0.35472121834754944,-0.2235150933265686,0.9999997615814209,0.5144283175468445,0.3551539182662964,-0.22366242110729218,0.9999995231628418,0.5166745185852051,0.3556891083717346,-0.2236333042383194,0.9999996423721313,0.5028548240661621,0.3562051057815552,-0.2226995825767517,0.9999997615814209,0.5003789663314819,0.35682690143585205,-0.22287137806415558,0.9999997615814209,0.4976794421672821,0.3575665354728699,-0.22287514805793762,0.9999997615814209,0.5219717621803284,0.3640797734260559,-0.14998891949653625,0.9999997615814209,0.4963732659816742,0.3638332486152649,-0.14561647176742554,0.9999992847442627,0.512512743473053,0.38258469104766846,-0.20606668293476105,0.9999994039535522,0.5020361542701721,0.3826066255569458,-0.20594339072704315,0.9999992847442627,0.5385805368423462,0.4378064274787903,-0.1285911202430725,0.999995231628418,0.47961580753326416,0.4333926737308502,-0.10482443869113922,0.9999877214431763,0.5865163803100586,0.4414464235305786,-0.26945382356643677,0.9976614713668823,0.43227872252464294,0.4603695273399353,-0.24479036033153534,0.9926927089691162,0.5414760112762451,0.44513797760009766,-0.4116617739200592,0.9897569417953491,0.4798615574836731,0.45946604013442993,-0.38646793365478516,0.9871315956115723,0.5313042998313904,0.44651758670806885,-0.4485197365283966,0.9678236842155457,0.4897873103618622,0.45233461260795593,-0.42141419649124146,0.962429404258728,0.5281378030776978,0.4424324035644531,-0.43710529804229736,0.9624747037887573,0.4921720623970032,0.4478372037410736,-0.4076172709465027,0.9507632851600647,0.5311198830604553,0.44512003660202026,-0.4103972315788269,0.92989182472229,0.4903806149959564,0.45260918140411377,-0.38504108786582947,0.9066802859306335,0.5297510027885437,0.5976775884628296,-0.017348896712064743,0.9998934268951416,0.49537593126296997,0.6058569550514221,0.01714126020669937,0.9998923540115356,0.5212962031364441,0.7290661334991455,-0.11934271454811096,0.20113547146320343,0.5056076049804688,0.7196425199508667,-0.05993795022368431,0.06933987885713577,0.5234775543212891,0.8664556741714478,-0.08912681043148041,0.1970033496618271,0.5226513743400574,0.8599230051040649,-0.010516729205846786,0.15878354012966156,0.523383617401123,0.8890564441680908,-0.09248202294111252,0.18206733465194702,0.5308791399002075,0.8895598649978638,-0.010613512247800827,0.15281422436237335,0.5208750367164612,0.9045585989952087,-0.18592265248298645,0.33133187890052795,0.5143598318099976,0.9038152694702148,-0.09378569573163986,0.23690804839134216
1,0.5063127279281616,0.36822277307510376,-0.2891380488872528,0.9999998211860657,0.5113484859466553,0.3546684682369232,-0.27692911028862,0.9999997019767761,0.5143932700157166,0.35512450337409973,-0.27709469199180603,0.9999994039535522,0.5166629552841187,0.35565435886383057,-0.277062326669693,0.9999995827674866,0.502740204334259,0.3561016917228699,-0.27589473128318787,0.9999997019767761,0.5003207325935364,0.3566631078720093,-0.2760653495788574,0.9999997019767761,0.49758848547935486,0.3573901653289795,-0.27606767416000366,0.9999997019767761,0.5219711661338806,0.3641194999217987,-0.19683393836021423,0.9999997019767761,0.4960687458515167,0.3638477623462677,-0.19107575714588165,0.9999990463256836,0.5124829411506653,0.3825828731060028,-0.256964772939682,0.9999992847442627,0.5018588304519653,0.3825542628765106,-0.25658804178237915,0.9999991655349731,0.5385953187942505,0.43560272455215454,-0.16327771544456482,0.9999951720237732,0.4796055257320404,0.43315941095352173,-0.1403435319662094,0.9999878406524658,0.5867271423339844,0.44128337502479553,-0.3040856122970581,0.9976059198379517,0.432278037071228,0.4599556624889374,-0.28810998797416687,0.9928483366966248,0.5424487590789795,0.4472084939479828,-0.46281760931015015,0.9895989894866943,0.4789726138114929,0.4594743549823761,-0.4521729052066803,0.9872198104858398,0.5319017767906189,0.4487572908401489,-0.504213273525238,0.9674882888793945,0.4892270863056183,0.452335000038147,-0.4934399724006653,0.962475061416626,0.5286615490913391,0.44440725445747375,-0.49557504057884216,0.9621756076812744,0.49166402220726013,0.44817161560058594,-0.4800986051559448,0.9509259462356567,0.5317856669425964,0.4476074278354645,-0.4627824127674103,0.929343581199646,0.48990556597709656,0.4530259370803833,-0.45152485370635986,0.9067683815956116,0.5297151207923889,0.5969060659408569,-0.016472790390253067,0.9998911023139954,0.4958978593349457,0.6045701503753662,0.016254480928182602,0.9998908042907715,0.522380530834198,0.7255958318710327,-0.14165480434894562,0.2044602483510971,0.5041396617889404,0.7245913743972778,-0.060623008757829666,0.07246885448694229,0.5248611569404602,0.8597021102905273,-0.06311085820198059,0.1906324326992035,0.5224572420120239,0.8666641116142273,0.0019954699091613293,0.16547515988349915,0.5269513130187988,0.8860516548156738,-0.061478838324546814,0.17500486969947815,0.5287630558013916,0.8914921879768372,0.0025703164283186197,0.15156377851963043,0.5225292444229126,0.9010379314422607,-0.15975062549114227,0.32068103551864624,0.5127784013748169,0.9038127660751343,-0.09319538623094559,0.23948383331298828
2,0.5060113668441772,0.3682228922843933,-0.31306737661361694,0.9999998211860657,0.5111101269721985,0.35450705885887146,-0.3013237416744232,0.9999996423721313,0.5142819881439209,0.3549087941646576,-0.3015001118183136,0.9999993443489075,0.5165812373161316,0.3554506301879883,-0.3014672100543976,0.9999995231628418,0.5024594068527222,0.35598862171173096,-0.3002246022224426,0.9999997019767761,0.5001298785209656,0.3565835952758789,-0.30039796233177185,0.9999996423721313,0.4973295331001282,0.3573552370071411,-0.30039724707603455,0.9999996423721313,0.5219714641571045,0.3639861047267914,-0.21976685523986816,0.9999996423721313,0.4958115518093109,0.363822877407074,-0.2136806845664978,0.9999988079071045,0.5121248960494995,0.38248851895332336,-0.280020147562027,0.9999991655349731,0.5014391541481018,0.38236767053604126,-0.2795311212539673,0.9999990463256836,0.538596510887146,0.4340141713619232,-0.18076984584331512,0.9999951720237732,0.47960880398750305,0.43286484479904175,-0.15971584618091583,0.9999876618385315,0.5867398381233215,0.44067445397377014,-0.3235875070095062,0.9974023699760437,0.4322594404220581,0.45886752009391785,-0.3105468153953552,0.9924102425575256,0.5432002544403076,0.44837844371795654,-0.48588186502456665,0.9886384606361389,0.4786188304424286,0.4593389928340912,-0.47702619433403015,0.9855164885520935,0.5326488614082336,0.4520777761936188,-0.5284287929534912,0.9651362299919128,0.48892906308174133,0.451966255903244,-0.5191763639450073,0.9577099084854126,0.5293470621109009,0.44776254892349243,-0.5198811292648315,0.9596325159072876,0.4913756549358368,0.4481676518917084,-0.5062586665153503,0.9450637698173523,0.5326257944107056,0.45033693313598633,-0.4859924018383026,0.9247981309890747,0.4895409345626831,0.453043133020401,-0.47661271691322327,0.8967524766921997,0.529490053653717,0.5965576767921448,-0.015168177895247936,0.9998865723609924,0.496036559343338,0.603840708732605,0.014940345659852028,0.9998856782913208,0.5233167409896851,0.721804678440094,-0.13472694158554077,0.19322971999645233,0.5033277869224548,0.7249289751052856,-0.063105508685112,0.0693163052201271,0.5234295725822449,0.8592807054519653,-0.056779589504003525,0.1785612553358078,0.5219135284423828,0.8706828951835632,0.0019435890717431903,0.15934526920318604,0.5246360898017883,0.8887386918067932,-0.056456539779901505,0.16489870846271515,0.5269075632095337,0.89225834608078,0.002379175741225481,0.144322007894516,0.5225052237510681,0.9009379744529724,-0.15654438734054565,0.3016459345817566,0.5143760442733765,0.9037730693817139,-0.0939042791724205,0.22885523736476898
3,0.5059462785720825,0.3676501214504242,-0.3144873380661011,0.9999998211860657,0.5110626816749573,0.3538830876350403,-0.30247762799263,0.9999995827674866,0.5142539143562317,0.3544064462184906,-0.3026539087295532,0.9999992847442627,0.51655513048172,0.35507699847221375,-0.3026169538497925,0.999999463558197,0.5023738741874695,0.3550648093223572,-0.3018239438533783,0.9999997019767761,0.5000525712966919,0.35566505789756775,-0.30199572443962097,0.9999996423721313,0.4972282350063324,0.356492817401886,-0.30199623107910156,0.9999996423721313,0.5219557285308838,0.36365988850593567,-0.2199653536081314,0.9999995827674866,0.49553442001342773,0.3629731237888336,-0.2159552425146103,0.9999986290931702,0.511905312538147,0.381841242313385,-0.28111976385116577,0.9999991059303284,0.5012288093566895,0.38147884607315063,-0.28124839067459106,0.9999989867210388,0.5385721921920776,0.4314980208873749,-0.17942287027835846,0.9999951720237732,0.47954273223876953,0.4322619140148163,-0.16274860501289368,0.999987781047821,0.5867370963096619,0.4394301176071167,-0.3187052011489868,0.9973437786102295,0.43189412355422974,0.45771482586860657,-0.3126133680343628,0.9924761652946472,0.5437337756156921,0.44831183552742004,-0.47862231731414795,0.9886362552642822,0.47837594151496887,0.45843231678009033,-0.47810444235801697,0.9856005311012268,0.5330578088760376,0.452239066362381,-0.5202242136001587,0.9653567671775818,0.48876091837882996,0.4496952295303345,-0.5200622081756592,0.9578918218612671,0.5297769904136658,0.4479439854621887,-0.5121111273765564,0.9600028395652771,0.49122342467308044,0.44690459966659546,-0.5066149830818176,0.9454286694526672,0.5331493616104126,0.4503578245639801,-0.4788267910480499,0.9255657196044922,0.489362508058548,0.4523378014564514,-0.4774097204208374,0.897285521030426,0.5292965769767761,0.5946269035339355,-0.013789745047688484,0.9998859167098999,0.49604693055152893,0.6020514369010925,0.013561476953327656,0.9998844861984253,0.5260659456253052,0.7155903577804565,-0.13518375158309937,0.20042645931243896,0.5027750134468079,0.7260387539863586,-0.061618488281965256,0.07370979338884354,0.5280393362045288,0.8597292304039001,-0.06167391687631607,0.18329134583473206,0.521382749080658,0.8696488738059998,0.005820008460432291,0.1708211898803711,0.5297566056251526,0.8864902853965759,-0.06180302053689957,0.16621994972229004,0.5267077088356018,0.8939703106880188,0.006123346276581287,0.14587435126304626,0.525395929813385,0.8958749175071716,-0.16371974349021912,0.3070015013217926,0.5165033936500549,0.902339518070221,-0.09390459954738617,0.2378465235233307
4,0.5057780742645264,0.3657664358615875,-0.30081191658973694,0.9999998211860657,0.5110194683074951,0.35185566544532776,-0.2883579134941101,0.9999995827674866,0.5142261385917664,0.3526078164577484,-0.2885345220565796,0.9999992847442627,0.5164946913719177,0.3534625768661499,-0.2885044515132904,0.999999463558197,0.5021851062774658,0.35259196162223816,-0.2871972918510437,0.9999997019767761,0.4998413920402527,0.3532063663005829,-0.2873653471469879,0.9999996423721313,0.49688929319381714,0.35411250591278076,-0.2873643934726715,0.9999996423721313,0.521885097026825,0.3620694577693939,-0.20658181607723236,0.9999995827674866,0.49511805176734924,0.360519677400589,-0.20013250410556793,0.9999985098838806,0.5117126107215881,0.37997210025787354,-0.2679096758365631,0.9999990463256836,0.5008288025856018,0.3791179656982422,-0.2673371434211731,0.999998927116394,0.5384524464607239,0.42880380153656006,-0.1736326515674591,0.999995231628418,0.47941043972969055,0.43077048659324646,-0.14652539789676666,0.9999880790710449,0.586708664894104,0.4382503032684326,-0.3141256868839264,0.9971609115600586,0.4316725432872772,0.4569840431213379,-0.2960553467273712,0.9925294518470764,0.5436772108078003,0.4482908844947815,-0.4737784266471863,0.9880999326705933,0.47803056240081787,0.45599183440208435,-0.46260735392570496,0.9858624339103699,0.5330309867858887,0.4522508680820465,-0.5159165263175964,0.9644600749015808,0.48815733194351196,0.4468609392642975,-0.5044604539871216,0.958723247051239,0.5297514200210571,0.447982519865036,-0.5076553821563721,0.9590997099876404,0.4907863736152649,0.44407209753990173,-0.4911288022994995,0.9465533494949341,0.533105194568634,0.45042452216148376,-0.47388166189193726,0.9239638447761536,0.48902609944343567,0.44980016350746155,-0.4621112048625946,0.8991044163703918,0.5293038487434387,0.5932701230049133,-0.017099536955356598,0.999888002872467,0.4961991012096405,0.6009432077407837,0.01685408502817154,0.9998873472213745,0.5257037878036499,0.7126300930976868,-0.14789921045303345,0.20626698434352875,0.5015748143196106,0.7261703014373779,-0.05294405296444893,0.07740787416696548,0.5278295278549194,0.8570371866226196,-0.057767219841480255,0.17782559990882874,0.5213230848312378,0.8734234571456909,0.010702690109610558,0.18176910281181335,0.5298146605491638,0.8783969879150391,-0.05539857968688011,0.16110068559646606,0.5269313454627991,0.8966248631477356,0.010839157737791538,0.15105819702148438,0.5252111554145813,0.8935173153877258,-0.14666113257408142,0.29780974984169006,0.5136909484863281,0.905491828918457,-0.0830017626285553,0.24507257342338562
5,0.5055090188980103,0.36363089084625244,-0.3018036186695099,0.9999997615814209,0.5108806490898132,0.3501408100128174,-0.28891271352767944,0.9999995231628418,0.5141451358795166,0.350974440574646,-0.2890937030315399,0.9999992251396179,0.5163525342941284,0.3519883453845978,-0.28906017541885376,0.9999994039535522,0.501991331577301,0.3503800630569458,-0.2879756987094879,0.9999996423721313,0.49965107440948486,0.3509243428707123,-0.2881467938423157,0.9999995827674866,0.4966459274291992,0.35173746943473816,-0.2881509065628052,0.9999995827674866,0.5217758417129517,0.3603498935699463,-0.20518726110458374,0.9999995231628418,0.4947570264339447,0.358089804649353,-0.19967614114284515,0.9999982118606567,0.5113413333892822,0.37775397300720215,-0.2682208716869354,0.999998927116394,0.5004816651344299,0.37650519609451294,-0.26796701550483704,0.9999987483024597,0.5383414030075073,0.4273402988910675,-0.17076855897903442,0.9999950528144836,0.4792371988296509,0.42833706736564636,-0.1452365219593048,0.9999878406524658,0.5866633653640747,0.4367508888244629,-0.3129644989967346,0.9970288872718811,0.4313296675682068,0.4562794864177704,-0.29472053050994873,0.9924440383911133,0.5436467528343201,0.4464401304721832,-0.4748609662055969,0.987866222858429,0.47779569029808044,0.454235702753067,-0.46238836646080017,0.9859690070152283,0.5327631235122681,0.44922178983688354,-0.51717209815979,0.9641491770744324,0.4880094826221466,0.44493332505226135,-0.5048404932022095,0.959129273891449,0.5295094847679138,0.4445531368255615,-0.5087379813194275,0.9588136672973633,0.4906691014766693,0.44224268198013306,-0.49165573716163635,0.9471957087516785,0.5328452587127686,0.44777390360832214,-0.47494032979011536,0.923454761505127,0.4889112114906311,0.4481697976589203,-0.46198785305023193,0.9002071022987366,0.5292062163352966,0.5922644138336182,-0.017073623836040497,0.9998885989189148,0.4961453378200531,0.5993249416351318,0.016829663887619972,0.9998884201049805,0.5263034105300903,0.712009072303772,-0.13228584825992584,0.21509577333927155,0.5013760924339294,0.7260780930519104,-0.053975798189640045,0.08564971387386322,0.5276049375534058,0.857401967048645,-0.04082857817411423,0.18294711410999298,0.5213025808334351,0.8740022778511047,0.007163633592426777,0.20123691856861115,0.5292677879333496,0.8781396746635437,-0.039271727204322815,0.16206450760364532,0.5268835425376892,0.896316409111023,0.0072012776508927345,0.16069628298282623,0.5239096879959106,0.8938190937042236,-0.136294424533844,0.30177900195121765,0.5139583945274353,0.9071311950683594,-0.08565257489681244,0.2617959976196289
6,0.5053918957710266,0.36049118638038635,-0.30171874165534973,0.9999997615814209,0.5108611583709717,0.347755491733551,-0.28820106387138367,0.9999995231628418,0.5141189694404602,0.34863173961639404,-0.2883759140968323,0.9999992251396179,0.5163126587867737,0.34973907470703125,-0.28834208846092224,0.9999994039535522,0.5019264817237854,0.3476637899875641,-0.2878095209598541,0.9999996423721313,0.49956831336021423,0.34814023971557617,-0.28798866271972656,0.9999995827674866,0.4965934455394745,0.34887316823005676,-0.2879886329174042,0.9999995827674866,0.5217663645744324,0.35772961378097534,-0.20219644904136658,0.9999995231628418,0.4946012794971466,0.3554941713809967,-0.19877591729164124,0.999998152256012,0.5111618638038635,0.37506774067878723,-0.2671814262866974,0.999998927116394,0.5002670884132385,0.3732542395591736,-0.26759475469589233,0.9999986886978149,0.5381705164909363,0.4259830415248871,-0.1674579679965973,0.9999949932098389,0.47923484444618225,0.4261123836040497,-0.14522036910057068,0.9999877214431763,0.5865049362182617,0.43530040979385376,-0.3137070834636688,0.9970214366912842,0.4310404062271118,0.45494434237480164,-0.3019469678401947,0.9926510453224182,0.543105959892273,0.4440670907497406,-0.48064881563186646,0.9879371523857117,0.477438360452652,0.452038049697876,-0.4743337333202362,0.9859949350357056,0.5321819186210632,0.4468992054462433,-0.5239675045013428,0.964128851890564,0.4876246452331543,0.44363734126091003,-0.5171679854393005,0.9589471220970154,0.5289134383201599,0.4418922960758209,-0.5152673721313477,0.9587801098823547,0.49049365520477295,0.4402788579463959,-0.5034275650978088,0.9469775557518005,0.5321541428565979,0.44543734192848206,-0.48090869188308716,0.9234589338302612,0.4887368083000183,0.4460415542125702,-0.47378188371658325,0.8995447158813477,0.529030442237854,0.5908505320549011,-0.01704469509422779,0.9998911619186401,0.4961516559123993,0.5974974632263184,0.016798419877886772,0.9998908638954163,0.5265828371047974,0.7109525799751282,-0.16288860142230988,0.25232964754104614,0.5010993480682373,0.7257218360900879,-0.05673658475279808,0.10453125834465027,0.5273571610450745,0.8577382564544678,-0.09503164142370224,0.2071807086467743,0.5211328268051147,0.8767534494400024,-0.0010771026136353612,0.2340000867843628,0.528870701789856,0.8788025379180908,-0.09582790732383728,0.17547811567783356,0.5265864133834839,0.8979505300521851,-0.002375961747020483,0.17697469890117645,0.5235579013824463,0.8934593796730042,-0.20327921211719513,0.3257253170013428,0.5141199827194214,0.907294750213623,-0.10699090361595154,0.29024219512939453
7,0.5053350925445557,0.35902369022369385,-0.2933099865913391,0.9999996423721313,0.5108602046966553,0.346684992313385,-0.2807977795600891,0.9999993443489075,0.514117419719696,0.34751880168914795,-0.28096091747283936,0.999998927116394,0.5163107514381409,0.34846231341362,-0.2809332609176636,0.9999992251396179,0.5019261837005615,0.34632256627082825,-0.2798762023448944,0.999999463558197,0.4995553195476532,0.3466376066207886,-0.28005149960517883,0.9999994039535522,0.4965948760509491,0.34704694151878357,-0.2800520956516266,0.9999994039535522,0.5217655897140503,0.3559083640575409,-0.1958039104938507,0.9999992847442627,0.49453169107437134,0.35383912920951843,-0.19462800025939941,0.9999971985816956,0.5111020803451538,0.3735255300998688,-0.26057422161102295,0.9999985098838806,0.5001582503318787,0.3722531795501709,-0.26029831171035767,0.999998152256012,0.5381177663803101,0.42602649331092834,-0.15459483861923218,0.9999944567680359,0.47933095693588257,0.42624762654304504,-0.14256969094276428,0.9999855756759644,0.5864002108573914,0.43352603912353516,-0.29802873730659485,0.9967523813247681,0.43066665530204773,0.45378342270851135,-0.2941838800907135,0.9918903708457947,0.5425682663917542,0.44039398431777954,-0.4648033082485199,0.9873336553573608,0.4767822027206421,0.44849392771720886,-0.45955583453178406,0.9837956428527832,0.5316613912582397,0.4434494078159332,-0.5075595378875732,0.962419867515564,0.4869937002658844,0.4417225420475006,-0.5011664032936096,0.9529387950897217,0.5284019708633423,0.43809545040130615,-0.49909707903862,0.9568435549736023,0.48997628688812256,0.43862295150756836,-0.48755699396133423,0.939804196357727,0.5316122174263,0.44172829389572144,-0.4650301933288574,0.920368492603302,0.4881748557090759,0.44392937421798706,-0.45891743898391724,0.8887895941734314,0.5288768410682678,0.5904621481895447,-0.01276658196002245,0.9998893141746521,0.49615004658699036,0.5964285135269165,0.01254106592386961,0.9998886585235596,0.5272008776664734,0.712138831615448,-0.10097846388816833,0.25308188796043396,0.5010582804679871,0.7252172827720642,-0.06482905149459839,0.11213172227144241,0.5258682370185852,0.8563992977142334,-0.034989770501852036,0.21588759124279022,0.5209168791770935,0.8791879415512085,-0.017770713195204735,0.25192397832870483,0.528520405292511,0.8815168142318726,-0.03636608645319939,0.17668333649635315,0.5257096886634827,0.9000251293182373,-0.019741352647542953,0.18206362426280975,0.5234573483467102,0.8936528563499451,-0.14500464498996735,0.332989364862442,0.5143162608146667,0.9072573781013489,-0.12765687704086304,0.3060840666294098
8,0.5053298473358154,0.35742613673210144,-0.2928125262260437,0.9999995827674866,0.5108686089515686,0.34514856338500977,-0.2795816659927368,0.9999992251396179,0.5141170620918274,0.345904141664505,-0.27975568175315857,0.9999988079071045,0.5163101553916931,0.346720814704895,-0.27972203493118286,0.9999991655349731,0.5019336342811584,0.344859778881073,-0.27905508875846863,0.9999994039535522,0.4995550811290741,0.3451422452926636,-0.27923116087913513,0.9999993443489075,0.49662989377975464,0.3454228639602661,-0.279231995344162,0.9999993443489075,0.5217669010162354,0.3540036678314209,-0.19486919045448303,0.9999991655349731,0.49449411034584045,0.3520512878894806,-0.192692369222641,0.9999967217445374,0.5111010670661926,0.3718028664588928,-0.25937551259994507,0.9999983310699463,0.5001213550567627,0.37096086144447327,-0.25968828797340393,0.9999979138374329,0.5380638241767883,0.42555221915245056,-0.1557011753320694,0.9999943375587463,0.4794369339942932,0.42590028047561646,-0.14082103967666626,0.9999849796295166,0.5863695740699768,0.4318581819534302,-0.29809778928756714,0.996662974357605,0.43026480078697205,0.45262411236763,-0.29143932461738586,0.9916307926177979,0.5421863198280334,0.43845197558403015,-0.4620741605758667,0.9871593713760376,0.47640326619148254,0.4459822177886963,-0.45653897523880005,0.9827912449836731,0.5314536690711975,0.4426936209201813,-0.5039293169975281,0.9617601633071899,0.4868014454841614,0.4397529065608978,-0.4978898763656616,0.9499992728233337,0.5282353162765503,0.43739816546440125,-0.4949885308742523,0.9560579657554626,0.4897978901863098,0.43688222765922546,-0.4843575060367584,0.9362574815750122,0.5313932299613953,0.4404032826423645,-0.4621099829673767,0.9191945195198059,0.48793187737464905,0.4419392943382263,-0.45593324303627014,0.8833845853805542,0.528860330581665,0.5891724228858948,-0.01236745622009039,0.9998891353607178,0.4961515963077545,0.5947228670120239,0.01214053388684988,0.9998887181282043,0.527696967124939,0.7126441597938538,-0.11386273801326752,0.26426541805267334,0.5009886622428894,0.7251867651939392,-0.06647388637065887,0.12515033781528473,0.5263140201568604,0.8567245006561279,-0.04540909826755524,0.2242123931646347,0.5203948020935059,0.8820810317993164,-0.024690711870789528,0.2758147120475769,0.5283077955245972,0.8807916641235352,-0.04595678299665451,0.17861442267894745,0.5249588489532471,0.9025421142578125,-0.027125222608447075,0.190016508102417,0.5234200954437256,0.8908466696739197,-0.1509164273738861,0.34030771255493164,0.5145541429519653,0.9076915383338928,-0.13533411920070648,0.3260324001312256
9,0.5052939653396606,0.3560035526752472,-0.2921532690525055,0.9999995827674866,0.5108397603034973,0.34385648369789124,-0.2785302698612213,0.9999992251396179,0.5141038298606873,0.3444717824459076,-0.27870482206344604,0.9999988079071045,0.5162738561630249,0.34513339400291443,-0.27866655588150024,0.9999991655349731,0.5019474625587463,0.34358111023902893,-0.2779592275619507,0.9999994039535522,0.4995635747909546,0.3438554108142853,-0.2781313955783844,0.9999993443489075,0.49672386050224304,0.34401971101760864,-0.2781258523464203,0.9999993443489075,0.521760106086731,0.3522885739803314,-0.1937897950410843,0.9999991655349731,0.4944970905780792,0.3504103124141693,-0.1909654438495636,0.9999967813491821,0.5110893845558167,0.37016886472702026,-0.25843706727027893,0.9999983310699463,0.5001193881034851,0.3690142333507538,-0.2586928904056549,0.9999979734420776,0.5380743741989136,0.42410194873809814,-0.1557237058877945,0.9999944567680359,0.4796293377876282,0.42403072118759155,-0.14067912101745605,0.9999855160713196,0.5864490270614624,0.43103453516960144,-0.2980920970439911,0.9966647624969482,0.430273175239563,0.45180442929267883,-0.28641778230667114,0.9918529987335205,0.5421781539916992,0.4367634057998657,-0.46105819940567017,0.9875089526176453,0.4761861264705658,0.4453774094581604,-0.45360854268074036,0.9838017225265503,0.531438946723938,0.44049161672592163,-0.5027561783790588,0.9627676606178284,0.48648691177368164,0.4373723864555359,-0.4943135976791382,0.9528870582580566,0.5282250046730042,0.4353000521659851,-0.493785560131073,0.9572263360023499,0.4894363284111023,0.43483543395996094,-0.4809008836746216,0.9399924278259277,0.5313717126846313,0.4385771155357361,-0.46097609400749207,0.9214226007461548,0.4876120984554291,0.44062745571136475,-0.4527786374092102,0.8900179266929626,0.5293585658073425,0.5862790942192078,-0.011827484704554081,0.9998887181282043,0.4963189661502838,0.5923552513122559,0.011602253653109074,0.9998899102210999,0.5302515625953674,0.708453357219696,-0.12264730781316757,0.28392645716667175,0.5018795728683472,0.725144624710083,-0.06808800250291824,0.14298568665981293,0.5272624492645264,0.8423938751220703,-0.05224360153079033,0.23401249945163727,0.5196709036827087,0.8825909495353699,-0.03086155094206333,0.3032057583332062,0.5306933522224426,0.8751398921012878,-0.052650097757577896,0.1839224100112915,0.5233467221260071,0.9032471776008606,-0.033815912902355194,0.19999206066131592,0.5246167778968811,0.888026237487793,-0.15553714334964752,0.3532036542892456,0.5148447751998901,0.9076411128044128,-0.14446915686130524,0.3508252501487732
10,0.5049626231193542,0.3541899025440216,-0.29095280170440674,0.9999995231628418,0.5105515718460083,0.34211423993110657,-0.27744701504707336,0.9999991059303284,0.5139430165290833,0.34253454208374023,-0.2776258587837219,0.9999986886978149,0.5160730481147766,0.3431043326854706,-0.27758315205574036,0.9999990463256836,0.5019264817237854,0.34203869104385376,-0.27673202753067017,0.9999993443489075,0.49955376982688904,0.34230098128318787,-0.2769048511981964,0.9999992847442627,0.49673447012901306,0.3424578607082367,-0.27690237760543823,0.9999992847442627,0.5216771960258484,0.350371778011322,-0.1931547075510025,0.9999990463256836,0.4945126473903656,0.3480958342552185,-0.1899162232875824,0.999996542930603,0.5107795000076294,0.36835744976997375,-0.25726503133773804,0.999998152256012,0.5000075697898865,0.3670109510421753,-0.25740087032318115,0.9999977946281433,0.5380821228027344,0.4221247136592865,-0.15447862446308136,0.9999942183494568,0.47967928647994995,0.4212538003921509,-0.13397854566574097,0.9999855160713196,0.5864748358726501,0.429864764213562,-0.2950064539909363,0.9965258836746216,0.43018898367881775,0.4509096145629883,-0.2748216688632965,0.9917169213294983,0.5421669483184814,0.4350101947784424,-0.456765353679657,0.987898588180542,0.47583529353141785,0.4434102475643158,-0.45091816782951355,0.9849974513053894,0.5313178896903992,0.43714800477027893,-0.49874386191368103,0.9643100500106812,0.48598358035087585,0.4349188208580017,-0.4932613968849182,0.9565104842185974,0.5280374884605408,0.43156567215919495,-0.4904099404811859,0.9590592384338379,0.4890008568763733,0.4324463903903961,-0.4791809022426605,0.9446667432785034,0.5311592221260071,0.4356967508792877,-0.45670223236083984,0.9246845841407776,0.4873303472995758,0.4385010600090027,-0.4516550898551941,0.8984938263893127,0.5299313068389893,0.5850121974945068,-0.012068117037415504,0.9998826384544373,0.49644574522972107,0.5914757251739502,0.011842054314911366,0.9998863935470581,0.5313271284103394,0.7094983458518982,-0.08787310123443604,0.282789409160614,0.5023280382156372,0.7255228161811829,-0.06356961280107498,0.14895929396152496,0.5245537757873535,0.8475464582443237,-0.022247066721320152,0.24891525506973267,0.5194544792175293,0.8824602365493774,-0.02557912841439247,0.32119807600975037,0.5290545225143433,0.8830668926239014,-0.023566102609038353,0.19049283862113953,0.5233153104782104,0.9028807878494263,-0.029793912544846535,0.20809456706047058,0.5244724750518799,0.8929274678230286,-0.13403092324733734,0.3709450662136078,0.5148564577102661,0.9083260297775269,-0.12972785532474518,0.36986809968948364
11,0.5050119161605835,0.35258013010025024,-0.29572680592536926,0.999999463558197,0.5105812549591064,0.34023797512054443,-0.28187665343284607,0.999998927116394,0.5139712691307068,0.34074530005455017,-0.28206750750541687,0.9999984502792358,0.5161162614822388,0.34133854508399963,-0.2820185422897339,0.9999988675117493,0.5019894242286682,0.33980312943458557,-0.28117281198501587,0.9999992251396179,0.49959248304367065,0.3400302529335022,-0.281349778175354,0.9999991655349731,0.4968578517436981,0.3401581048965454,-0.28135567903518677,0.9999991655349731,0.5216897130012512,0.34868115186691284,-0.1947527676820755,0.9999988675117493,0.4945167899131775,0.34586796164512634,-0.19082975387573242,0.9999960660934448,0.510831892490387,0.3669887185096741,-0.2609245181083679,0.9999978542327881,0.5000113844871521,0.365778386592865,-0.2610325515270233,0.9999974370002747,0.5381780862808228,0.42084091901779175,-0.15526144206523895,0.9999937415122986,0.47974470257759094,0.4201960563659668,-0.13395947217941284,0.9999849200248718,0.5865646004676819,0.42872583866119385,-0.29794567823410034,0.9963763952255249,0.430097758769989,0.4497857689857483,-0.2764132618904114,0.9914777278900146,0.5421265363693237,0.4319085478782654,-0.46307623386383057,0.9880955219268799,0.47582730650901794,0.4414809048175812,-0.4541163146495819,0.9858590960502625,0.5311785936355591,0.431980699300766,-0.5058804154396057,0.965239942073822,0.48575761914253235,0.431997150182724,-0.4979119598865509,0.9592094421386719,0.5279151797294617,0.4265240728855133,-0.49712687730789185,0.960155725479126,0.4888452887535095,0.4292640686035156,-0.4855613112449646,0.9481647610664368,0.5309617519378662,0.43112701177597046,-0.4629915654659271,0.9266266822814941,0.48728427290916443,0.435738742351532,-0.45470938086509705,0.9048394560813904,0.5299656391143799,0.5837385654449463,-0.012144709937274456,0.9998787045478821,0.49642613530158997,0.5894390940666199,0.011915446259081364,0.9998840689659119,0.5315660238265991,0.7110627889633179,-0.08454863727092743,0.28549087047576904,0.5022908449172974,0.7264671921730042,-0.0611930713057518,0.1576322317123413,0.5224557518959045,0.8516318798065186,-0.01604912243783474,0.26636168360710144,0.5193764567375183,0.8833640813827515,-0.017138371244072914,0.34234392642974854,0.5254183411598206,0.8882110714912415,-0.01718505285680294,0.19774296879768372,0.5235010981559753,0.9033780694007874,-0.020372701808810234,0.21871675550937653,0.5235794186592102,0.895695149898529,-0.12842603027820587,0.3881007134914398,0.5142052173614502,0.9097415208816528,-0.12454543262720108,0.38947147130966187
12,0.5049960017204285,0.3511785864830017,-0.29495254158973694,0.9999993443489075,0.5105603933334351,0.33832430839538574,-0.2813437879085541,0.9999986886978149,0.5139668583869934,0.33869457244873047,-0.28156042098999023,0.999998152256012,0.516109824180603,0.3392825126647949,-0.28149884939193726,0.9999986290931702,0.5019944906234741,0.3381161093711853,-0.2805194556713104,0.9999991059303284,0.4995991885662079,0.33828991651535034,-0.28069767355918884,0.9999989867210388,0.4969221353530884,0.3384957015514374,-0.28070899844169617,0.9999989867210388,0.5216841101646423,0.34689536690711975,-0.19260819256305695,0.9999986290931702,0.49455469846725464,0.3443124294281006,-0.18805049359798431,0.9999954700469971,0.5108290314674377,0.3652467429637909,-0.2608206570148468,0.9999974370002747,0.5000142455101013,0.3644471764564514,-0.26074036955833435,0.9999969601631165,0.5384396314620972,0.4194364845752716,-0.1540079116821289,0.999993085861206,0.47979938983917236,0.4191308617591858,-0.132582426071167,0.9999842643737793,0.58659827709198,0.4270051419734955,-0.29816728830337524,0.9961069226264954,0.43010279536247253,0.44860440492630005,-0.27580344676971436,0.9911878108978271,0.5420538783073425,0.43043053150177,-0.46192923188209534,0.9879019260406494,0.4754564166069031,0.43708500266075134,-0.45291611552238464,0.9868271350860596,0.5309954285621643,0.43009600043296814,-0.5042151212692261,0.9652854800224304,0.4853973388671875,0.42911186814308167,-0.495660662651062,0.9622095227241516,0.527851402759552,0.4252680242061615,-0.4952336847782135,0.9602387547492981,0.4887220561504364,0.42559149861335754,-0.4831589162349701,0.9520201086997986,0.5308948755264282,0.4294831454753876,-0.46175670623779297,0.9272010922431946,0.4872207045555115,0.4312504231929779,-0.45304638147354126,0.9119048118591309,0.5301375389099121,0.5824862122535706,-0.012089180760085583,0.9998769164085388,0.49612510204315186,0.5870231986045837,0.011865992099046707,0.9998837113380432,0.5312686562538147,0.7246056199073792,-0.08258921653032303,0.28879934549331665,0.5018192529678345,0.7264898419380188,-0.06250913441181183,0.16886655986309052,0.5208509564399719,0.8548564314842224,-0.019915752112865448,0.28536880016326904,0.5192440152168274,0.8843583464622498,-0.01967281475663185,0.3654496371746063,0.5204483270645142,0.8899091482162476,-0.021486477926373482,0.20690467953681946,0.523482620716095,0.9038507342338562,-0.02203591726720333,0.22983035445213318,0.522497296333313,0.8982250094413757,-0.13001945614814758,0.40705978870391846,0.5141074657440186,0.9108898043632507,-0.12942813336849213,0.4102335274219513
13,0.5051963329315186,0.34969836473464966,-0.3033387064933777,0.9999992251396179,0.5106483697891235,0.33650296926498413,-0.2898785471916199,0.9999984502792358,0.5140287280082703,0.3369746208190918,-0.29008471965789795,0.9999978542327881,0.5162277221679688,0.33765822649002075,-0.2900274693965912,0.9999983906745911,0.502073347568512,0.3362211585044861,-0.28952357172966003,0.9999989867210388,0.4996466636657715,0.3364018499851227,-0.28970858454704285,0.9999988675117493,0.49705615639686584,0.3367236852645874,-0.2897128760814667,0.9999988675117493,0.521723210811615,0.34522947669029236,-0.2019769698381424,0.9999983310699463,0.4945899546146393,0.34302499890327454,-0.1989123672246933,0.9999948740005493,0.5112712383270264,0.36388927698135376,-0.2683749794960022,0.9999969005584717,0.5001011490821838,0.363308310508728,-0.26879727840423584,0.9999963641166687,0.5385815501213074,0.4170887768268585,-0.16078753769397736,0.999992311000824,0.47987568378448486,0.41775479912757874,-0.14255931973457336,0.999983549118042,0.5867502093315125,0.4257735013961792,-0.31147143244743347,0.9956186413764954,0.43011459708213806,0.44767430424690247,-0.2906720042228699,0.9909863471984863,0.5422115325927734,0.4296935796737671,-0.47997790575027466,0.9873395562171936,0.47542235255241394,0.43288612365722656,-0.46622270345687866,0.9877328276634216,0.5310832262039185,0.4300633370876312,-0.5231521129608154,0.9645782113075256,0.485435426235199,0.4255477786064148,-0.5096333026885986,0.9649575352668762,0.5278522968292236,0.4251740872859955,-0.5132176876068115,0.9594035148620605,0.4887372553348541,0.4223747253417969,-0.49761590361595154,0.9555061459541321,0.5308943390846252,0.4289940893650055,-0.47962599992752075,0.9258791208267212,0.4872451424598694,0.42773473262786865,-0.46640485525131226,0.9181644320487976,0.5306393504142761,0.5812363028526306,-0.012144433334469795,0.9998719096183777,0.49599751830101013,0.5854410529136658,0.011918346397578716,0.9998800158500671,0.5332013964653015,0.7242905497550964,-0.08517353981733322,0.2808312177658081,0.5001505017280579,0.7232634425163269,-0.06541455537080765,0.16797663271427155,0.5178308486938477,0.8644897937774658,-0.029263390228152275,0.29822838306427,0.5192978978157043,0.8858582973480225,-0.024934502318501472,0.37572187185287476,0.5122225880622864,0.8906456232070923,-0.025764381512999535,0.21348397433757782,0.5243685841560364,0.9048569202423096,-0.02753601409494877,0.23440997302532196,0.5218886137008667,0.8998969793319702,-0.1438601016998291,0.4181264042854309,0.513149619102478,0.9124709367752075,-0.13543571531772614,0.41737842559814453
14,0.5051968693733215,0.34743431210517883,-0.2888502776622772,0.9999991059303284,0.5106220841407776,0.33382412791252136,-0.2746933698654175,0.9999982118606567,0.514022707939148,0.334108829498291,-0.2749037742614746,0.9999974966049194,0.5162174701690674,0.3347831964492798,-0.2748465836048126,0.999998152256012,0.502074658870697,0.33365398645401,-0.274227112531662,0.9999988079071045,0.4996476173400879,0.33380842208862305,-0.27441272139549255,0.9999986886978149,0.4970771372318268,0.3341887295246124,-0.27441689372062683,0.9999986886978149,0.5217230319976807,0.342490553855896,-0.18807277083396912,0.9999980926513672,0.49461236596107483,0.34078171849250793,-0.1842426359653473,0.9999940395355225,0.5112937688827515,0.3615046441555023,-0.254446804523468,0.9999964237213135,0.5001083612442017,0.36119988560676575,-0.2547335922718048,0.999995768070221,0.5390462875366211,0.41480764746665955,-0.15021184086799622,0.9999917149543762,0.4798890948295593,0.4168248474597931,-0.1305861920118332,0.9999822974205017,0.5868514776229858,0.4241141974925995,-0.2958884537220001,0.9954168796539307,0.4300117790699005,0.44682204723358154,-0.275236040353775,0.9907246828079224,0.5421046614646912,0.4281769096851349,-0.4531702995300293,0.9873097538948059,0.4751829504966736,0.4306628108024597,-0.4437163174152374,0.9884042143821716,0.5302888751029968,0.4267871379852295,-0.49409544467926025,0.9647204875946045,0.48533955216407776,0.42311206459999084,-0.4854290187358856,0.9670388102531433,0.5271598100662231,0.42235425114631653,-0.4835583567619324,0.9595188498497009,0.4887014925479889,0.42046457529067993,-0.4732118844985962,0.9581674933433533,0.5302784442901611,0.42639753222465515,-0.45223096013069153,0.9264461994171143,0.4872206151485443,0.4260329008102417,-0.44368547201156616,0.9231321215629578,0.5308440923690796,0.5811491012573242,-0.01218504924327135,0.9998728632926941,0.49596458673477173,0.5856510996818542,0.01195891760289669,0.9998809695243835,0.5335386395454407,0.723503053188324,-0.08182546496391296,0.2926359176635742,0.4999682307243347,0.7232462167739868,-0.06505881994962692,0.18089361488819122,0.5158539414405823,0.8689529299736023,-0.028480904176831245,0.32859882712364197,0.5193241238594055,0.8868968486785889,-0.022697381675243378,0.4037148952484131,0.509883463382721,0.8910984992980957,-0.029845861718058586,0.23072195053100586,0.525363564491272,0.9059098958969116,-0.025013020262122154,0.2511422038078308,0.5214332938194275,0.901303231716156,-0.14363853633403778,0.44505012035369873,0.5113469362258911,0.9145670533180237,-0.13313771784305573,0.4428301453590393
15,0.505175769329071,0.3456888198852539,-0.28128325939178467,0.9999988675117493,0.5105893611907959,0.33183008432388306,-0.26679331064224243,0.9999977946281433,0.5140161514282227,0.33214259147644043,-0.2670018970966339,0.9999969601631165,0.5162125825881958,0.3328886926174164,-0.26694971323013306,0.9999977946281433,0.5020701289176941,0.3318604826927185,-0.26607146859169006,0.9999985098838806,0.49964481592178345,0.33209770917892456,-0.26625940203666687,0.9999983906745911,0.49708372354507446,0.33260300755500793,-0.2662713825702667,0.9999983906745911,0.521781861782074,0.3409535586833954,-0.1799287050962448,0.9999977350234985,0.49468281865119934,0.33916524052619934,-0.17500463128089905,0.9999929666519165,0.5113052129745483,0.3600708544254303,-0.2469201236963272,0.999995768070221,0.5000971555709839,0.3596413731575012,-0.24690118432044983,0.9999949932098389,0.539279043674469,0.4132052958011627,-0.14409328997135162,0.9999907612800598,0.47989028692245483,0.4157316982746124,-0.12135935574769974,0.9999805688858032,0.5868784785270691,0.4227679669857025,-0.2887377142906189,0.9953031539916992,0.43001589179039,0.4465723931789398,-0.266414612531662,0.9906011819839478,0.5419690608978271,0.4264315068721771,-0.44488945603370667,0.9874137043952942,0.4751337766647339,0.42979303002357483,-0.43588966131210327,0.9891291260719299,0.5299519896507263,0.42521363496780396,-0.4854089915752411,0.9652236700057983,0.4852697551250458,0.42058631777763367,-0.47745072841644287,0.9692409038543701,0.5269813537597656,0.4211697578430176,-0.47483983635902405,0.9600384831428528,0.48870909214019775,0.41807687282562256,-0.4649318754673004,0.9609638452529907,0.5300794839859009,0.42514103651046753,-0.44388914108276367,0.9277443289756775,0.4872269034385681,0.42426326870918274,-0.43578678369522095,0.9283345341682434,0.5311936140060425,0.5813162326812744,-0.01226850226521492,0.9998764991760254,0.49595803022384644,0.586130678653717,0.012043260969221592,0.9998846650123596,0.5338739156723022,0.7237623929977417,-0.07772566378116608,0.3232644200325012,0.49989041686058044,0.7248809337615967,-0.06484927982091904,0.21455596387386322,0.5155892372131348,0.8681697249412537,-0.018471427261829376,0.3737500011920929,0.5196739435195923,0.8886120915412903,-0.023122869431972504,0.4469977617263794,0.5100140571594238,0.8908861875534058,-0.02056468278169632,0.2618178129196167,0.5267088413238525,0.9072628617286682,-0.025466134771704674,0.2857782244682312,0.5172657370567322,0.9142781496047974,-0.1330449879169464,0.48267123103141785,0.5113904476165771,0.9178020358085632,-0.1348228007555008,0.4815869927406311
16,0.5053913593292236,0.34448665380477905,-0.287039577960968,0.9999988079071045,0.5106299519538879,0.3305058479309082,-0.2726815640926361,0.999997615814209,0.5140419602394104,0.3307992219924927,-0.2728970944881439,0.9999967813491821,0.5162719488143921,0.3315540552139282,-0.27283981442451477,0.999997615814209,0.5021670460700989,0.33050960302352905,-0.27239933609962463,0.9999983906745911,0.49968257546424866,0.3308793008327484,-0.27258554100990295,0.9999982714653015,0.4971528947353363,0.3314644992351532,-0.2726041078567505,0.9999982714653015,0.5218766331672668,0.3393799662590027,-0.1846226304769516,0.9999975562095642,0.49469879269599915,0.338225781917572,-0.18172425031661987,0.9999926090240479,0.5116134881973267,0.359118789434433,-0.2521534562110901,0.9999953508377075,0.5001831650733948,0.35867491364479065,-0.2526894211769104,0.9999945759773254,0.5393401980400085,0.4109528660774231,-0.14688058197498322,0.9999902844429016,0.4799509644508362,0.4131374955177307,-0.12305983901023865,0.9999796152114868,0.587002158164978,0.42172497510910034,-0.2901172637939453,0.9952301383018494,0.4300908148288727,0.4461723864078522,-0.2697892189025879,0.9905805587768555,0.5422754883766174,0.4249563217163086,-0.44826915860176086,0.9878028631210327,0.4751817286014557,0.430659681558609,-0.43884384632110596,0.9898874759674072,0.530202329158783,0.42385783791542053,-0.4889369606971741,0.9666551351547241,0.48520389199256897,0.4202234447002411,-0.48052501678466797,0.971541166305542,0.527114748954773,0.4198067784309387,-0.47898754477500916,0.9617136716842651,0.48871737718582153,0.41804301738739014,-0.46802428364753723,0.9639051556587219,0.5301485657691956,0.42396384477615356,-0.44752633571624756,0.9309408068656921,0.4872680902481079,0.4246843457221985,-0.43873468041419983,0.9337959289550781,0.5313711762428284,0.5801218152046204,-0.012694437056779861,0.9998764395713806,0.4958229660987854,0.5849474668502808,0.01247673761099577,0.9998849630355835,0.5335717797279358,0.7228586673736572,-0.07549434155225754,0.3492282032966614,0.4993269741535187,0.7243773937225342,-0.06384031474590302,0.24236775934696198,0.5151534080505371,0.8676906228065491,-0.020552726462483406,0.41599273681640625,0.5197264552116394,0.8880001306533813,-0.022540632635354996,0.4857258200645447,0.5104597806930542,0.8889093995094299,-0.023101963102817535,0.2923122048377991,0.5276119112968445,0.9072834849357605,-0.024812595918774605,0.31859374046325684,0.5122768878936768,0.9163084030151367,-0.13366571068763733,0.5186980366706848,0.51151043176651,0.9186068177223206,-0.13263371586799622,0.51712566614151
17,0.5056349039077759,0.3431277275085449,-0.26072752475738525,0.9999987483024597,0.5106597542762756,0.3291449248790741,-0.24626222252845764,0.9999975562095642,0.5140710473060608,0.32940661907196045,-0.24646013975143433,0.9999967217445374,0.5163275599479675,0.3301386833190918,-0.24640899896621704,0.9999975562095642,0.5022589564323425,0.32924890518188477,-0.24553172290325165,0.9999983310699463,0.49972784519195557,0.32969239354133606,-0.24570868909358978,0.9999982118606567,0.4972291886806488,0.3303254544734955,-0.2457142174243927,0.9999982118606567,0.521908700466156,0.33765268325805664,-0.16036102175712585,0.9999974966049194,0.4947076141834259,0.33722972869873047,-0.1555156409740448,0.9999924898147583,0.5119072794914246,0.3577382266521454,-0.2267269343137741,0.9999952912330627,0.5003758072853088,0.35722801089286804,-0.22675074636936188,0.9999944567680359,0.5393375158309937,0.408416211605072,-0.1274443417787552,0.9999902844429016,0.48018911480903625,0.4108944535255432,-0.09807480126619339,0.9999791383743286,0.5871912240982056,0.4207368493080139,-0.260825514793396,0.9953179955482483,0.430139422416687,0.4451996684074402,-0.2352810502052307,0.9904704093933105,0.5423648357391357,0.4231116473674774,-0.40861237049102783,0.9885513186454773,0.47545307874679565,0.42996546626091003,-0.4037869870662689,0.9906250834465027,0.5303114652633667,0.4208306670188904,-0.44700855016708374,0.9688059687614441,0.4852563440799713,0.4188119173049927,-0.44395583868026733,0.973761260509491,0.5271295309066772,0.41720858216285706,-0.4375254213809967,0.9641982913017273,0.48886528611183167,0.4172511398792267,-0.43233901262283325,0.9667466878890991,0.5301474332809448,0.42217060923576355,-0.407584547996521,0.9354749321937561,0.48749276995658875,0.42431265115737915,-0.4039798974990845,0.9390828609466553,0.5314480066299438,0.5792756676673889,-0.014137323945760727,0.9998791813850403,0.49579939246177673,0.5838879346847534,0.013930951245129108,0.9998874068260193,0.5333796143531799,0.7227363586425781,-0.0777740404009819,0.38533562421798706,0.4988808333873749,0.7240040898323059,-0.06579680740833282,0.2818891406059265,0.5141586065292358,0.8676366209983826,-0.0232344139367342,0.45922210812568665,0.5201882123947144,0.8880738615989685,-0.03390121087431908,0.5259668231010437,0.5095106363296509,0.885102391242981,-0.025616927072405815,0.3265208303928375,0.5286980867385864,0.9077317118644714,-0.03672134876251221,0.35728588700294495,0.5091564059257507,0.9158949255943298,-0.13361020386219025,0.55501788854599,0.5115765929222107,0.9194991588592529,-0.14208708703517914,0.5544949173927307
18,0.505600094795227,0.3418700695037842,-0.2608736753463745,0.9999986886978149,0.510485053062439,0.3280712962150574,-0.2466391921043396,0.9999974966049194,0.5139346718788147,0.32838740944862366,-0.2468375414609909,0.9999967217445374,0.5162878632545471,0.32924383878707886,-0.246788889169693,0.9999975562095642,0.5021935701370239,0.3285180628299713,-0.2452215552330017,0.9999982714653015,0.49968692660331726,0.3291032612323761,-0.24539723992347717,0.999998152256012,0.4972163140773773,0.3297133147716522,-0.24540172517299652,0.999998152256012,0.5218976736068726,0.336734801530838,-0.16228970885276794,0.9999974966049194,0.4947117865085602,0.3363063633441925,-0.15422382950782776,0.9999921917915344,0.5119034051895142,0.3572612702846527,-0.22754935920238495,0.9999951720237732,0.5003426671028137,0.3565729260444641,-0.22667111456394196,0.9999942779541016,0.5393610000610352,0.4072110056877136,-0.131672203540802,0.9999902844429016,0.48046523332595825,0.41058704257011414,-0.0973636731505394,0.9999781847000122,0.5876510143280029,0.4200165271759033,-0.2686139941215515,0.9953732490539551,0.43015605211257935,0.4435652494430542,-0.23710986971855164,0.9901034832000732,0.54295814037323,0.4222625494003296,-0.41603291034698486,0.989103376865387,0.47572532296180725,0.42989176511764526,-0.40565288066864014,0.9910345673561096,0.530762255191803,0.4178556799888611,-0.4548627734184265,0.9704144597053528,0.48526865243911743,0.4182518422603607,-0.44569262862205505,0.9751704931259155,0.5273476243019104,0.41455820202827454,-0.44503703713417053,0.9660595059394836,0.4889637529850006,0.4166761040687561,-0.4339006543159485,0.9685860276222229,0.5302606225013733,0.4204257130622864,-0.41491127014160156,0.9389359951019287,0.4876782298088074,0.4242379367351532,-0.4059298634529114,0.9426939487457275,0.5314016938209534,0.5780836939811707,-0.01654558815062046,0.9998831748962402,0.49565455317497253,0.5825324654579163,0.01634066365659237,0.9998904466629028,0.5332669019699097,0.7179058790206909,-0.08978171646595001,0.4225046634674072,0.4982757866382599,0.7226755023002625,-0.06562324613332748,0.3167210519313812,0.5145048499107361,0.8633403182029724,-0.04118543863296509,0.49942806363105774,0.5203225016593933,0.887789785861969,-0.031709909439086914,0.5621381402015686,0.5106417536735535,0.8807485103607178,-0.043938834220170975,0.35893574357032776,0.5292895436286926,0.9075776934623718,-0.03434018790721893,0.39269766211509705,0.5109453797340393,0.9091815948486328,-0.15139126777648926,0.5885627865791321,0.5110788941383362,0.9196982383728027,-0.13889092206954956,0.5881490111351013
19,0.5054685473442078,0.34061065316200256,-0.2667282521724701,0.9999986886978149,0.5102387070655823,0.3270520269870758,-0.252453088760376,0.9999974966049194,0.513760507106781,0.3273419737815857,-0.2526431679725647,0.9999967217445374,0.5162308216094971,0.3282467722892761,-0.2525992691516876,0.9999975562095642,0.5020207166671753,0.32788971066474915,-0.2519257068634033,0.9999982714653015,0.499582439661026,0.32854971289634705,-0.2521018385887146,0.999998152256012,0.4971044361591339,0.3291577398777008,-0.2521026134490967,0.9999980926513672,0.5218666791915894,0.33567893505096436,-0.16700097918510437,0.9999974966049194,0.49469995498657227,0.33521825075149536,-0.1624293178319931,0.9999920725822449,0.5118683576583862,0.3565621078014374,-0.2329678237438202,0.9999950528144836,0.5002598166465759,0.3553513288497925,-0.23316189646720886,0.999994158744812,0.539409875869751,0.4054960608482361,-0.1323854625225067,0.9999902844429016,0.48061105608940125,0.408092200756073,-0.10581781715154648,0.9999778866767883,0.5880431532859802,0.4190951883792877,-0.2748391330242157,0.9954293370246887,0.4304092228412628,0.4431983530521393,-0.24641279876232147,0.9898965358734131,0.5434411764144897,0.421417236328125,-0.4265540540218353,0.9896172285079956,0.47611162066459656,0.42934849858283997,-0.4169922471046448,0.9915582537651062,0.5310066938400269,0.41646870970726013,-0.46595901250839233,0.9719604253768921,0.48545214533805847,0.41706007719039917,-0.4578622579574585,0.9768113493919373,0.5274501442909241,0.4127621054649353,-0.45638757944107056,0.9678628444671631,0.489339679479599,0.4152379631996155,-0.4458397626876831,0.9707047343254089,0.5303846597671509,0.41881152987480164,-0.42563048005104065,0.9422494769096375,0.4881197512149811,0.42306095361709595,-0.41717004776000977,0.9466748237609863,0.5313921570777893,0.5760754346847534,-0.017919233068823814,0.9998849034309387,0.49539127945899963,0.5804460644721985,0.017718395218253136,0.9998920559883118,0.5323049426078796,0.7154895067214966,-0.08586238324642181,0.4484117925167084,0.497996985912323,0.7211472392082214,-0.06311306357383728,0.3436792194843292,0.5141709446907043,0.8598170876502991,-0.03433949127793312,0.5318744778633118,0.5203812122344971,0.8853513598442078,-0.029492057859897614,0.5929561257362366,0.5111455321311951,0.877832293510437,-0.0368536151945591,0.38245341181755066,0.5295194983482361,0.9068528413772583,-0.03191520646214485,0.42227938771247864,0.5116844773292542,0.9082927107810974,-0.14355523884296417,0.6166129112243652,0.5111263990402222,0.9199398756027222,-0.13726787269115448,0.6174697279930115
20,0.5054687261581421,0.3396025598049164,-0.2599097192287445,0.9999986290931702,0.5101989507675171,0.3262621760368347,-0.24560216069221497,0.9999974370002747,0.5137510895729065,0.32657405734062195,-0.24579636752605438,0.9999966025352478,0.5162314772605896,0.32741421461105347,-0.24574340879917145,0.9999974966049194,0.5020002722740173,0.32726576924324036,-0.24430032074451447,0.9999982118606567,0.4995694160461426,0.32796844840049744,-0.2444767951965332,0.9999980926513672,0.49710530042648315,0.3285681903362274,-0.24448162317276,0.9999980330467224,0.521862268447876,0.334553986787796,-0.16084720194339752,0.9999974370002747,0.49469953775405884,0.3343668580055237,-0.15330448746681213,0.9999918341636658,0.5119065046310425,0.3555419147014618,-0.22641395032405853,0.9999948740005493,0.5002560019493103,0.3540884554386139,-0.2257029265165329,0.9999939203262329,0.5394725203514099,0.40415552258491516,-0.12940272688865662,0.9999901652336121,0.4807833135128021,0.4064214825630188,-0.0962270200252533,0.9999774694442749,0.5882408022880554,0.41805410385131836,-0.26642540097236633,0.9953873753547668,0.43049031496047974,0.44251346588134766,-0.23509690165519714,0.9895752668380737,0.5435532927513123,0.42041298747062683,-0.4144669771194458,0.9899551272392273,0.4763127267360687,0.4276646375656128,-0.4079855680465698,0.9920580387115479,0.5311661958694458,0.41628536581993103,-0.4528938829898834,0.9730611443519592,0.48564156889915466,0.4152737557888031,-0.4491279721260071,0.9783610105514526,0.527501106262207,0.4120423495769501,-0.44352084398269653,0.9691463708877563,0.48962095379829407,0.41353362798690796,-0.4375859498977661,0.972698450088501,0.5304082036018372,0.41762208938598633,-0.4134095013141632,0.9446676969528198,0.4883973300457001,0.4212954640388489,-0.40843603014945984,0.9503747224807739,0.5314430594444275,0.5756089091300964,-0.018039854243397713,0.999886155128479,0.4953310191631317,0.5798344016075134,0.017838740721344948,0.9998934864997864,0.531971275806427,0.7154317498207092,-0.0785708799958229,0.4645353853702545,0.4973173141479492,0.7194857597351074,-0.0700078085064888,0.3664865493774414,0.5134207606315613,0.8596509099006653,-0.026180904358625412,0.556801438331604,0.5206621289253235,0.8852828741073608,-0.0465594083070755,0.6195214986801147,0.5109094381332397,0.8767488598823547,-0.028699925169348717,0.3983876407146454,0.5299921035766602,0.906893253326416,-0.05003475397825241,0.44717878103256226,0.5119286179542542,0.905867338180542,-0.13398511707782745,0.6384412050247192,0.5111715197563171,0.9203423261642456,-0.15461234748363495,0.6428441405296326
21,0.5054222941398621,0.3384699523448944,-0.2536153495311737,0.9999986290931702,0.5100797414779663,0.32513806223869324,-0.23934760689735413,0.9999974966049194,0.5136873722076416,0.32537969946861267,-0.23954109847545624,0.9999966621398926,0.5162183046340942,0.3261745274066925,-0.239485964179039,0.9999974966049194,0.5018991827964783,0.3263466954231262,-0.2379862368106842,0.9999982118606567,0.49952203035354614,0.3270464241504669,-0.2381611466407776,0.9999980926513672,0.49706414341926575,0.3276587724685669,-0.23816365003585815,0.9999980926513672,0.5218467116355896,0.3330613672733307,-0.15464194118976593,0.9999974966049194,0.4946829676628113,0.33314648270606995,-0.14694851636886597,0.9999919533729553,0.5119024515151978,0.35434961318969727,-0.2200596034526825,0.9999949336051941,0.5002267360687256,0.3529007136821747,-0.2192918360233307,0.9999939203262329,0.5395059585571289,0.4024013578891754,-0.12330244481563568,0.9999902248382568,0.480824738740921,0.4050631821155548,-0.0896914005279541,0.9999774098396301,0.5885055065155029,0.41660401225090027,-0.255309134721756,0.99542635679245,0.4304928183555603,0.441631019115448,-0.2241506725549698,0.9895569682121277,0.5436243414878845,0.42017093300819397,-0.3997768759727478,0.9904289245605469,0.4767318069934845,0.4260796308517456,-0.3951054811477661,0.992610514163971,0.5311883687973022,0.4161601960659027,-0.4374889135360718,0.9744210243225098,0.485713392496109,0.41297784447669983,-0.4357217252254486,0.9799761772155762,0.5275058746337891,0.4117361605167389,-0.4281318485736847,0.9707270264625549,0.48987042903900146,0.4118850529193878,-0.4245646297931671,0.9747695326805115,0.5304057598114014,0.4176066517829895,-0.3985961675643921,0.9476011991500854,0.4887460768222809,0.420158326625824,-0.39561140537261963,0.9541833996772766,0.5314742922782898,0.574464738368988,-0.01798710599541664,0.9998866319656372,0.4951123297214508,0.5781310200691223,0.017786430194973946,0.9998940825462341,0.5319055318832397,0.7154890894889832,-0.07700074464082718,0.483135849237442,0.4969150125980377,0.7183486819267273,-0.06901607662439346,0.3901001513004303,0.5127331018447876,0.8593417406082153,-0.02736559510231018,0.581398606300354,0.5207360982894897,0.8852462768554688,-0.043950218707323074,0.6431645154953003,0.5098347067832947,0.8768032789230347,-0.02969701960682869,0.4150198698043823,0.529924213886261,0.9068304896354675,-0.04728215932846069,0.4686488211154938,0.510863184928894,0.9054852724075317,-0.13559097051620483,0.6601354479789734,0.5113887190818787,0.9203765392303467,-0.15187963843345642,0.6658087968826294
22,0.5054345726966858,0.33664605021476746,-0.2749466300010681,0.9999983906745911,0.5100750923156738,0.3232173025608063,-0.25939619541168213,0.999997079372406,0.5136841535568237,0.3234730660915375,-0.2595946490764618,0.9999960660934448,0.5162176489830017,0.3242386281490326,-0.2595389485359192,0.999997079372406,0.5019078850746155,0.3246319591999054,-0.25857970118522644,0.9999979138374329,0.4995245933532715,0.3253746032714844,-0.25876811146736145,0.9999977946281433,0.49708807468414307,0.32599928975105286,-0.25878527760505676,0.9999977946281433,0.521839439868927,0.3311799466609955,-0.1660650372505188,0.999997079372406,0.4947006106376648,0.33133384585380554,-0.16058923304080963,0.9999907612800598,0.5119688510894775,0.3521261513233185,-0.23856371641159058,0.9999943375587463,0.5002530217170715,0.3507125973701477,-0.23840998113155365,0.9999932646751404,0.5395714640617371,0.40170228481292725,-0.12684406340122223,0.9999898076057434,0.48100873827934265,0.40406399965286255,-0.09693662077188492,0.9999771118164062,0.5885526537895203,0.4161330461502075,-0.2615664303302765,0.9952012896537781,0.4305165708065033,0.4402022361755371,-0.23097440600395203,0.989629328250885,0.5436141490936279,0.41997474431991577,-0.41697004437446594,0.9903347492218018,0.4768974184989929,0.42471712827682495,-0.41498667001724243,0.9930475950241089,0.5312007665634155,0.4162513017654419,-0.4584297835826874,0.9743719696998596,0.4859016537666321,0.41197362542152405,-0.4583650827407837,0.9812234044075012,0.5275092720985413,0.411327600479126,-0.4491097331047058,0.9706808924674988,0.49000707268714905,0.41005972027778625,-0.4472237825393677,0.9763626456260681,0.530410885810852,0.41736382246017456,-0.41621455550193787,0.9476889371871948,0.48879748582839966,0.4183180630207062,-0.4156056344509125,0.9570587277412415,0.5316759347915649,0.5709066987037659,-0.016970396041870117,0.99988853931427,0.4949108958244324,0.5745826363563538,0.016767295077443123,0.9998968243598938,0.5323300361633301,0.7086607813835144,-0.09378626197576523,0.5049383640289307,0.4966481924057007,0.7143905758857727,-0.077585868537426,0.4170098304748535,0.5130662322044373,0.8508809208869934,-0.026382850483059883,0.6027816534042358,0.520618736743927,0.8831422924995422,-0.04017268493771553,0.6673663854598999,0.5100871324539185,0.8664255142211914,-0.027276290580630302,0.4289593994617462,0.5297673344612122,0.9057109355926514,-0.04276151582598686,0.48835447430610657,0.5111954212188721,0.9013535380363464,-0.13500133156776428,0.6780268549919128,0.5115047693252563,0.9208660125732422,-0.15057149529457092,0.6872842907905579
23,0.5051788091659546,0.336276113986969,-0.26106563210487366,0.9999980330467224,0.5098303556442261,0.3226281702518463,-0.24630174040794373,0.9999964833259583,0.5135272741317749,0.32281816005706787,-0.24649383127689362,0.9999952912330627,0.5161605477333069,0.3235448896884918,-0.24644532799720764,0.999996542930603,0.5015862584114075,0.32406240701675415,-0.2442970722913742,0.9999974966049194,0.4993210732936859,0.3246246576309204,-0.24447883665561676,0.9999973177909851,0.4967088997364044,0.32543686032295227,-0.2444947361946106,0.9999973773956299,0.5215241312980652,0.330575168132782,-0.15909893810749054,0.999996542930603,0.4946707487106323,0.3306654393672943,-0.14867237210273743,0.9999889731407166,0.5117300152778625,0.3511890172958374,-0.22682921588420868,0.9999937415122986,0.5001524686813354,0.35034412145614624,-0.22525198757648468,0.9999925494194031,0.5395907163619995,0.40166544914245605,-0.12547165155410767,0.9999896287918091,0.48100313544273376,0.4040106534957886,-0.08969376981258392,0.9999770522117615,0.5886802077293396,0.41503041982650757,-0.25977271795272827,0.9951838850975037,0.4305391013622284,0.4397624731063843,-0.2252473533153534,0.9895709753036499,0.5428701043128967,0.4191383719444275,-0.41168534755706787,0.9904159903526306,0.47700682282447815,0.4244016706943512,-0.40315911173820496,0.9933702945709229,0.5308524966239929,0.4152745306491852,-0.45171022415161133,0.9746324419975281,0.4859411120414734,0.4120648205280304,-0.44513052701950073,0.9822034239768982,0.5273316502571106,0.4102773666381836,-0.44153159856796265,0.9709711074829102,0.4900055229663849,0.41069716215133667,-0.43414464592933655,0.9776367545127869,0.530346155166626,0.4166223704814911,-0.4103265106678009,0.9483586549758911,0.4887891709804535,0.4187087118625641,-0.40391719341278076,0.9593941569328308,0.5317028760910034,0.5709353089332581,-0.016756854951381683,0.9998918771743774,0.4947352409362793,0.5743367671966553,0.016561372205615044,0.9999006986618042,0.5324474573135376,0.7074626088142395,-0.10174476355314255,0.5371412634849548,0.49652808904647827,0.7129834294319153,-0.07790530472993851,0.4552769958972931,0.5131698846817017,0.84071946144104,-0.010511484928429127,0.6238335371017456,0.5199522972106934,0.8810956478118896,-0.03954304754734039,0.6927831768989563,0.5103344321250916,0.8605258464813232,-0.007777499500662088,0.44339993596076965,0.5285967588424683,0.9043715596199036,-0.040931131690740585,0.5113733410835266,0.5113372206687927,0.8977914452552795,-0.10830472409725189,0.6947451233863831,0.5115424990653992,0.9208521842956543,-0.1504409909248352,0.7095184922218323
24,0.5049577951431274,0.3356188237667084,-0.24970102310180664,0.9999980330467224,0.509625256061554,0.3219440281391144,-0.2339818924665451,0.9999964833259583,0.5133693814277649,0.322170227766037,-0.23415017127990723,0.9999952912330627,0.5160998702049255,0.3229256868362427,-0.23410382866859436,0.999996542930603,0.5012829899787903,0.32331588864326477,-0.23228223621845245,0.9999974966049194,0.4990871846675873,0.32379281520843506,-0.23245607316493988,0.9999973773956299,0.4963285028934479,0.3248010277748108,-0.23246312141418457,0.9999974370002747,0.5211695432662964,0.3300299048423767,-0.14459949731826782,0.999996542930603,0.4945659637451172,0.3300929367542267,-0.13502351939678192,0.9999890923500061,0.5114958882331848,0.35028326511383057,-0.21474571526050568,0.9999938607215881,0.49997785687446594,0.3496741056442261,-0.2134665548801422,0.9999927282333374,0.5395990610122681,0.4014018774032593,-0.11151038855314255,0.9999895095825195,0.4809607267379761,0.4040943682193756,-0.08093392103910446,0.9999777674674988,0.5887929201126099,0.4140576720237732,-0.2460499107837677,0.9952889084815979,0.4305834174156189,0.4391576945781708,-0.21874764561653137,0.990061342716217,0.5422685146331787,0.41862595081329346,-0.40044790506362915,0.9905136227607727,0.47711843252182007,0.42418861389160156,-0.3947116434574127,0.9937994480133057,0.5303433537483215,0.41457074880599976,-0.44083264470100403,0.9746922850608826,0.4859444200992584,0.4124968647956848,-0.4361620247364044,0.9833536148071289,0.5269673466682434,0.40936267375946045,-0.4305001497268677,0.9710421562194824,0.4899798631668091,0.41126564145088196,-0.4247891306877136,0.9791121482849121,0.5301576256752014,0.4162276089191437,-0.39923903346061707,0.9489529728889465,0.4887760877609253,0.41910305619239807,-0.3951837122440338,0.9620765447616577,0.5317267775535583,0.5702378153800964,-0.016489557921886444,0.9998959302902222,0.4946043789386749,0.5737196207046509,0.016277389600872993,0.999904990196228,0.5325348377227783,0.7027949094772339,-0.16766804456710815,0.5746767520904541,0.49658438563346863,0.7121803164482117,-0.07495047897100449,0.4886118173599243,0.5133921504020691,0.8430836200714111,-0.09851741045713425,0.6476653814315796,0.5194777846336365,0.8790013790130615,-0.02280266024172306,0.7142356634140015,0.5102978348731995,0.8624335527420044,-0.09849797189235687,0.4661170542240143,0.5269285440444946,0.9021742939949036,-0.023561296984553337,0.5291987657546997,0.5113722085952759,0.897698163986206,-0.21490266919136047,0.7153778076171875,0.5130698084831238,0.921118974685669,-0.14155669510364532,0.7285548448562622
25,0.5046843886375427,0.3349609971046448,-0.22243629395961761,0.9999980330467224,0.5093955993652344,0.32086873054504395,-0.20638613402843475,0.9999964833259583,0.5130320191383362,0.3210403025150299,-0.20654650032520294,0.9999953508377075,0.5159905552864075,0.321869432926178,-0.2065080851316452,0.999996542930603,0.5010618567466736,0.32219022512435913,-0.20391669869422913,0.9999974966049194,0.4988977313041687,0.3225397765636444,-0.2040889859199524,0.9999973773956299,0.4960010349750519,0.32350677251815796,-0.20408953726291656,0.9999974370002747,0.5208819508552551,0.3288080394268036,-0.11981181055307388,0.999996542930603,0.4945131540298462,0.3284374475479126,-0.10664378106594086,0.9999889731407166,0.5112388134002686,0.34966039657592773,-0.18890008330345154,0.9999939799308777,0.499859482049942,0.3489286005496979,-0.18661436438560486,0.999992847442627,0.539693295955658,0.40027931332588196,-0.09369225800037384,0.9999895691871643,0.4810609221458435,0.40258002281188965,-0.057918865233659744,0.9999783039093018,0.5889335870742798,0.41342154145240784,-0.23358246684074402,0.9954032301902771,0.43073925375938416,0.4383385479450226,-0.20033833384513855,0.9902721047401428,0.5422725081443787,0.416206955909729,-0.3917188346385956,0.9907850027084351,0.47718745470046997,0.42444539070129395,-0.3774541914463043,0.9940324425697327,0.5303488373756409,0.4084145128726959,-0.4326094090938568,0.9752952456474304,0.48596352338790894,0.4126545786857605,-0.4181302785873413,0.9840465784072876,0.5269728302955627,0.40438753366470337,-0.42215442657470703,0.9717356562614441,0.4899836480617523,0.411575585603714,-0.40665584802627563,0.9800257682800293,0.5301645994186401,0.4120440185070038,-0.3906806707382202,0.9504189491271973,0.48878008127212524,0.4194052815437317,-0.37803155183792114,0.9637912511825562,0.53181391954422,0.5690871477127075,-0.01688837632536888,0.9998999834060669,0.4946039915084839,0.5734000205993652,0.01665426976978779,0.9999085068702698,0.5328469276428223,0.6977630853652954,-0.20104850828647614,0.6105799674987793,0.49708789587020874,0.7163566946983337,-0.07064385712146759,0.5175636410713196,0.5149389505386353,0.8346312642097473,-0.14535681903362274,0.6686990857124329,0.5192795395851135,0.8790451884269714,-0.023600777611136436,0.7332159876823425,0.51119464635849,0.8634965419769287,-0.14653617143630981,0.4864102602005005,0.5268110036849976,0.9021950960159302,-0.024952957406640053,0.5456703305244446,0.5114523768424988,0.8970352411270142,-0.2602995038032532,0.7336834073066711,0.512631356716156,0.9212084412574768,-0.14060887694358826,0.7451707124710083
26,0.5046570897102356,0.3331039845943451,-0.18526777625083923,0.9999980926513672,0.5093420743942261,0.31947633624076843,-0.16730332374572754,0.999996542930603,0.512900710105896,0.31980887055397034,-0.1674489825963974,0.9999954700469971,0.5159721970558167,0.32077303528785706,-0.16740883886814117,0.9999966025352478,0.501013994216919,0.32059046626091003,-0.165111243724823,0.9999975562095642,0.49884718656539917,0.3210006654262543,-0.16527120769023895,0.9999974370002747,0.4958566427230835,0.32199183106422424,-0.16526569426059723,0.9999975562095642,0.5208479762077332,0.3278757631778717,-0.07780133932828903,0.9999966025352478,0.4944489896297455,0.3271667957305908,-0.06580238044261932,0.9999892115592957,0.5112158060073853,0.3483148515224457,-0.1511419415473938,0.9999942183494568,0.49982088804244995,0.3476404547691345,-0.14921900629997253,0.9999931454658508,0.5398017168045044,0.3989658057689667,-0.056370995938777924,0.9999896883964539,0.48109331727027893,0.4022793471813202,-0.021236013621091843,0.9999791383743286,0.5891348719596863,0.4124384820461273,-0.19348254799842834,0.9952636957168579,0.4308449923992157,0.4378305971622467,-0.16367191076278687,0.9904573559761047,0.5426580309867859,0.415421724319458,-0.35654789209365845,0.990709125995636,0.47752752900123596,0.42415696382522583,-0.34598320722579956,0.9943044185638428,0.530372679233551,0.40553125739097595,-0.39862003922462463,0.9751614928245544,0.48599404096603394,0.4108293354511261,-0.387574702501297,0.9848548173904419,0.5269848108291626,0.4023191034793854,-0.38851267099380493,0.9716600179672241,0.49002209305763245,0.4097452163696289,-0.3760257065296173,0.981089174747467,0.5301738977432251,0.41058802604675293,-0.3559737205505371,0.9506542682647705,0.48886412382125854,0.4185652434825897,-0.34670060873031616,0.9656645655632019,0.5318138599395752,0.5682225227355957,-0.01765628531575203,0.9999029040336609,0.4946039021015167,0.5729016661643982,0.017398212105035782,0.9999114274978638,0.5329458713531494,0.6894538402557373,-0.23718701303005219,0.6436589956283569,0.49776455760002136,0.7179464101791382,-0.05316679924726486,0.5370132327079773,0.5166081190109253,0.8234657645225525,-0.182705819606781,0.6816908121109009,0.5191653966903687,0.878771185874939,-0.00799043383449316,0.7458099126815796,0.5120629668235779,0.8533735275268555,-0.18323774635791779,0.5013019442558289,0.5264452695846558,0.9017046093940735,-0.009312567301094532,0.5534776449203491,0.509058952331543,0.8890456557273865,-0.2981559932231903,0.7478340864181519,0.5127408504486084,0.9211973547935486,-0.12416943162679672,0.7564851641654968
27,0.5046484470367432,0.3322092890739441,-0.18820752203464508,0.999998152256012,0.5093364119529724,0.318523108959198,-0.1709229052066803,0.9999966025352478,0.5128847360610962,0.31883907318115234,-0.17106899619102478,0.9999955892562866,0.5159732103347778,0.3197679817676544,-0.17103146016597748,0.9999966621398926,0.501015305519104,0.3197203576564789,-0.16810914874076843,0.999997615814209,0.4988526403903961,0.32012391090393066,-0.16826099157333374,0.9999974966049194,0.4958624839782715,0.32106098532676697,-0.16825272142887115,0.999997615814209,0.5208481550216675,0.3269067704677582,-0.0826801061630249,0.9999966621398926,0.49446624517440796,0.3263406455516815,-0.06789557635784149,0.9999893307685852,0.5112122893333435,0.34729239344596863,-0.15430857241153717,0.9999944567680359,0.4998244345188141,0.3466982841491699,-0.15161824226379395,0.9999934434890747,0.5398756265640259,0.3984822630882263,-0.0613066703081131,0.9999899864196777,0.4811057150363922,0.40161287784576416,-0.0185922309756279,0.9999801516532898,0.5891845226287842,0.41087108850479126,-0.19376273453235626,0.9951531291007996,0.43111610412597656,0.4370897114276886,-0.15494738519191742,0.9905290007591248,0.5425723791122437,0.414627343416214,-0.3540275990962982,0.9905409216880798,0.4778231978416443,0.4235296845436096,-0.33692723512649536,0.994459867477417,0.5302852392196655,0.40559324622154236,-0.3963105082511902,0.9746818542480469,0.48617449402809143,0.409958153963089,-0.37858089804649353,0.9853715896606445,0.5269735455513,0.4021548926830292,-0.3863946497440338,0.9711858034133911,0.49016618728637695,0.4088546335697174,-0.3677407205104828,0.981806218624115,0.5301721096038818,0.4101298749446869,-0.3533335328102112,0.950136661529541,0.489000141620636,0.4176531136035919,-0.33795294165611267,0.9668934345245361,0.5317002534866333,0.5667719841003418,-0.018906401470303535,0.9999061226844788,0.49460509419441223,0.5709081292152405,0.018640795722603798,0.999914824962616,0.532921552658081,0.6848810911178589,-0.23758888244628906,0.6718773245811462,0.4977976977825165,0.7186349034309387,-0.04660237580537796,0.5535892248153687,0.5182794332504272,0.8199257850646973,-0.15457993745803833,0.6802489757537842,0.5186922550201416,0.8787866234779358,0.003876165486872196,0.755146861076355,0.5155694484710693,0.8388031125068665,-0.15187278389930725,0.5020279288291931,0.5255168676376343,0.901491105556488,0.003242040518671274,0.5568373799324036,0.5094913840293884,0.8760086894035339,-0.2583245635032654,0.751044511795044,0.5127407312393188,0.9211808443069458,-0.108943872153759,0.7638146281242371
28,0.504647970199585,0.33180639147758484,-0.20553874969482422,0.9999980926513672,0.5093531012535095,0.317994624376297,-0.18889054656028748,0.9999964237213135,0.5129027962684631,0.3183245360851288,-0.18905122578144073,0.9999954104423523,0.5160093903541565,0.31922483444213867,-0.18900993466377258,0.9999964833259583,0.5010148286819458,0.3192273676395416,-0.1863071173429489,0.9999974966049194,0.4988390803337097,0.3196687698364258,-0.18646058440208435,0.9999974370002747,0.49580511450767517,0.32063305377960205,-0.1864660233259201,0.9999975562095642,0.5208414793014526,0.32637426257133484,-0.10150020569562912,0.999996542930603,0.4944363236427307,0.32583531737327576,-0.08795297890901566,0.9999890923500061,0.5112130045890808,0.3467909097671509,-0.17189250886440277,0.9999944567680359,0.4998184144496918,0.34641456604003906,-0.16952593624591827,0.9999934434890747,0.539909303188324,0.3980221152305603,-0.07794611901044846,0.999989926815033,0.4811057448387146,0.40148958563804626,-0.03809171915054321,0.999980628490448,0.5891851782798767,0.4089837372303009,-0.21208472549915314,0.9951257109642029,0.4312819540500641,0.43653616309165955,-0.1760619580745697,0.9904589653015137,0.5421698093414307,0.41134652495384216,-0.36792823672294617,0.9906134605407715,0.478225439786911,0.4225936830043793,-0.35522258281707764,0.9947378635406494,0.5299808382987976,0.40234124660491943,-0.40903979539871216,0.9750905632972717,0.4862194061279297,0.40874776244163513,-0.3970445990562439,0.9862265586853027,0.5267894864082336,0.39955151081085205,-0.39875510334968567,0.9717065095901489,0.4903375506401062,0.4072389602661133,-0.3851242661476135,0.9829044938087463,0.5299322605133057,0.40750041604042053,-0.36693429946899414,0.9512966871261597,0.4892998933792114,0.41627126932144165,-0.3558271825313568,0.9689158797264099,0.531640887260437,0.5662810802459717,-0.018772153183817863,0.9999082684516907,0.4946735203266144,0.5705916285514832,0.01850922964513302,0.9999174475669861,0.5329604744911194,0.6885629296302795,-0.18827171623706818,0.6970807909965515,0.49812695384025574,0.7186635136604309,-0.04872477427124977,0.5783241987228394,0.5190784931182861,0.8167970776557922,-0.09163668751716614,0.691162109375,0.5185682773590088,0.8772334456443787,0.006271639838814735,0.7709915041923523,0.5158555507659912,0.8449950218200684,-0.08391961455345154,0.5112290382385254,0.5251054167747498,0.8978541493415833,0.006384590175002813,0.5717960000038147,0.5089578628540039,0.8808903098106384,-0.18379007279872894,0.7616651654243469,0.5127605199813843,0.9211181402206421,-0.10351072251796722,0.7777517437934875
29,0.5046471357345581,0.3311958909034729,-0.22551017999649048,0.9999980926513672,0.5093597173690796,0.31704577803611755,-0.20871655642986298,0.9999964237213135,0.5129052400588989,0.3172302842140198,-0.2088785320520401,0.9999954700469971,0.5160256028175354,0.3180118501186371,-0.20883314311504364,0.9999964833259583,0.5010156035423279,0.31859704852104187,-0.20564132928848267,0.9999974966049194,0.49883729219436646,0.3190724551677704,-0.20580615103244781,0.9999974966049194,0.49578583240509033,0.3200877904891968,-0.205820694565773,0.9999975562095642,0.5208480358123779,0.32524558901786804,-0.1166747659444809,0.999996542930603,0.49443209171295166,0.32537728548049927,-0.09789492189884186,0.9999892115592957,0.5112127065658569,0.34597715735435486,-0.19016851484775543,0.9999945759773254,0.49981868267059326,0.34578242897987366,-0.18703985214233398,0.9999935626983643,0.540091872215271,0.3975318372249603,-0.08569635450839996,0.9999899864196777,0.48113149404525757,0.4012388288974762,-0.043343815952539444,0.9999810457229614,0.5892069935798645,0.40735679864883423,-0.21704427897930145,0.995080292224884,0.4317224323749542,0.43621188402175903,-0.18662573397159576,0.990559458732605,0.5418087244033813,0.40858888626098633,-0.3777244985103607,0.9904704093933105,0.47857892513275146,0.4200376570224762,-0.36312830448150635,0.9949233531951904,0.5292943716049194,0.4002544581890106,-0.4187793433666229,0.9746780395507812,0.4864693284034729,0.40661776065826416,-0.40473783016204834,0.9867469668388367,0.5265100002288818,0.3976188004016876,-0.4088495969772339,0.9712691903114319,0.4906476140022278,0.40481528639793396,-0.3929828405380249,0.9835875034332275,0.5296963453292847,0.40523001551628113,-0.37694981694221497,0.9508219361305237,0.4896007180213928,0.41375023126602173,-0.36370447278022766,0.9701490998268127,0.5313675403594971,0.565921425819397,-0.018723605200648308,0.9999099373817444,0.494674950838089,0.5695946216583252,0.01846521720290184,0.9999194741249084,0.5315402150154114,0.6901875138282776,-0.17817693948745728,0.7131986021995544,0.4985872805118561,0.7178325057029724,-0.052208106964826584,0.5881897211074829,0.5177195072174072,0.8220078945159912,-0.09392675757408142,0.6949019432067871,0.5185385942459106,0.876425564289093,-0.0017144264420494437,0.7786637544631958,0.5139970183372498,0.8472452759742737,-0.08984287828207016,0.5125003457069397,0.5248661041259766,0.8965077996253967,-0.0023159347474575043,0.5747786164283752,0.5053170919418335,0.8862206935882568,-0.19629524648189545,0.7675141096115112,0.5128129720687866,0.9208003878593445,-0.11289224028587341,0.7851366996765137
30,0.5046519041061401,0.33024734258651733,-0.2053840458393097,0.999998152256012,0.5093777775764465,0.31614288687705994,-0.18833041191101074,0.9999964833259583,0.5129202604293823,0.3163580596446991,-0.18848980963230133,0.9999955296516418,0.5160523056983948,0.3171444535255432,-0.18844768404960632,0.999996542930603,0.5010165572166443,0.3176673948764801,-0.18496295809745789,0.9999975562095642,0.4988374710083008,0.3181377053260803,-0.18511494994163513,0.9999975562095642,0.4957737326622009,0.319198876619339,-0.1851193606853485,0.999997615814209,0.5208513140678406,0.3244183659553528,-0.10039728134870529,0.9999966025352478,0.4944109618663788,0.32467737793922424,-0.08301616460084915,0.9999892711639404,0.5112133622169495,0.3451415002346039,-0.17172464728355408,0.999994695186615,0.4998170733451843,0.34491053223609924,-0.16832001507282257,0.9999936819076538,0.5402700901031494,0.3966776728630066,-0.07719207555055618,0.9999900460243225,0.48116880655288696,0.40120652318000793,-0.0302161555737257,0.9999814033508301,0.5893189311027527,0.405933678150177,-0.20346952974796295,0.9949777722358704,0.4320581257343292,0.43578797578811646,-0.16312620043754578,0.990481436252594,0.5418131351470947,0.40714889764785767,-0.35217636823654175,0.9903748631477356,0.4787313640117645,0.4174449145793915,-0.3438653349876404,0.9950987696647644,0.5292837023735046,0.3994830846786499,-0.39274078607559204,0.9746126532554626,0.48661887645721436,0.404448926448822,-0.3858935534954071,0.9873306155204773,0.5264908075332642,0.39681416749954224,-0.38333380222320557,0.9713016748428345,0.4908331334590912,0.40249398350715637,-0.3752780556678772,0.9843721389770508,0.5296962261199951,0.40418097376823425,-0.35133013129234314,0.9511784911155701,0.48973315954208374,0.4114137589931488,-0.3450798988342285,0.9715846180915833,0.5312312841415405,0.5660402178764343,-0.02019333466887474,0.9999115467071533,0.4946832060813904,0.5695849657058716,0.01994883269071579,0.9999212026596069,0.5237468481063843,0.6915566921234131,-0.1918494701385498,0.7321323752403259,0.4985984265804291,0.7177634239196777,-0.04807959496974945,0.6012075543403625,0.5167641043663025,0.8246458172798157,-0.10947704315185547,0.70114666223526,0.5184230804443359,0.8757080435752869,0.0017356319585815072,0.7874436974525452,0.5126844644546509,0.8487192392349243,-0.10672488063573837,0.5189578533172607,0.5245723724365234,0.8955321311950684,0.0011268595699220896,0.5820380449295044,0.5027623772621155,0.8869273066520691,-0.21343037486076355,0.775284469127655,0.5128399729728699,0.9204481840133667,-0.10931343585252762,0.7938119173049927
31,0.5046658515930176,0.32940036058425903,-0.14518891274929047,0.999998152256012,0.5093881487846375,0.3153330683708191,-0.12739507853984833,0.9999964237213135,0.5129268169403076,0.3154660761356354,-0.12753921747207642,0.9999955296516418,0.5160661339759827,0.3162364363670349,-0.12749861180782318,0.999996542930603,0.5010197162628174,0.3169988989830017,-0.12387914955615997,0.9999974966049194,0.49883756041526794,0.3175030052661896,-0.12402787804603577,0.9999975562095642,0.4957646429538727,0.31865641474723816,-0.12403091788291931,0.999997615814209,0.5208507776260376,0.3234439790248871,-0.04354242607951164,0.999996542930603,0.49438974261283875,0.32409608364105225,-0.02573198266327381,0.9999891519546509,0.5112220644950867,0.3442516326904297,-0.11360343545675278,0.9999947547912598,0.49982935190200806,0.3443061113357544,-0.11004146188497543,0.9999937415122986,0.5409237742424011,0.3950750231742859,-0.03147699683904648,0.9999899864196777,0.4811924993991852,0.400727242231369,0.014975931495428085,0.9999814629554749,0.589519202709198,0.4045361578464508,-0.15788687765598297,0.9947877526283264,0.4323844015598297,0.4350649416446686,-0.11709801852703094,0.9904168844223022,0.5416276454925537,0.40531840920448303,-0.302139014005661,0.990196168422699,0.47879526019096375,0.41633522510528564,-0.29440125823020935,0.9951881766319275,0.5285823941230774,0.3974244296550751,-0.34133294224739075,0.9742544293403625,0.48669710755348206,0.4033838212490082,-0.3350667953491211,0.9876599907875061,0.5262202620506287,0.3951115608215332,-0.3309156000614166,0.9709682464599609,0.49099573493003845,0.401473730802536,-0.32402923703193665,0.9848514795303345,0.5294204354286194,0.40235087275505066,-0.3008779287338257,0.9509934186935425,0.48991820216178894,0.410152405500412,-0.29551374912261963,0.9724858403205872,0.5313836932182312,0.5656437873840332,-0.020373163744807243,0.999913215637207,0.4947564899921417,0.5692808032035828,0.020135611295700073,0.9999227523803711,0.5231952667236328,0.6892614364624023,-0.2047104388475418,0.7522118091583252,0.49867159128189087,0.7171322107315063,-0.0486210435628891,0.6171743869781494,0.516141951084137,0.8264065384864807,-0.14328327775001526,0.7094177007675171,0.518425464630127,0.8752217292785645,-1.9182374671800062e-05,0.7938780784606934,0.5116137266159058,0.8496154546737671,-0.14267681539058685,0.5281264781951904,0.5244681239128113,0.8947464823722839,-0.0002361181832384318,0.5866483449935913,0.5011822581291199,0.887761116027832,-0.2503322660923004,0.7830107808113098,0.5128540396690369,0.9198494553565979,-0.11259862780570984,0.7997894883155823
32,0.5047279000282288,0.3289026916027069,-0.18128228187561035,0.9999980330467224,0.5094115734100342,0.3148488700389862,-0.16492678225040436,0.9999961256980896,0.5129520893096924,0.3149358332157135,-0.16508767008781433,0.999995231628418,0.5160923004150391,0.3157133162021637,-0.16504575312137604,0.9999962449073792,0.5010493993759155,0.3165132999420166,-0.1620331108570099,0.9999973177909851,0.49887457489967346,0.3169943690299988,-0.1621885448694229,0.9999973773956299,0.4957883059978485,0.3181745707988739,-0.16219408810138702,0.9999974370002747,0.5208569765090942,0.32272547483444214,-0.08075985312461853,0.9999963045120239,0.4943886697292328,0.32361623644828796,-0.06596847623586655,0.9999884963035583,0.5112625956535339,0.3436778783798218,-0.14914679527282715,0.9999945759773254,0.49990224838256836,0.3437982499599457,-0.14636282622814178,0.9999935030937195,0.5414266586303711,0.3937305808067322,-0.06026512756943703,0.9999898672103882,0.48123496770858765,0.4001384675502777,-0.018790269270539284,0.9999815225601196,0.5896453261375427,0.4035211205482483,-0.18993665277957916,0.9945802688598633,0.43241173028945923,0.43468379974365234,-0.15058936178684235,0.9900746941566467,0.5416048169136047,0.4044581949710846,-0.33787116408348083,0.9902002811431885,0.4787924587726593,0.41640233993530273,-0.32612666487693787,0.9954069256782532,0.5283883810043335,0.3972749412059784,-0.3773449957370758,0.9746439456939697,0.4866998493671417,0.4032282829284668,-0.36685818433761597,0.9883631467819214,0.526172935962677,0.39455646276474,-0.3674966096878052,0.9714995622634888,0.49100515246391296,0.40151265263557434,-0.35646387934684753,0.9857594966888428,0.5293495059013367,0.40143340826034546,-0.33680015802383423,0.952099621295929,0.4899440407752991,0.4100089371204376,-0.32723885774612427,0.9741642475128174,0.5314565896987915,0.5654579997062683,-0.02030179090797901,0.9999122023582458,0.49483564496040344,0.5690675377845764,0.020064061507582664,0.9999220967292786,0.5232969522476196,0.6931542754173279,-0.18347907066345215,0.7592493295669556,0.4993142783641815,0.7168892025947571,-0.052353180944919586,0.6192722320556641,0.5140278935432434,0.8269718289375305,-0.122696653008461,0.7122170329093933,0.5185137987136841,0.8751235604286194,-0.019856920465826988,0.7975990176200867,0.5093551278114319,0.8505295515060425,-0.12193574011325836,0.5306174159049988,0.5245047211647034,0.8944546580314636,-0.021788770332932472,0.5883379578590393,0.4984343945980072,0.8949546217918396,-0.2298310250043869,0.7878974676132202,0.5129035711288452,0.9196997284889221,-0.13002553582191467,0.8041910529136658
33,0.5047305822372437,0.3284662365913391,-0.18189577758312225,0.9999980926513672,0.5094521641731262,0.3144981563091278,-0.16552671790122986,0.9999962449073792,0.5129852294921875,0.3145529627799988,-0.16568613052368164,0.9999953508377075,0.5161502957344055,0.3152906596660614,-0.16564631462097168,0.9999963641166687,0.5010526180267334,0.3161502182483673,-0.16206638514995575,0.9999973773956299,0.49886590242385864,0.31664159893989563,-0.16221462190151215,0.9999974370002747,0.4957580864429474,0.3177831172943115,-0.16221900284290314,0.9999974966049194,0.520850419998169,0.32226186990737915,-0.08260099589824677,0.9999964237213135,0.494367390871048,0.3232932388782501,-0.06502189487218857,0.9999887943267822,0.5112695097923279,0.3434300124645233,-0.15020893514156342,0.9999947547912598,0.499917209148407,0.34368374943733215,-0.14667096734046936,0.9999936819076538,0.5418347120285034,0.393347829580307,-0.06461172550916672,0.9999899864196777,0.48126375675201416,0.39966413378715515,-0.018786292523145676,0.9999817609786987,0.5898789167404175,0.40241822600364685,-0.19306378066539764,0.994617223739624,0.4326067864894867,0.43432295322418213,-0.1501990258693695,0.9900561571121216,0.5413606762886047,0.40350541472435,-0.3370194733142853,0.9902953505516052,0.4787844121456146,0.4160662293434143,-0.3258185386657715,0.9955615997314453,0.5279877781867981,0.3979332149028778,-0.37664633989334106,0.9750162363052368,0.4867022931575775,0.4030420780181885,-0.36667659878730774,0.9888725876808167,0.5259086489677429,0.39497002959251404,-0.36643069982528687,0.9719989895820618,0.49103543162345886,0.4011901617050171,-0.35593119263648987,0.9864351153373718,0.5291341543197632,0.4012417197227478,-0.3358033001422882,0.9531947374343872,0.48998749256134033,0.40948840975761414,-0.3269558846950531,0.9754583835601807,0.5316375494003296,0.5655211806297302,-0.020532114431262016,0.9999126195907593,0.4949430227279663,0.5692261457443237,0.020297620445489883,0.9999223351478577,0.5218161344528198,0.6932544112205505,-0.193418949842453,0.7745040059089661,0.500264048576355,0.7172051668167114,-0.03844182938337326,0.6266264319419861,0.5137326717376709,0.8280504941940308,-0.13274456560611725,0.7197635769844055,0.5185175538063049,0.8752331733703613,0.006586729548871517,0.8026005029678345,0.5090170502662659,0.85427325963974,-0.1323898434638977,0.5387041568756104,0.5244048237800598,0.8945675492286682,0.005727562587708235,0.5913503766059875,0.5024018287658691,0.8949844837188721,-0.24253784120082855,0.7959582805633545,0.5128932595252991,0.9197007417678833,-0.10370150208473206,0.8094192147254944
34,0.5047648549079895,0.32784539461135864,-0.23044423758983612,0.9999979734420776,0.5095139741897583,0.3138197958469391,-0.21561859548091888,0.9999959468841553,0.5130573511123657,0.31380435824394226,-0.21580268442630768,0.9999950528144836,0.5162268877029419,0.31448692083358765,-0.21575795114040375,0.9999960660934448,0.5010780096054077,0.31554561853408813,-0.21255500614643097,0.9999971985816956,0.4988762438297272,0.3159964084625244,-0.2127160131931305,0.9999973177909851,0.4957583546638489,0.31705474853515625,-0.21273118257522583,0.9999973177909851,0.5208762288093567,0.3214765191078186,-0.13235816359519958,0.9999961853027344,0.49436596035957336,0.32253891229629517,-0.11663374304771423,0.9999881982803345,0.511319100856781,0.34288808703422546,-0.19805370271205902,0.9999944567680359,0.4999763071537018,0.3430459797382355,-0.1949910968542099,0.9999933242797852,0.5422812104225159,0.39264658093452454,-0.10612769424915314,0.9999898672103882,0.4813104569911957,0.3988676071166992,-0.06432899087667465,0.9999815821647644,0.5902490615844727,0.401351660490036,-0.2398739755153656,0.9945384860038757,0.43266719579696655,0.43374088406562805,-0.1959155946969986,0.9897955656051636,0.540820837020874,0.40331435203552246,-0.38564014434814453,0.9902533292770386,0.47878462076187134,0.41633835434913635,-0.3704046607017517,0.9957142472267151,0.5272215008735657,0.3982935845851898,-0.425674170255661,0.9751338362693787,0.4868006408214569,0.4033498764038086,-0.412382036447525,0.9893618822097778,0.5253908038139343,0.3951222598552704,-0.4153526723384857,0.9721823930740356,0.491110235452652,0.40148553252220154,-0.4020448625087738,0.9870713353157043,0.5287954807281494,0.401302307844162,-0.3842896521091461,0.9536111354827881,0.4900437295436859,0.40982696413993835,-0.371609628200531,0.9766672253608704,0.5317139029502869,0.5653444528579712,-0.019757119938731194,0.9999098181724548,0.49499478936195374,0.5691515803337097,0.019522516056895256,0.9999203681945801,0.522631824016571,0.7025039792060852,-0.139071986079216,0.7689734101295471,0.5011969208717346,0.71700119972229,-0.0412544347345829,0.6209299564361572,0.5121080875396729,0.8323554992675781,-0.07260774075984955,0.7187173962593079,0.5186312794685364,0.8754096031188965,0.002135836286470294,0.803270697593689,0.5073344111442566,0.854386568069458,-0.07273408025503159,0.5336679816246033,0.5244541764259338,0.8947668671607971,0.0009785030269995332,0.5880861282348633,0.5034528970718384,0.8959465026855469,-0.18452075123786926,0.7974478602409363,0.5128164291381836,0.9197632670402527,-0.1072283685207367,0.8110176920890808
35,0.5048669576644897,0.32665321230888367,-0.23268011212348938,0.9999978542327881,0.5096228122711182,0.3121519684791565,-0.21789580583572388,0.9999955892562866,0.5131722688674927,0.31202369928359985,-0.2180783748626709,0.999994695186615,0.5163490176200867,0.3126640021800995,-0.21803051233291626,0.9999957084655762,0.5011197924613953,0.31421178579330444,-0.21493425965309143,0.9999969601631165,0.49887850880622864,0.3148915767669678,-0.215094655752182,0.9999971389770508,0.49575498700141907,0.3159879744052887,-0.2151094526052475,0.9999971389770508,0.5209823250770569,0.32003915309906006,-0.13453896343708038,0.9999959468841553,0.4943646490573883,0.32166188955307007,-0.11936911940574646,0.9999877214431763,0.5114997625350952,0.34177806973457336,-0.2002488672733307,0.999994158744812,0.5000678300857544,0.3421858549118042,-0.19733203947544098,0.9999930262565613,0.5428315997123718,0.39187732338905334,-0.1071065291762352,0.999989926815033,0.48138266801834106,0.397726446390152,-0.06800875812768936,0.9999818801879883,0.5909751653671265,0.4007011353969574,-0.2438856065273285,0.9944511651992798,0.4326803386211395,0.43306633830070496,-0.19995562732219696,0.9893341064453125,0.5408629775047302,0.4035070836544037,-0.3945580720901489,0.9903704524040222,0.47883060574531555,0.41651397943496704,-0.3764762580394745,0.9959374070167542,0.527281641960144,0.3979085683822632,-0.4351072311401367,0.9757695198059082,0.48695093393325806,0.4033292829990387,-0.41887804865837097,0.99002605676651,0.5254013538360596,0.3946824371814728,-0.42432278394699097,0.9729443192481995,0.4913294017314911,0.40171951055526733,-0.40822547674179077,0.9879010915756226,0.5287968516349792,0.40116068720817566,-0.3930949866771698,0.9548806548118591,0.49031636118888855,0.410067081451416,-0.3775399625301361,0.9781900644302368,0.5318143367767334,0.5649607181549072,-0.017543433234095573,0.9999053478240967,0.49501892924308777,0.5681208968162537,0.017313966527581215,0.9999175667762756,0.5265247225761414,0.7020004391670227,-0.11878702044487,0.7551579475402832,0.5017409324645996,0.7169396877288818,-0.05249417945742607,0.6129500865936279,0.5116773247718811,0.8339673280715942,-0.043971989303827286,0.7123081088066101,0.5186318159103394,0.8754700422286987,-0.0034767314791679382,0.8020236492156982,0.5054932236671448,0.8649254441261292,-0.043181974440813065,0.5267302989959717,0.5242918133735657,0.8948976397514343,-0.003983959089964628,0.5825621485710144,0.5049839019775391,0.8977944254875183,-0.152255579829216,0.7960703372955322,0.5129552483558655,0.919922947883606,-0.11502695828676224,0.8110135793685913
36,0.5049110054969788,0.32608047127723694,-0.2292480766773224,0.9999977350234985,0.509658694267273,0.3118690252304077,-0.21438227593898773,0.9999953508377075,0.5131775736808777,0.3118145167827606,-0.21456122398376465,0.9999944567680359,0.5163806080818176,0.31249308586120605,-0.21451544761657715,0.9999955296516418,0.5011562705039978,0.31381556391716003,-0.21211563050746918,0.9999968409538269,0.49889901280403137,0.3144780993461609,-0.21228042244911194,0.9999970197677612,0.4957641661167145,0.3156209886074066,-0.21229131519794464,0.9999970197677612,0.5209758877754211,0.3195815682411194,-0.13098415732383728,0.999995768070221,0.4943646788597107,0.321221262216568,-0.11900237202644348,0.9999872446060181,0.5115370154380798,0.34110623598098755,-0.1966933161020279,0.9999939799308777,0.500118613243103,0.3412612974643707,-0.194660946726799,0.9999927878379822,0.543067216873169,0.3915517330169678,-0.10292918980121613,0.999989926815033,0.48138490319252014,0.3965793550014496,-0.06922716647386551,0.9999817609786987,0.5914524793624878,0.399722158908844,-0.23774176836013794,0.9942692518234253,0.4326801598072052,0.4327344298362732,-0.19888654351234436,0.9890051484107971,0.5415080785751343,0.40315210819244385,-0.3911992311477661,0.990303099155426,0.47881802916526794,0.41665464639663696,-0.37157201766967773,0.9960094094276428,0.5285811424255371,0.39808914065361023,-0.4315774738788605,0.9759140014648438,0.4869728982448578,0.4034724533557892,-0.4130764901638031,0.9903441071510315,0.5263686180114746,0.3944213390350342,-0.421742707490921,0.973152220249176,0.4913274347782135,0.4018334150314331,-0.402920126914978,0.9883260726928711,0.5297057032585144,0.4004286527633667,-0.3902237117290497,0.9553519487380981,0.49030396342277527,0.41024667024612427,-0.37265148758888245,0.9789913892745972,0.5318657755851746,0.5636501908302307,-0.015649884939193726,0.9999038577079773,0.4949861466884613,0.5661023259162903,0.015414523892104626,0.9999162554740906,0.5288517475128174,0.7012910842895508,-0.13161590695381165,0.7478250861167908,0.5017009973526001,0.7163249850273132,-0.06550449132919312,0.6081675887107849,0.510564386844635,0.8347229361534119,-0.06787458807229996,0.7089586853981018,0.5188243389129639,0.8753988146781921,-0.027064107358455658,0.8014244437217712,0.5035734176635742,0.8615588545799255,-0.0679510161280632,0.5227256417274475,0.5244321823120117,0.8946332335472107,-0.028705274686217308,0.578646719455719,0.5051162242889404,0.8975752592086792,-0.17647022008895874,0.794981062412262,0.5129552483558655,0.9197046756744385,-0.13798727095127106,0.8108041882514954
37,0.5049455165863037,0.32552269101142883,-0.23828177154064178,0.9999974966049194,0.5096967220306396,0.31102311611175537,-0.22386905550956726,0.9999948740005493,0.5132138133049011,0.3109228014945984,-0.22406066954135895,0.9999939799308777,0.516437828540802,0.31160950660705566,-0.2240191102027893,0.9999951720237732,0.5011583566665649,0.31295111775398254,-0.22129039466381073,0.999996542930603,0.49882563948631287,0.3137093186378479,-0.2214517444372177,0.9999967217445374,0.4957083761692047,0.31490272283554077,-0.22146901488304138,0.9999966621398926,0.5209717750549316,0.31852585077285767,-0.1413424015045166,0.9999954700469971,0.4943193197250366,0.3204898536205292,-0.12775033712387085,0.9999860525131226,0.5115761160850525,0.3401899039745331,-0.20597399771213531,0.9999935030937195,0.5001375675201416,0.34061214327812195,-0.20355485379695892,0.9999921321868896,0.5433146953582764,0.38999661803245544,-0.11333272606134415,0.9999898076057434,0.4814299941062927,0.3961259722709656,-0.07565426826477051,0.9999810457229614,0.5920546054840088,0.3988138437271118,-0.24754586815834045,0.9940905570983887,0.43263256549835205,0.43168196082115173,-0.20610453188419342,0.988251268863678,0.5426021218299866,0.40256357192993164,-0.3996674418449402,0.9901639819145203,0.4788021743297577,0.4169114828109741,-0.38298144936561584,0.996006965637207,0.5297980904579163,0.39799344539642334,-0.44067996740341187,0.9759839773178101,0.48697325587272644,0.40373530983924866,-0.42579981684684753,0.9905655384063721,0.5269988775253296,0.39377570152282715,-0.43168938159942627,0.9733114838600159,0.49130505323410034,0.4023958444595337,-0.4165889620780945,0.9886515140533447,0.5303447246551514,0.39954084157943726,-0.39902231097221375,0.9557503461837769,0.49028873443603516,0.4105971157550812,-0.3846660256385803,0.9796536564826965,0.5318347215652466,0.5631284117698669,-0.015725964680314064,0.9999017119407654,0.4948754906654358,0.5653858780860901,0.01549192052334547,0.9999142289161682,0.5288090109825134,0.7013320922851562,-0.1219276711344719,0.7383140921592712,0.5014728307723999,0.7163289189338684,-0.06303910166025162,0.6029351353645325,0.509699285030365,0.8360229730606079,-0.05195150151848793,0.7052202820777893,0.5188175439834595,0.8755653500556946,-0.022540835663676262,0.8025680184364319,0.5009618997573853,0.8670883178710938,-0.051520608365535736,0.5168285965919495,0.5244449973106384,0.8949579000473022,-0.024022823199629784,0.5776014924049377,0.5052125453948975,0.8974846601486206,-0.15644973516464233,0.793427050113678,0.5129526257514954,0.9197731614112854,-0.1330530196428299,0.8120800852775574
38,0.504876971244812,0.3253049850463867,-0.23535634577274323,0.9999974370002747,0.5096921324729919,0.31087374687194824,-0.21989774703979492,0.999994695186615,0.5131836533546448,0.31080934405326843,-0.22007694840431213,0.9999938011169434,0.5164393782615662,0.31161201000213623,-0.22003626823425293,0.9999950528144836,0.5011371970176697,0.31250470876693726,-0.21726912260055542,0.9999964237213135,0.4986453056335449,0.31332385540008545,-0.21743181347846985,0.9999966025352478,0.49560606479644775,0.3145495653152466,-0.21744416654109955,0.999996542930603,0.5209457278251648,0.3185247480869293,-0.1343698650598526,0.9999953508377075,0.49430763721466064,0.32019078731536865,-0.12042509019374847,0.9999854564666748,0.5115641951560974,0.3398200571537018,-0.2020009160041809,0.9999933242797852,0.5000885725021362,0.3401396870613098,-0.19950400292873383,0.9999918937683105,0.5434605479240417,0.38972991704940796,-0.10674697905778885,0.9999896883964539,0.4814484417438507,0.3952828049659729,-0.06943333148956299,0.9999807476997375,0.5926176905632019,0.398393839597702,-0.24264591932296753,0.9939321875572205,0.43248721957206726,0.43119409680366516,-0.20413963496685028,0.9880113005638123,0.5430484414100647,0.4008336663246155,-0.39773130416870117,0.9897056221961975,0.4787434935569763,0.41691702604293823,-0.3817156255245209,0.9958707094192505,0.5300824642181396,0.39647772908210754,-0.43948641419410706,0.9748761653900146,0.4869735538959503,0.4038534164428711,-0.42409536242485046,0.9903541207313538,0.5271409749984741,0.3922599256038666,-0.429562509059906,0.972106397151947,0.4912935495376587,0.4025155305862427,-0.41364961862564087,0.9884464740753174,0.5305197834968567,0.39802950620651245,-0.3968987464904785,0.9540736079216003,0.4902806878089905,0.4106977581977844,-0.3828482925891876,0.9793070554733276,0.531834065914154,0.5631899237632751,-0.015754368156194687,0.9999029636383057,0.4948761761188507,0.5655772686004639,0.015516798011958599,0.9999151825904846,0.526113748550415,0.7017142176628113,-0.17363695800304413,0.7473239898681641,0.501421332359314,0.7171919345855713,-0.06154217943549156,0.6059499979019165,0.5091730356216431,0.8355028629302979,-0.0993206799030304,0.7056587338447571,0.5188207030296326,0.8761305212974548,-0.01868731714785099,0.805984377861023,0.5017461776733398,0.860173225402832,-0.09812932461500168,0.5172799825668335,0.5244811773300171,0.8954209089279175,-0.020106280222535133,0.5770363807678223,0.5052230954170227,0.8974142074584961,-0.2090885490179062,0.7955197095870972,0.5129275918006897,0.9205620884895325,-0.13100899755954742,0.8148359060287476
39,0.50473952293396,0.3248327672481537,-0.23796239495277405,0.9999973177909851,0.5096876621246338,0.31041398644447327,-0.22230467200279236,0.9999944567680359,0.5131414532661438,0.31041303277015686,-0.22248056530952454,0.9999935030937195,0.516434371471405,0.3113742172718048,-0.22243794798851013,0.9999948143959045,0.5011239647865295,0.31179457902908325,-0.2199765145778656,0.9999962449073792,0.49857255816459656,0.31267133355140686,-0.22014538943767548,0.9999964237213135,0.4955636262893677,0.31400594115257263,-0.22015506029129028,0.9999963641166687,0.5209348201751709,0.31830883026123047,-0.13609926402568817,0.9999951124191284,0.4943057894706726,0.31972596049308777,-0.12336071580648422,0.999984622001648,0.511541485786438,0.3392404615879059,-0.2044367641210556,0.9999930262565613,0.5000233054161072,0.33929944038391113,-0.20228730142116547,0.9999914765357971,0.5436239838600159,0.3893633186817169,-0.10684765875339508,0.9999895095825195,0.4818156063556671,0.3938985764980316,-0.07547914236783981,0.999980092048645,0.5933141708374023,0.39817947149276733,-0.24713864922523499,0.9939285516738892,0.432629257440567,0.4303951561450958,-0.21415691077709198,0.9879651069641113,0.5444539189338684,0.4004535377025604,-0.4036623537540436,0.9895546436309814,0.4787982106208801,0.4157661199569702,-0.38835686445236206,0.9957783222198486,0.5312098264694214,0.3959846794605255,-0.44476327300071716,0.9743083119392395,0.48710897564888,0.40356355905532837,-0.42994630336761475,0.9901350140571594,0.5280739068984985,0.39161303639411926,-0.4340212941169739,0.9714293479919434,0.49141925573349,0.40213802456855774,-0.41874414682388306,0.9881980419158936,0.5315271019935608,0.39739617705345154,-0.4025056064128876,0.9532078504562378,0.4903530180454254,0.4098156690597534,-0.38906019926071167,0.9789221882820129,0.5320031642913818,0.5629104375839233,-0.014074568636715412,0.9999035596847534,0.4953392446041107,0.5654996037483215,0.013827730901539326,0.9999154806137085,0.5298470258712769,0.7009041905403137,-0.1677025407552719,0.7535308599472046,0.501677393913269,0.7106460928916931,-0.06867541372776031,0.6120226979255676,0.5092515349388123,0.8358109593391418,-0.09594529122114182,0.7097048759460449,0.518814742565155,0.8761464357376099,-0.02665465883910656,0.8107584118843079,0.5020331740379333,0.856255829334259,-0.09504251182079315,0.5194073915481567,0.5244924426078796,0.8955286741256714,-0.028256945312023163,0.5771514177322388,0.5052739381790161,0.8975061774253845,-0.20680390298366547,0.7988975048065186,0.5128462314605713,0.9207501411437988,-0.14422687888145447,0.8185787796974182
40,0.504727303981781,0.32384124398231506,-0.25173622369766235,0.9999971985816956,0.5097049474716187,0.309501051902771,-0.23681245744228363,0.9999942779541016,0.5131464600563049,0.309624582529068,-0.2370021790266037,0.9999932646751404,0.5164421796798706,0.3107134699821472,-0.23695455491542816,0.9999946355819702,0.5011366009712219,0.31076422333717346,-0.23435288667678833,0.9999961256980896,0.49859628081321716,0.31162017583847046,-0.23452316224575043,0.9999963045120239,0.49557527899742126,0.3131178915500641,-0.23454028367996216,0.9999961853027344,0.5209468603134155,0.3177569508552551,-0.15206924080848694,0.9999949932098389,0.49432045221328735,0.3191550672054291,-0.13886107504367828,0.9999841451644897,0.5115513205528259,0.3385269343852997,-0.21870197355747223,0.9999927282333374,0.5000234246253967,0.33822184801101685,-0.2163899838924408,0.9999911189079285,0.5437743663787842,0.38944578170776367,-0.12235713005065918,0.9999893307685852,0.48216041922569275,0.3928331732749939,-0.0892418622970581,0.9999790191650391,0.5936508178710938,0.3977760374546051,-0.263167142868042,0.9939233064651489,0.43295443058013916,0.42979592084884644,-0.22791126370429993,0.9876379370689392,0.5454344153404236,0.40054556727409363,-0.41370078921318054,0.9893625378608704,0.4788936674594879,0.41310539841651917,-0.4023817181587219,0.9956849813461304,0.53244549036026,0.39613544940948486,-0.4540576934814453,0.9738650918006897,0.487466424703598,0.4022311270236969,-0.4443191885948181,0.9900071620941162,0.5290876030921936,0.3918086588382721,-0.4431409537792206,0.9709154963493347,0.4917214512825012,0.4007970988750458,-0.43311479687690735,0.9880646467208862,0.5325996279716492,0.39755386114120483,-0.4123021066188812,0.9526206254959106,0.49048247933387756,0.40774017572402954,-0.40320175886154175,0.9788132905960083,0.5325507521629333,0.5629613399505615,-0.0137309730052948,0.9999043941497803,0.4962328374385834,0.5655896663665771,0.013490276411175728,0.9999160766601562,0.5323350429534912,0.7010034918785095,-0.12634290754795074,0.7562161087989807,0.5026476383209229,0.7103748917579651,-0.06627865135669708,0.6196060180664062,0.5091598629951477,0.8389946818351746,-0.051394980400800705,0.7194291353225708,0.5189492702484131,0.8763630986213684,-0.02575441636145115,0.8179714679718018,0.5018128752708435,0.8563034534454346,-0.05081275478005409,0.5276899933815002,0.5246331691741943,0.8955785036087036,-0.028057852759957314,0.5837844014167786,0.5054592490196228,0.9016600847244263,-0.16392657160758972,0.8061245083808899,0.5130324959754944,0.9211738705635071,-0.13958235085010529,0.8253607153892517
41,0.5045982599258423,0.3236749768257141,-0.27784788608551025,0.9999964237213135,0.5096834301948547,0.30931735038757324,-0.2630855143070221,0.9999929070472717,0.5131288766860962,0.30947649478912354,-0.2632940113544464,0.9999915957450867,0.5164422392845154,0.3106174170970917,-0.2632368505001068,0.9999933242797852,0.5010970830917358,0.3105221390724182,-0.2608485519886017,0.9999951720237732,0.4984954595565796,0.3114188313484192,-0.26104071736335754,0.9999954104423523,0.495540976524353,0.31287631392478943,-0.261076956987381,0.9999953508377075,0.5209434628486633,0.31759968400001526,-0.17487001419067383,0.9999938607215881,0.4943494200706482,0.3187956213951111,-0.16308070719242096,0.9999812245368958,0.5115392804145813,0.3382337987422943,-0.24326378107070923,0.9999910593032837,0.500020444393158,0.33800384402275085,-0.24131186306476593,0.9999890923500061,0.5440344214439392,0.38904833793640137,-0.13819551467895508,0.9999881982803345,0.48233821988105774,0.3914884328842163,-0.11021183431148529,0.9999769330024719,0.5939157605171204,0.39764249324798584,-0.2821846604347229,0.9932743310928345,0.43309956789016724,0.4291746914386749,-0.25183355808258057,0.9866418242454529,0.5458328723907471,0.40023401379585266,-0.4372347295284271,0.9879997372627258,0.47898322343826294,0.41311511397361755,-0.42997977137565613,0.9953790307044983,0.5328322052955627,0.3961823880672455,-0.4785442650318146,0.9713717699050903,0.48786941170692444,0.40234455466270447,-0.47360146045684814,0.9894585013389587,0.5294125080108643,0.3917791545391083,-0.46737295389175415,0.9681047201156616,0.4920702278614044,0.400901198387146,-0.46176594495773315,0.9874022006988525,0.5329645276069641,0.397267609834671,-0.43585023283958435,0.9481382966041565,0.4906682074069977,0.4079105257987976,-0.43058791756629944,0.977726399898529,0.5328297019004822,0.5633957982063293,-0.011832278221845627,0.9999030828475952,0.49650663137435913,0.5657515525817871,0.011616540141403675,0.9999158978462219,0.5325597524642944,0.7071448564529419,-0.08525273203849792,0.7424197196960449,0.5025782585144043,0.7138404846191406,-0.06816698610782623,0.621422529220581,0.5085221529006958,0.8417114615440369,0.006884620524942875,0.7222364544868469,0.5189952254295349,0.8772298693656921,-0.016800154000520706,0.8228890299797058,0.5003746747970581,0.8565241098403931,0.008980006910860538,0.5263974666595459,0.5246108174324036,0.8955911993980408,-0.016572536900639534,0.5840096473693848,0.5062369108200073,0.9040369391441345,-0.10252562910318375,0.8069358468055725,0.5138087868690491,0.9219778180122375,-0.13249312341213226,0.8287177681922913
42,0.5045826435089111,0.3236384987831116,-0.27534568309783936,0.9999960064888,0.5096880197525024,0.3091931939125061,-0.2606293559074402,0.9999920725822449,0.5131481289863586,0.3094012439250946,-0.2608223855495453,0.9999905824661255,0.5164601802825928,0.3105835020542145,-0.26077741384506226,0.9999926090240479,0.5010932087898254,0.31034982204437256,-0.25813812017440796,0.9999945163726807,0.4984809160232544,0.3112441301345825,-0.2583187222480774,0.9999947547912598,0.49553874135017395,0.3126599192619324,-0.2583464980125427,0.9999947547912598,0.5209492444992065,0.317523330450058,-0.1732739806175232,0.9999932050704956,0.4943993389606476,0.31844475865364075,-0.1600160449743271,0.999978244304657,0.5115464329719543,0.3381105661392212,-0.24101415276527405,0.9999901652336121,0.5000297427177429,0.3379197418689728,-0.23869207501411438,0.9999877214431763,0.5441980957984924,0.38862764835357666,-0.13617579638957977,0.9999876022338867,0.48254746198654175,0.39096641540527344,-0.10825154930353165,0.9999747276306152,0.5940674543380737,0.3974730670452118,-0.27633097767829895,0.9930194020271301,0.43356528878211975,0.4286659061908722,-0.2466554492712021,0.9859017729759216,0.5459792613983154,0.40005841851234436,-0.4313318431377411,0.9867400527000427,0.4790688157081604,0.4132796823978424,-0.4222392737865448,0.9944488406181335,0.5330811142921448,0.39621010422706604,-0.4732078015804291,0.9681987762451172,0.48814666271209717,0.4027169942855835,-0.46528539061546326,0.987438440322876,0.5295625329017639,0.3918777108192444,-0.46285614371299744,0.9645962119102478,0.49227142333984375,0.40135616064071655,-0.4544253647327423,0.9851015210151672,0.5331072807312012,0.3971636891365051,-0.4303717613220215,0.9431295990943909,0.49074414372444153,0.4080115556716919,-0.42323219776153564,0.9740064740180969,0.53272545337677,0.563429057598114,-0.010522006079554558,0.9999006986618042,0.4965708553791046,0.5656614303588867,0.01029006764292717,0.9999133944511414,0.5301725268363953,0.7068508863449097,-0.12482480704784393,0.7380821108818054,0.5034935474395752,0.7157465815544128,-0.06696096807718277,0.6151185631752014,0.5077284574508667,0.8438006043434143,-0.021357329562306404,0.7174134254455566,0.5189358592033386,0.8776606917381287,-0.007049825973808765,0.8203279376029968,0.49932700395584106,0.857166051864624,-0.017643699422478676,0.5197537541389465,0.523573637008667,0.8956279754638672,-0.006774890702217817,0.5714331269264221,0.5059449672698975,0.9060624837875366,-0.15637554228305817,0.8035473227500916,0.5148289203643799,0.9223364591598511,-0.12787096202373505,0.8248191475868225
43,0.5048215985298157,0.3231097161769867,-0.26177021861076355,0.999995768070221,0.509864091873169,0.30851882696151733,-0.24668727815151215,0.9999915957450867,0.5133801698684692,0.30867519974708557,-0.24687451124191284,0.9999899864196777,0.516708493232727,0.3096499741077423,-0.24682946503162384,0.9999921917915344,0.5011681318283081,0.30996274948120117,-0.2442104071378708,0.9999940991401672,0.49849972128868103,0.31093350052833557,-0.24438419938087463,0.9999943971633911,0.4955727458000183,0.3123781085014343,-0.24440643191337585,0.9999943971633911,0.5210853815078735,0.3162141442298889,-0.1607414036989212,0.999992847442627,0.4944668114185333,0.3182195723056793,-0.14715425670146942,0.999976634979248,0.5118351578712463,0.3372076451778412,-0.22790497541427612,0.9999898076057434,0.5003292560577393,0.33748555183410645,-0.22557152807712555,0.9999871253967285,0.5446561574935913,0.3882056474685669,-0.13096974790096283,0.9999873042106628,0.48276281356811523,0.39008739590644836,-0.0963904932141304,0.9999737739562988,0.5943716168403625,0.3972944915294647,-0.26456764340400696,0.992522656917572,0.4337732493877411,0.42806774377822876,-0.23447056114673615,0.9852253198623657,0.5460529327392578,0.3996032476425171,-0.4268612563610077,0.9852745532989502,0.47906601428985596,0.41457173228263855,-0.40956366062164307,0.9936400055885315,0.5337978005409241,0.3963472545146942,-0.46441081166267395,0.964984655380249,0.48813334107398987,0.40575578808784485,-0.451828271150589,0.9858533143997192,0.5302610993385315,0.3919225037097931,-0.4518808126449585,0.9612168073654175,0.4922398030757904,0.40414518117904663,-0.44080814719200134,0.9833540320396423,0.5337228775024414,0.3971884846687317,-0.42317885160446167,0.9382718801498413,0.49070683121681213,0.4101710021495819,-0.41040799021720886,0.9709439873695374,0.5327229499816895,0.5634530186653137,-0.010823040269315243,0.9999013543128967,0.4965652525424957,0.5654897093772888,0.010590833611786366,0.9999136924743652,0.5239807963371277,0.705046534538269,-0.18600012362003326,0.7493079304695129,0.5036245584487915,0.7157464027404785,-0.05768219009041786,0.6199687123298645,0.5078913569450378,0.8361778855323792,-0.08722612261772156,0.7156885862350464,0.5188244581222534,0.8769274950027466,0.010030851699411869,0.8222082853317261,0.49966731667518616,0.8454040288925171,-0.08272720128297806,0.5187966227531433,0.5236111879348755,0.8953959941864014,0.011287025175988674,0.5690263509750366,0.5049779415130615,0.9058036804199219,-0.19556136429309845,0.8030575513839722,0.5142201781272888,0.9227616190910339,-0.10284467786550522,0.825402021408081
44,0.5054914951324463,0.32231107354164124,-0.27264535427093506,0.9999952912330627,0.5102776885032654,0.30789604783058167,-0.25753119587898254,0.9999908804893494,0.5138188600540161,0.30807381868362427,-0.2577280104160309,0.9999890923500061,0.5171533226966858,0.3089180290699005,-0.2576780915260315,0.9999914765357971,0.5015379786491394,0.30928730964660645,-0.2558436989784241,0.9999935626983643,0.49883559346199036,0.31012675166130066,-0.25602737069129944,0.9999939203262329,0.49586284160614014,0.3114474415779114,-0.2560594975948334,0.9999939203262329,0.5212368369102478,0.314998596906662,-0.16879305243492126,0.9999923706054688,0.49466657638549805,0.3172435760498047,-0.15920193493366241,0.9999753832817078,0.5124021768569946,0.3362911641597748,-0.23777899146080017,0.9999889731407166,0.500929057598114,0.33685290813446045,-0.23652373254299164,0.9999861717224121,0.5450016856193542,0.3879503309726715,-0.1334814727306366,0.9999867677688599,0.4829113185405731,0.3896622657775879,-0.10733012109994888,0.9999725818634033,0.5943793654441833,0.39710918068885803,-0.2737898528575897,0.991958498954773,0.4337840676307678,0.4277283549308777,-0.24758754670619965,0.9848421812057495,0.5459879636764526,0.39938437938690186,-0.43225497007369995,0.9844374060630798,0.479153037071228,0.4152977466583252,-0.42232745885849,0.9935311079025269,0.5339022874832153,0.3964272737503052,-0.47309431433677673,0.9636391401290894,0.48827943205833435,0.4064829349517822,-0.4651547372341156,0.9856792688369751,0.530348539352417,0.39199674129486084,-0.46237558126449585,0.9597041010856628,0.492300420999527,0.404827743768692,-0.45345932245254517,0.983125627040863,0.5337493419647217,0.3971829116344452,-0.43085673451423645,0.9356917142868042,0.49075672030448914,0.410846084356308,-0.422807902097702,0.9704611301422119,0.5329264998435974,0.5632109045982361,-0.010557739995419979,0.9999009966850281,0.4966779351234436,0.5649179816246033,0.010342005640268326,0.9999139904975891,0.5249355435371399,0.706920325756073,-0.1302444040775299,0.749462366104126,0.5032765865325928,0.7114447355270386,-0.07416482269763947,0.630391001701355,0.5079983472824097,0.8360834717750549,-0.02253659814596176,0.7193252444267273,0.518828272819519,0.8767669200897217,-0.0016734730452299118,0.8282253742218018,0.4998217821121216,0.8462228775024414,-0.01802927628159523,0.5209780335426331,0.5239196419715881,0.8951564431190491,0.0026384894736111164,0.5743537545204163,0.5045894980430603,0.9052463173866272,-0.12076923251152039,0.8041426539421082,0.5139887928962708,0.9227384328842163,-0.10930375009775162,0.8298008441925049
45,0.5057873129844666,0.3213912844657898,-0.21985211968421936,0.999995231628418,0.5104812979698181,0.3073924779891968,-0.20443208515644073,0.9999906420707703,0.5139604806900024,0.3076179623603821,-0.20460711419582367,0.9999889135360718,0.5173500180244446,0.30846142768859863,-0.20456863939762115,0.9999912977218628,0.5018225312232971,0.30861830711364746,-0.20192167162895203,0.9999933838844299,0.4990897476673126,0.30934348702430725,-0.20208416879177094,0.9999937415122986,0.4961249530315399,0.31050190329551697,-0.2021113783121109,0.9999937415122986,0.5213302969932556,0.31450340151786804,-0.12108127027750015,0.999992311000824,0.494872510433197,0.31615155935287476,-0.10799649357795715,0.9999749660491943,0.5126668810844421,0.33565789461135864,-0.18759584426879883,0.9999887943267822,0.5012246966362,0.33601582050323486,-0.18535375595092773,0.9999858140945435,0.5451390147209167,0.38777604699134827,-0.09444021433591843,0.9999867081642151,0.48303869366645813,0.3889218270778656,-0.06334324926137924,0.999971866607666,0.5947712659835815,0.39674487709999084,-0.2235308736562729,0.9917641878128052,0.4339004158973694,0.42719537019729614,-0.19273585081100464,0.983670175075531,0.5460882782936096,0.3994578421115875,-0.3695290982723236,0.9839695692062378,0.47933095693588257,0.41560348868370056,-0.3629853129386902,0.9931340217590332,0.5341819524765015,0.3967197835445404,-0.40852126479148865,0.9630702137947083,0.48868024349212646,0.4070838987827301,-0.40424343943595886,0.985201895236969,0.5305091142654419,0.3920940160751343,-0.3985798954963684,0.9591774940490723,0.4925864040851593,0.40516796708106995,-0.39343497157096863,0.9826534986495972,0.5338579416275024,0.39723822474479675,-0.3683347702026367,0.9352641105651855,0.49096643924713135,0.41104212403297424,-0.36384570598602295,0.969904899597168,0.5329844951629639,0.5626202821731567,-0.010706600733101368,0.999900221824646,0.49668604135513306,0.5634450912475586,0.010491580702364445,0.9999131560325623,0.5240058898925781,0.7068729400634766,-0.13202844560146332,0.7512871026992798,0.5035941004753113,0.7105002403259277,-0.07338313013315201,0.63776034116745,0.5080826282501221,0.8361631631851196,-0.04270630702376366,0.7165690064430237,0.5187826752662659,0.8754674792289734,-0.02736205793917179,0.8301916122436523,0.49978241324424744,0.8464139103889465,-0.040050290524959564,0.5191433429718018,0.5237480998039246,0.8933271169662476,-0.027260325849056244,0.5754818916320801,0.504067063331604,0.9049076437950134,-0.14451687037944794,0.8016940951347351,0.5138967633247375,0.9226709604263306,-0.1326058804988861,0.8309243321418762
46,0.5058850049972534,0.3209397792816162,-0.2328355610370636,0.999995231628418,0.5106716752052307,0.30659714341163635,-0.2159537374973297,0.9999906420707703,0.5141717791557312,0.30677467584609985,-0.21609698235988617,0.9999889135360718,0.5175821185112,0.3075574040412903,-0.21606813371181488,0.9999913573265076,0.5018762350082397,0.30803418159484863,-0.21372441947460175,0.9999933838844299,0.4990938901901245,0.30883485078811646,-0.21389590203762054,0.9999937415122986,0.49616485834121704,0.30999788641929626,-0.21392430365085602,0.9999937415122986,0.5215034484863281,0.3133719861507416,-0.12261569499969482,0.999992311000824,0.4950047433376312,0.3155736029148102,-0.11006796360015869,0.9999746084213257,0.5128886103630066,0.3349207937717438,-0.1971716284751892,0.999988853931427,0.5013912916183472,0.3354533910751343,-0.1951916664838791,0.9999857544898987,0.5453702211380005,0.38710546493530273,-0.09884163737297058,0.9999866485595703,0.48325592279434204,0.38763564825057983,-0.06670383363962173,0.999971330165863,0.5948297381401062,0.3964369297027588,-0.2332204282283783,0.9915948510169983,0.43391746282577515,0.4260956346988678,-0.1933474838733673,0.9834836721420288,0.546064555644989,0.3989613354206085,-0.3823445439338684,0.982836902141571,0.479709655046463,0.41554513573646545,-0.3664141297340393,0.9921284317970276,0.5343037843704224,0.3967796266078949,-0.4219999611377716,0.9600144028663635,0.4893614649772644,0.4070841372013092,-0.40731123089790344,0.9828803539276123,0.5306279063224792,0.3921494483947754,-0.4108407199382782,0.9558485746383667,0.49340423941612244,0.40529242157936096,-0.39588868618011475,0.9799832701683044,0.53399658203125,0.3972081243991852,-0.38089725375175476,0.9305392503738403,0.49154147505760193,0.4110945761203766,-0.36678633093833923,0.9654605388641357,0.5329522490501404,0.5615768432617188,-0.01151487696915865,0.9999015927314758,0.4966830313205719,0.5617489814758301,0.011290473863482475,0.9999141097068787,0.5207638144493103,0.6996323466300964,-0.18734385073184967,0.76069575548172,0.503574013710022,0.7106961011886597,-0.07150168716907501,0.6418999433517456,0.5081151127815247,0.8361864686012268,-0.1041083112359047,0.7155376672744751,0.5187597274780273,0.8748413324356079,-0.023510020226240158,0.831173300743103,0.5012031197547913,0.846672773361206,-0.10185933858156204,0.5179302096366882,0.5237826704978943,0.893160879611969,-0.02354450151324272,0.573330819606781,0.5039304494857788,0.9046711325645447,-0.21333907544612885,0.8011761903762817,0.5137989521026611,0.922562837600708,-0.132040336728096,0.8313652873039246
47,0.5061625838279724,0.3202240765094757,-0.2578526735305786,0.999995231628418,0.5110146999359131,0.3057357668876648,-0.2427024245262146,0.999990701675415,0.5144924521446228,0.3058704733848572,-0.2428780198097229,0.9999889731407166,0.5179323554039001,0.30661168694496155,-0.242838516831398,0.9999914169311523,0.5021647214889526,0.30732017755508423,-0.24065643548965454,0.9999933838844299,0.4993264377117157,0.3081061840057373,-0.2408364862203598,0.9999937415122986,0.49640288949012756,0.30922815203666687,-0.24086624383926392,0.9999937415122986,0.5217885375022888,0.31242144107818604,-0.1546802818775177,0.9999923706054688,0.4952619671821594,0.314824640750885,-0.1433994323015213,0.99997478723526,0.5131946802139282,0.33432668447494507,-0.22349832952022552,0.9999887943267822,0.5016934275627136,0.3348660469055176,-0.22175279259681702,0.9999857544898987,0.5455869436264038,0.3868503272533417,-0.12318375706672668,0.9999867081642151,0.48355862498283386,0.3868277370929718,-0.09398770332336426,0.9999712109565735,0.5953841805458069,0.3962727189064026,-0.2649090886116028,0.9916498064994812,0.4339602291584015,0.42508330941200256,-0.23349665105342865,0.9833055138587952,0.5467268824577332,0.3984764516353607,-0.4191320538520813,0.9825344681739807,0.48005273938179016,0.4149869680404663,-0.4058810770511627,0.9918102025985718,0.5354135036468506,0.3965422809123993,-0.45957860350608826,0.9592006206512451,0.4899267852306366,0.40707123279571533,-0.4473867416381836,0.9821258783340454,0.5317116379737854,0.39199909567832947,-0.44864416122436523,0.9548625349998474,0.494129478931427,0.40528878569602966,-0.4351622462272644,0.9790360331535339,0.5350578427314758,0.39683741331100464,-0.41781818866729736,0.9291124939918518,0.49206963181495667,0.4110685884952545,-0.40607988834381104,0.964004397392273,0.533062756061554,0.5612413287162781,-0.011588268913328648,0.9999025464057922,0.4966929852962494,0.5616787672042847,0.01136341318488121,0.9999152421951294,0.5257598757743835,0.6987699866294861,-0.14076563715934753,0.7582637071609497,0.5035635232925415,0.7060651183128357,-0.07524824142456055,0.6451755166053772,0.5080920457839966,0.8361617922782898,-0.048675499856472015,0.7132585048675537,0.5188409686088562,0.8748675584793091,-0.02531677484512329,0.8333883881568909,0.500421941280365,0.8467741012573242,-0.04583164304494858,0.5164238810539246,0.5238772630691528,0.8932206034660339,-0.025425458326935768,0.5763030052185059,0.5038353204727173,0.9034967422485352,-0.14990852773189545,0.7990736961364746,0.5135350227355957,0.9225479960441589,-0.13426241278648376,0.8331669569015503
48,0.5067622661590576,0.3195628821849823,-0.21282519400119781,0.9999948143959045,0.5115230083465576,0.3050025999546051,-0.19536277651786804,0.9999898672103882,0.5149932503700256,0.3051956593990326,-0.19552558660507202,0.9999879598617554,0.5183217525482178,0.30595263838768005,-0.1954856514930725,0.9999908208847046,0.5025624632835388,0.3066459000110626,-0.19381022453308105,0.9999927878379822,0.49975094199180603,0.30741724371910095,-0.1939811259508133,0.999993085861206,0.4967067539691925,0.3085433542728424,-0.19400088489055634,0.9999931454658508,0.5222293734550476,0.31196460127830505,-0.10556507855653763,0.9999917149543762,0.49546706676483154,0.31416162848472595,-0.09625964611768723,0.9999715685844421,0.5137612819671631,0.3336752951145172,-0.17832930386066437,0.9999881386756897,0.5021600127220154,0.3338942229747772,-0.17724302411079407,0.9999846816062927,0.5457080602645874,0.385982871055603,-0.07947899401187897,0.9999863505363464,0.4835638701915741,0.38668614625930786,-0.049214329570531845,0.9999687075614929,0.5956141948699951,0.3960082530975342,-0.2094828486442566,0.9916459918022156,0.4340067207813263,0.4245593845844269,-0.18643790483474731,0.9828701615333557,0.5471401810646057,0.39956390857696533,-0.35846713185310364,0.9818689823150635,0.481389582157135,0.4137267470359802,-0.3531338572502136,0.9901530146598816,0.5357697606086731,0.39712244272232056,-0.39706066250801086,0.956794023513794,0.49163389205932617,0.4065566658973694,-0.39248791337013245,0.977982223033905,0.5321269631385803,0.3924904465675354,-0.3864574134349823,0.9520844221115112,0.49572262167930603,0.4048182964324951,-0.3803716003894806,0.9741461873054504,0.5355045199394226,0.3972415328025818,-0.35703566670417786,0.9252632260322571,0.49327337741851807,0.4102102220058441,-0.3532160818576813,0.9565731287002563,0.5333580374717712,0.5602992177009583,-0.01224828977137804,0.9999056458473206,0.49669089913368225,0.560565173625946,0.01202448084950447,0.9999173283576965,0.5287079215049744,0.6940250396728516,-0.1719481647014618,0.7716825008392334,0.5034492611885071,0.7044334411621094,-0.0810290053486824,0.6586853861808777,0.5081940293312073,0.8351700901985168,-0.08432523161172867,0.7199253439903259,0.5187216401100159,0.8743545413017273,-0.03510785102844238,0.8394705653190613,0.500472903251648,0.8519866466522217,-0.08176466822624207,0.5192216634750366,0.5238927602767944,0.893186092376709,-0.035982418805360794,0.5826850533485413,0.5039951801300049,0.9002494812011719,-0.19197222590446472,0.8017358183860779,0.5130518078804016,0.9219465851783752,-0.1504935622215271,0.8380280137062073
49,0.5068502426147461,0.3187935948371887,-0.20239277184009552,0.9999943971633911,0.5116823315620422,0.3043122887611389,-0.1859869807958603,0.9999890923500061,0.5151011347770691,0.30454203486442566,-0.18616031110286713,0.9999870657920837,0.5184316039085388,0.3054448068141937,-0.1861191838979721,0.9999902844429016,0.5027840733528137,0.30579954385757446,-0.18379971385002136,0.9999921917915344,0.4999924302101135,0.3065135180950165,-0.18396513164043427,0.9999924302101135,0.49689820408821106,0.3075799345970154,-0.18399128317832947,0.9999924898147583,0.5223857760429382,0.31161734461784363,-0.10016204416751862,0.9999911785125732,0.4956679344177246,0.31287872791290283,-0.08826815336942673,0.9999685883522034,0.5138376355171204,0.3329699635505676,-0.1693091094493866,0.9999876022338867,0.5023068189620972,0.33286672830581665,-0.1674603968858719,0.9999836683273315,0.5457484126091003,0.3844095766544342,-0.07538391649723053,0.9999864101409912,0.48361486196517944,0.3858858048915863,-0.039590440690517426,0.9999669194221497,0.5957896113395691,0.3959774971008301,-0.20082110166549683,0.991547167301178,0.43406805396080017,0.42387890815734863,-0.1715734750032425,0.9813412427902222,0.547825038433075,0.4012105166912079,-0.348347544670105,0.9816507697105408,0.48228317499160767,0.4123234450817108,-0.34219300746917725,0.9886100888252258,0.5360428094863892,0.39745309948921204,-0.3868555426597595,0.9563907384872437,0.4928542971611023,0.40586891770362854,-0.3826991617679596,0.9750138521194458,0.5323187708854675,0.3928317427635193,-0.3774176239967346,0.9516664147377014,0.49689605832099915,0.40405693650245667,-0.3717235028743744,0.9707455635070801,0.5357188582420349,0.3978511095046997,-0.3471701443195343,0.9245910048484802,0.4941328167915344,0.4091913402080536,-0.3429345488548279,0.9515702724456787,0.5333848595619202,0.5596175789833069,-0.013421149924397469,0.9999075531959534,0.49666592478752136,0.5593928694725037,0.0132101746276021,0.9999182820320129,0.5297518372535706,0.6912973523139954,-0.14175266027450562,0.7758742570877075,0.5033365488052368,0.7039815783500671,-0.07997138798236847,0.6666027307510376,0.5082309246063232,0.8328045010566711,-0.05705329030752182,0.7220433950424194,0.5187645554542542,0.8744910955429077,-0.040781810879707336,0.8428114056587219,0.5004886388778687,0.8553486466407776,-0.054713062942028046,0.5192880034446716,0.5242369174957275,0.8933953642845154,-0.042172107845544815,0.5894538760185242,0.5039442777633667,0.8974972367286682,-0.1585596650838852,0.8011214733123779,0.5127550363540649,0.9218595623970032,-0.15214253962039948,0.8410198092460632
50,0.5071713924407959,0.318287193775177,-0.1941729038953781,0.9999940395355225,0.5119788646697998,0.30371999740600586,-0.17792701721191406,0.9999884963035583,0.5153874158859253,0.3038958013057709,-0.17809799313545227,0.9999863505363464,0.5186944007873535,0.3047342896461487,-0.17806032299995422,0.9999898672103882,0.5030392408370972,0.3053458034992218,-0.17618417739868164,0.9999916553497314,0.5002143979072571,0.30606338381767273,-0.1763480007648468,0.9999918937683105,0.49713799357414246,0.30707812309265137,-0.17637142539024353,0.9999919533729553,0.5227369666099548,0.31087726354599,-0.09338442981243134,0.9999908804893494,0.49597302079200745,0.3121167719364166,-0.08341169357299805,0.9999663829803467,0.514193594455719,0.3323715329170227,-0.16159884631633759,0.9999873638153076,0.502781867980957,0.3322603404521942,-0.1603110283613205,0.9999830722808838,0.5459321737289429,0.383468359708786,-0.06840609014034271,0.9999865293502808,0.48375365138053894,0.38521939516067505,-0.03794832155108452,0.9999657273292542,0.596000611782074,0.39593884348869324,-0.19156469404697418,0.9914178848266602,0.4341352581977844,0.4229041039943695,-0.16659045219421387,0.9804624915122986,0.5485121607780457,0.4019358158111572,-0.34167978167533875,0.9817160367965698,0.48247116804122925,0.41117024421691895,-0.33413857221603394,0.9877987504005432,0.5368306636810303,0.3975388705730438,-0.3804754912853241,0.9567075967788696,0.49307435750961304,0.4047825038433075,-0.37419593334198,0.973555326461792,0.5330945253372192,0.3928676247596741,-0.3715950846672058,0.9520769715309143,0.4970053732395172,0.40302199125289917,-0.3639185130596161,0.9691153764724731,0.536415696144104,0.3979284465312958,-0.34086090326309204,0.9252445101737976,0.49425050616264343,0.40804940462112427,-0.3350248336791992,0.9490678310394287,0.5336697101593018,0.5590695142745972,-0.013388548977673054,0.9999087452888489,0.49672845005989075,0.5593136548995972,0.013178392313420773,0.9999186396598816,0.5300880670547485,0.6896842122077942,-0.14344222843647003,0.7802992463111877,0.5033285617828369,0.7031156420707703,-0.08048196882009506,0.6724132895469666,0.5079866647720337,0.8305824995040894,-0.05848633125424385,0.7215532660484314,0.5188337564468384,0.8742572069168091,-0.03987830504775047,0.8436508178710938,0.5001090168952942,0.8464663624763489,-0.05642826482653618,0.519904613494873,0.5242931842803955,0.8929062485694885,-0.04069552198052406,0.5914729237556458,0.5016435384750366,0.8963444232940674,-0.16050437092781067,0.7993288040161133,0.5126042366027832,0.9216976165771484,-0.14763031899929047,0.8413785099983215
51,0.5077561140060425,0.31688717007637024,-0.20713967084884644,0.9999939799308777,0.5124512910842896,0.30241870880126953,-0.19060565531253815,0.9999884366989136,0.5158972144126892,0.30285531282424927,-0.19077442586421967,0.9999862909317017,0.5190836787223816,0.3037950396537781,-0.19073550403118134,0.9999898076057434,0.5036212205886841,0.3038725256919861,-0.1890525370836258,0.9999915957450867,0.5010416507720947,0.30449000000953674,-0.18922112882137299,0.9999918341636658,0.4978589415550232,0.3055151104927063,-0.18924646079540253,0.9999919533729553,0.5231602787971497,0.31040406227111816,-0.10306607186794281,0.9999908804893494,0.49638307094573975,0.310808390378952,-0.09432194381952286,0.9999665021896362,0.5146728754043579,0.3313905596733093,-0.17345817387104034,0.9999873638153076,0.5031876564025879,0.3309478163719177,-0.17243757843971252,0.999983012676239,0.5459986925125122,0.38287389278411865,-0.07465518265962601,0.9999864101409912,0.4838419556617737,0.3846207559108734,-0.0482170395553112,0.9999653697013855,0.5960436463356018,0.3958209455013275,-0.20229892432689667,0.9912952184677124,0.43415406346321106,0.42210131883621216,-0.18006190657615662,0.9802455902099609,0.5487858057022095,0.4018648564815521,-0.3552989959716797,0.9812453389167786,0.48286721110343933,0.4107401371002197,-0.34917935729026794,0.9873438477516174,0.5374985337257385,0.39678511023521423,-0.3946654498577118,0.9556390643119812,0.4933737814426422,0.40351980924606323,-0.38992419838905334,0.972567081451416,0.5337289571762085,0.3920380473136902,-0.3854465186595917,0.95097416639328,0.49719005823135376,0.40185099840164185,-0.3788489103317261,0.9680302739143372,0.5368077754974365,0.39733633399009705,-0.3545423448085785,0.9238768815994263,0.4944767951965332,0.40690383315086365,-0.3497569262981415,0.9473103284835815,0.5338799953460693,0.5581279993057251,-0.012677997350692749,0.9999098777770996,0.4967430830001831,0.5585640668869019,0.012471573427319527,0.9999197125434875,0.5299983024597168,0.688170850276947,-0.14897969365119934,0.7850248217582703,0.5042380690574646,0.703402042388916,-0.08422325551509857,0.6794250011444092,0.5079485177993774,0.8307841420173645,-0.0714467465877533,0.7222399115562439,0.5188416838645935,0.8735440969467163,-0.04749499633908272,0.8455972075462341,0.49918875098228455,0.8528054356575012,-0.06961296498775482,0.5215128660202026,0.5242672562599182,0.8919375538825989,-0.0488554984331131,0.593438982963562,0.501278281211853,0.899895429611206,-0.17680512368679047,0.7998675107955933,0.5129735469818115,0.9217886924743652,-0.16146250069141388,0.8434003591537476
52,0.50848788022995,0.3160741627216339,-0.2827146649360657,0.9999939799308777,0.5130791664123535,0.3015100955963135,-0.26700344681739807,0.9999885559082031,0.5166030526161194,0.30205562710762024,-0.2672075629234314,0.9999864101409912,0.5196180939674377,0.3029559254646301,-0.2671509087085724,0.9999898076057434,0.504145085811615,0.3029395341873169,-0.2665611207485199,0.9999917149543762,0.501663088798523,0.3035047948360443,-0.266753613948822,0.9999919533729553,0.49846094846725464,0.30449753999710083,-0.266787588596344,0.9999920725822449,0.5237478613853455,0.30992135405540466,-0.1740250289440155,0.9999909400939941,0.4968525469303131,0.3097449243068695,-0.17063802480697632,0.9999674558639526,0.5153238773345947,0.33071407675743103,-0.24637551605701447,0.9999873042106628,0.5036744475364685,0.33009397983551025,-0.2468375265598297,0.9999831318855286,0.5461004376411438,0.3825127184391022,-0.13073404133319855,0.9999862909317017,0.4839121997356415,0.3835393786430359,-0.11914172023534775,0.9999658465385437,0.5960974097251892,0.395647794008255,-0.2702008783817291,0.9910089373588562,0.4341583251953125,0.4213757812976837,-0.2582447826862335,0.9807496666908264,0.549067497253418,0.4018677771091461,-0.43340417742729187,0.9810694456100464,0.4828004837036133,0.410597562789917,-0.43392905592918396,0.9880377054214478,0.5379647612571716,0.39681705832481384,-0.4750967025756836,0.9556818008422852,0.4933127760887146,0.4023287296295166,-0.4780878722667694,0.9740074276924133,0.5342649221420288,0.3920721709728241,-0.46543535590171814,0.9510274529457092,0.49714383482933044,0.400871217250824,-0.4663030505180359,0.9696934223175049,0.5372302532196045,0.39734843373298645,-0.43286898732185364,0.9237008094787598,0.49442559480667114,0.40616297721862793,-0.4343789219856262,0.949819803237915,0.5340086817741394,0.5582054257392883,-0.007292927708476782,0.9999064803123474,0.4968450963497162,0.5586931705474854,0.007104332558810711,0.999918520450592,0.5299608707427979,0.691193163394928,-0.0838220939040184,0.7684881091117859,0.5058742165565491,0.7037837505340576,-0.08387010544538498,0.6790286898612976,0.5070102214813232,0.8309769630432129,0.012443562038242817,0.7191763520240784,0.5186200737953186,0.8713979125022888,-0.04312925040721893,0.8467822670936584,0.4964836537837982,0.8561345338821411,0.015540767461061478,0.5182715058326721,0.5233619213104248,0.889585554599762,-0.04211490973830223,0.5890414118766785,0.5011741518974304,0.900934636592865,-0.09134478121995926,0.7982640862464905,0.5135900974273682,0.9216816425323486,-0.1555471569299698,0.8444185256958008
53,0.5090774893760681,0.31572026014328003,-0.27867424488067627,0.9999938607215881,0.5135607123374939,0.30102357268333435,-0.2626365125179291,0.9999884366989136,0.5171495676040649,0.3016537129878998,-0.26283401250839233,0.9999861717224121,0.5200979709625244,0.30250775814056396,-0.2627778649330139,0.9999896287918091,0.5044851899147034,0.3024400472640991,-0.262073814868927,0.9999916553497314,0.5020793676376343,0.30299901962280273,-0.26226741075515747,0.9999918937683105,0.49891698360443115,0.30401092767715454,-0.2623026669025421,0.9999920129776001,0.5246213674545288,0.30973079800605774,-0.16891884803771973,0.9999907612800598,0.49722400307655334,0.30953308939933777,-0.16494549810886383,0.9999674558639526,0.515801191329956,0.33058789372444153,-0.24207700788974762,0.9999869465827942,0.5039835572242737,0.32985302805900574,-0.24239172041416168,0.9999828338623047,0.5462823510169983,0.38250261545181274,-0.12527789175510406,0.999985933303833,0.4840056598186493,0.3828730285167694,-0.11383369565010071,0.999965488910675,0.596112847328186,0.3956470787525177,-0.26177042722702026,0.9902870059013367,0.43412911891937256,0.4207315444946289,-0.2526988983154297,0.9804400205612183,0.5493180751800537,0.4017970561981201,-0.42462074756622314,0.9797902703285217,0.4827391505241394,0.41037872433662415,-0.42835137248039246,0.9879307150840759,0.5384990572929382,0.3971054255962372,-0.46623581647872925,0.9534968733787537,0.4932316541671753,0.40181368589401245,-0.4721044600009918,0.9737286567687988,0.5348754525184631,0.39223912358283997,-0.4567091166973114,0.9486643075942993,0.4969657361507416,0.39993640780448914,-0.4603554904460907,0.9693412184715271,0.5377980470657349,0.39736542105674744,-0.42414578795433044,0.9199148416519165,0.4943324625492096,0.4051816165447235,-0.4287903606891632,0.9489524364471436,0.5341163277626038,0.5582904815673828,-0.004782051779329777,0.9999040961265564,0.49687400460243225,0.5588091611862183,0.004597739782184362,0.9999176859855652,0.5299418568611145,0.6932455897331238,-0.08833322674036026,0.750266969203949,0.5070856213569641,0.7040452361106873,-0.08421999961137772,0.6741527318954468,0.5066799521446228,0.8317017555236816,0.004751414060592651,0.7116966843605042,0.5184511542320251,0.8713538646697998,-0.039371587336063385,0.8451801538467407,0.49457821249961853,0.8586530089378357,0.007534876000136137,0.5118604302406311,0.5224131941795349,0.8892770409584045,-0.039089594036340714,0.5803580284118652,0.5011916756629944,0.9012899398803711,-0.10149738192558289,0.7927672266960144,0.5140041708946228,0.9216838479042053,-0.15249566733837128,0.8422923684120178
54,0.5098543763160706,0.31553077697753906,-0.2806428074836731,0.9999937415122986,0.5142002701759338,0.30053868889808655,-0.26473984122276306,0.9999881386756897,0.517923891544342,0.30118146538734436,-0.2649398446083069,0.9999857544898987,0.52067631483078,0.30186885595321655,-0.26488569378852844,0.9999892711639404,0.5049588680267334,0.3020496666431427,-0.264666885137558,0.9999914765357971,0.5025861859321594,0.30262914299964905,-0.2648576498031616,0.9999917149543762,0.49947628378868103,0.3036198914051056,-0.264893114566803,0.9999918341636658,0.5250968337059021,0.3088223338127136,-0.17076784372329712,0.9999904632568359,0.4974882900714874,0.3091253638267517,-0.16891507804393768,0.9999672174453735,0.5163955092430115,0.33036455512046814,-0.2437717467546463,0.999986469745636,0.5045291781425476,0.32963335514068604,-0.24470728635787964,0.9999824166297913,0.5463582277297974,0.3823395371437073,-0.12643221020698547,0.9999856352806091,0.4840935468673706,0.38227909803390503,-0.11727786809206009,0.9999651908874512,0.5961503386497498,0.3956504166126251,-0.2613595426082611,0.9896292090415955,0.43413013219833374,0.4202268421649933,-0.25556349754333496,0.980309009552002,0.5494411587715149,0.401689738035202,-0.4248110055923462,0.9789639115333557,0.48203739523887634,0.41046208143234253,-0.4301358163356781,0.9881008267402649,0.5386625528335571,0.3970935344696045,-0.46659496426582336,0.9524658918380737,0.4923537075519562,0.402336984872818,-0.4738801419734955,0.9741731286048889,0.5350731611251831,0.39215710759162903,-0.4575590193271637,0.9476410746574402,0.49610090255737305,0.3999527394771576,-0.46255195140838623,0.9698613286018372,0.5380510091781616,0.3971603810787201,-0.4245573580265045,0.9181536436080933,0.49380216002464294,0.4052881598472595,-0.4306768774986267,0.949524462223053,0.5341646075248718,0.5585137605667114,-0.0038855080492794514,0.9999001622200012,0.49690622091293335,0.558984100818634,0.00370179140008986,0.9999152421951294,0.5299459099769592,0.6955782175064087,-0.0917821079492569,0.7355631589889526,0.5085422396659851,0.7092342972755432,-0.0823981985449791,0.6680049896240234,0.5066137909889221,0.8366768956184387,0.0024535434786230326,0.7059352993965149,0.5184510946273804,0.8719289898872375,-0.028277425095438957,0.8434597253799438,0.4942612648010254,0.8627921342849731,0.005352589767426252,0.5076594948768616,0.5221990346908569,0.8893927931785583,-0.02791851945221424,0.5728151798248291,0.5012640953063965,0.9031182527542114,-0.1026010736823082,0.7884485125541687,0.5145381093025208,0.9219051599502563,-0.14509692788124084,0.839753270149231
55,0.5105088949203491,0.31532520055770874,-0.19764558970928192,0.9999932050704956,0.5150362253189087,0.3002024292945862,-0.1784760057926178,0.9999869465827942,0.5188201069831848,0.3009066879749298,-0.17863090336322784,0.9999843835830688,0.5214216709136963,0.3015289306640625,-0.1785881370306015,0.9999882578849792,0.5055145621299744,0.3015718162059784,-0.17777293920516968,0.9999906420707703,0.5030620694160461,0.30215296149253845,-0.17793789505958557,0.9999909400939941,0.5000051259994507,0.3030681312084198,-0.1779647320508957,0.9999911189079285,0.5259096026420593,0.3084334433078766,-0.08262107521295547,0.9999895095825195,0.49777013063430786,0.30867859721183777,-0.07743590325117111,0.9999635815620422,0.5171934366226196,0.330245703458786,-0.16099689900875092,0.9999857544898987,0.5049930214881897,0.3294740915298462,-0.1611679643392563,0.9999815225601196,0.5464152693748474,0.3822389245033264,-0.050568945705890656,0.9999845623970032,0.4842572510242462,0.3817380964756012,-0.03355591371655464,0.9999627470970154,0.5961801409721375,0.3956531286239624,-0.17048786580562592,0.9894723296165466,0.4341977834701538,0.4197727143764496,-0.1662437468767166,0.9802495241165161,0.5494958162307739,0.40077340602874756,-0.33025339245796204,0.9784901142120361,0.4818769693374634,0.4103364050388336,-0.3377932608127594,0.9870059490203857,0.5386506915092468,0.3959086835384369,-0.37099307775497437,0.95110023021698,0.4921761751174927,0.40236344933509827,-0.3795079290866852,0.971738338470459,0.535078227519989,0.3908644914627075,-0.36316773295402527,0.946232795715332,0.4958454668521881,0.3996725082397461,-0.3684503734111786,0.9671472907066345,0.5381001234054565,0.3955158591270447,-0.3304500877857208,0.9165129661560059,0.49360546469688416,0.40479740500450134,-0.33851516246795654,0.9451109766960144,0.534164547920227,0.5583297610282898,-0.0040555293671786785,0.9999005794525146,0.49690935015678406,0.5588496327400208,0.003879755502566695,0.9999147057533264,0.5280082821846008,0.6881325840950012,-0.20155707001686096,0.7556966543197632,0.5082119703292847,0.7097586989402771,-0.07073447853326797,0.6800501942634583,0.5076072216033936,0.8343195915222168,-0.10175846517086029,0.7123473286628723,0.5184279680252075,0.8723095655441284,-0.007178979925811291,0.846977949142456,0.498420387506485,0.8533902168273926,-0.09704846888780594,0.5162487626075745,0.5221968293190002,0.8894778490066528,-0.006124473642557859,0.5751320719718933,0.5032210946083069,0.8991663455963135,-0.2069162279367447,0.7920017838478088,0.514513373374939,0.9219034314155579,-0.12318233400583267,0.8411597609519958
56,0.5110929012298584,0.3150235414505005,-0.13794176280498505,0.9999936819076538,0.5157220363616943,0.29990434646606445,-0.11661729216575623,0.9999878406524658,0.5194669961929321,0.3006877601146698,-0.11671584099531174,0.9999855160713196,0.5220604538917542,0.3013046681880951,-0.11666717380285263,0.9999890327453613,0.5061496496200562,0.3010972738265991,-0.11723203212022781,0.9999912977218628,0.5035635232925415,0.3017181158065796,-0.11736945807933807,0.9999915957450867,0.5006240606307983,0.3025752007961273,-0.11735973507165909,0.999991774559021,0.5266702771186829,0.3083471655845642,-0.020281225442886353,0.9999901652336121,0.49806153774261475,0.3084273934364319,-0.020480040460824966,0.9999657869338989,0.5177609324455261,0.32999274134635925,-0.10168127715587616,0.9999867081642151,0.5054869055747986,0.3293323516845703,-0.10343324393033981,0.9999827146530151,0.5464251041412354,0.38211193680763245,0.0068357414565980434,0.9999848008155823,0.48435163497924805,0.38135817646980286,0.007632840890437365,0.9999635815620422,0.5962240099906921,0.39571791887283325,-0.11838041990995407,0.9895017147064209,0.4342304766178131,0.41938790678977966,-0.13526275753974915,0.9807658195495605,0.5495954751968384,0.40014225244522095,-0.2947784960269928,0.9789259433746338,0.4813125431537628,0.4093940556049347,-0.30247241258621216,0.985641360282898,0.5386572480201721,0.3949252665042877,-0.33615028858184814,0.9524015188217163,0.4915441572666168,0.401779443025589,-0.34280169010162354,0.9691540002822876,0.5350762605667114,0.38981226086616516,-0.32931777834892273,0.9478719234466553,0.4951101839542389,0.39809513092041016,-0.32985708117485046,0.9642103314399719,0.5380831956863403,0.39431723952293396,-0.2959516942501068,0.9191827178001404,0.49307411909103394,0.40289315581321716,-0.3022465109825134,0.9404821395874023,0.5341706871986389,0.5566860437393188,-0.00483649130910635,0.9999028444290161,0.49690523743629456,0.557953417301178,0.004661833867430687,0.9999147653579712,0.5286012291908264,0.5555709600448608,-0.338642418384552,0.7786468267440796,0.5078862309455872,0.7097874879837036,-0.0634954646229744,0.7000681757926941,0.5186880230903625,0.7704639434814453,-0.29905930161476135,0.7318163514137268,0.5183031558990479,0.872246265411377,-0.0053457291796803474,0.8544528484344482,0.5187593698501587,0.7908499836921692,-0.300292044878006,0.5461298227310181,0.5221478939056396,0.8895248770713806,-0.005063254851847887,0.5882484912872314,0.5073568224906921,0.8311294317245483,-0.42226019501686096,0.8072926998138428,0.5143349170684814,0.9218637943267822,-0.1255590170621872,0.8476206660270691
57,0.5117292404174805,0.314235657453537,-0.16053034365177155,0.9999942779541016,0.5164604783058167,0.29936230182647705,-0.13987399637699127,0.9999889135360718,0.5200240612030029,0.30025118589401245,-0.13998283445835114,0.9999868273735046,0.5226380228996277,0.3008774220943451,-0.13993552327156067,0.9999899864196777,0.5069741010665894,0.30043476819992065,-0.1412804126739502,0.9999920725822449,0.5041736960411072,0.30115726590156555,-0.1414160430431366,0.999992311000824,0.5014028549194336,0.3019675016403198,-0.14140461385250092,0.9999924898147583,0.5275253653526306,0.30820804834365845,-0.04300899803638458,0.9999909996986389,0.49851882457733154,0.30805671215057373,-0.04685948044061661,0.9999687075614929,0.5185703039169312,0.32964038848876953,-0.12387439608573914,0.9999878406524658,0.5059759020805359,0.32889389991760254,-0.12663903832435608,0.9999842047691345,0.5465577840805054,0.38169845938682556,-0.01066901721060276,0.9999855756759644,0.48442593216896057,0.3810398578643799,-0.017454147338867188,0.9999656677246094,0.5963737368583679,0.3957218527793884,-0.13283400237560272,0.9895229935646057,0.43428662419319153,0.4188000559806824,-0.15880945324897766,0.9816825985908508,0.5496784448623657,0.3995119333267212,-0.31087544560432434,0.9795438051223755,0.48100578784942627,0.40922343730926514,-0.3250751197338104,0.9855161309242249,0.5386403203010559,0.3937074840068817,-0.35245245695114136,0.9541290998458862,0.4911578595638275,0.40153035521507263,-0.36633333563804626,0.9689581394195557,0.5350563526153564,0.3891199827194214,-0.3468260169029236,0.9499673843383789,0.49471327662467957,0.3977881968021393,-0.3543607294559479,0.9640777111053467,0.5380571484565735,0.393783301115036,-0.31253764033317566,0.9223746657371521,0.49287426471710205,0.40266382694244385,-0.32518479228019714,0.9399324655532837,0.5344125032424927,0.5556783080101013,-0.004610185977071524,0.9999034404754639,0.4967702031135559,0.5577638745307922,0.004392658825963736,0.9999140501022339,0.5308966040611267,0.5214894413948059,-0.33330580592155457,0.7989535927772522,0.5076788663864136,0.7098175883293152,-0.05518044903874397,0.717939555644989,0.5316632986068726,0.708740770816803,-0.3098098933696747,0.7481745481491089,0.5182345509529114,0.8722748160362244,0.002942688064649701,0.8603495955467224,0.5255430340766907,0.753214418888092,-0.31262680888175964,0.5731167793273926,0.5220719575881958,0.8895788192749023,0.003325969912111759,0.5986656546592712,0.52492356300354,0.7592493295669556,-0.43265944719314575,0.8213173747062683,0.5142518877983093,0.922090470790863,-0.11635901033878326,0.8531093001365662
58,0.5122366547584534,0.31389477849006653,-0.15508142113685608,0.9999948143959045,0.5170848965644836,0.29914408922195435,-0.13464227318763733,0.9999898672103882,0.5205480456352234,0.3000682294368744,-0.1347476840019226,0.9999880194664001,0.5231272578239441,0.30069664120674133,-0.13470453023910522,0.9999908804893494,0.5075297951698303,0.30021268129348755,-0.1356445699930191,0.9999927878379822,0.5046265721321106,0.300987184047699,-0.135774165391922,0.9999930262565613,0.5018911957740784,0.3018067479133606,-0.1357610821723938,0.9999931454658508,0.5279998779296875,0.3081812262535095,-0.040265925228595734,0.999991774559021,0.4988069236278534,0.3079756498336792,-0.04257863014936447,0.9999713897705078,0.5191323161125183,0.32943928241729736,-0.11958082020282745,0.9999889135360718,0.5064569115638733,0.3287438750267029,-0.1219119280576706,0.9999855756759644,0.5466631650924683,0.38166069984436035,-0.010762647725641727,0.9999864101409912,0.48443448543548584,0.381119042634964,-0.016144195571541786,0.9999678134918213,0.5965250730514526,0.39581578969955444,-0.13363519310951233,0.9897053241729736,0.434318482875824,0.41832828521728516,-0.16001033782958984,0.9825583100318909,0.5498331785202026,0.3991193175315857,-0.30961933732032776,0.980169415473938,0.4810042083263397,0.4086909294128418,-0.3264544606208801,0.9851648807525635,0.5387421250343323,0.3931637406349182,-0.3504943549633026,0.9557719230651855,0.49114879965782166,0.400459349155426,-0.3674287796020508,0.9683164954185486,0.5351194143295288,0.3888257145881653,-0.34395113587379456,0.9519122838973999,0.4947074055671692,0.3967630863189697,-0.35429418087005615,0.9633991718292236,0.5380640625953674,0.3935264050960541,-0.3107580542564392,0.9254260659217834,0.49286988377571106,0.4017944633960724,-0.32616469264030457,0.9387677311897278,0.5352344512939453,0.5546104311943054,-0.004002326168119907,0.9999058842658997,0.496829092502594,0.5573106408119202,0.0037547284737229347,0.9999157786369324,0.5314913988113403,0.5218304991722107,-0.32681211829185486,0.8178952932357788,0.5075158476829529,0.7095661163330078,-0.052794814109802246,0.7393438220024109,0.5379710793495178,0.6759228706359863,-0.2861584424972534,0.7645898461341858,0.5180095434188843,0.8715372681617737,0.00932583212852478,0.8696832060813904,0.5364494323730469,0.7030388116836548,-0.2867542803287506,0.5984927415847778,0.5215682983398438,0.8886114954948425,0.010328524746000767,0.6143428087234497,0.5348594784736633,0.7406830787658691,-0.4010891020298004,0.8347127437591553,0.5143006443977356,0.9222692847251892,-0.10814274102449417,0.8616312742233276
59,0.5121405124664307,0.3139013648033142,-0.17646972835063934,0.9999947547912598,0.5169529318809509,0.2990798056125641,-0.15679946541786194,0.9999898076057434,0.5204721689224243,0.30002859234809875,-0.15692885220050812,0.9999879598617554,0.5230560898780823,0.3006862998008728,-0.15688881278038025,0.9999908208847046,0.5074968934059143,0.3002401888370514,-0.15671809017658234,0.9999927282333374,0.5046879649162292,0.3010086417198181,-0.1568651795387268,0.9999929666519165,0.5019093751907349,0.3018532991409302,-0.15687112510204315,0.999993085861206,0.5280793309211731,0.30819496512413025,-0.06156241521239281,0.9999917149543762,0.49915674328804016,0.3079161047935486,-0.05883018299937248,0.9999709725379944,0.5190155506134033,0.3294641077518463,-0.14030718803405762,0.9999890923500061,0.5064990520477295,0.32871830463409424,-0.14122766256332397,0.9999858140945435,0.5467900037765503,0.3816041350364685,-0.031180430203676224,0.9999862313270569,0.4844514727592468,0.38100624084472656,-0.022564958781003952,0.9999675154685974,0.5968376398086548,0.3958452343940735,-0.15519095957279205,0.9897798299789429,0.4343366324901581,0.41760268807411194,-0.16129560768604279,0.9831823706626892,0.5514408349990845,0.3993738293647766,-0.3264622390270233,0.9806734323501587,0.48126667737960815,0.40892672538757324,-0.33315733075141907,0.9853280782699585,0.5405756235122681,0.39321327209472656,-0.3686564564704895,0.9567563533782959,0.4912044107913971,0.4000614583492279,-0.37495696544647217,0.9684789180755615,0.5364282727241516,0.38885068893432617,-0.36160242557525635,0.9530919790267944,0.4947601556777954,0.39663276076316833,-0.3625580966472626,0.9636416435241699,0.5389881134033203,0.3938763737678528,-0.3273746073246002,0.9272556304931641,0.4930045008659363,0.40193039178848267,-0.33321258425712585,0.9387637376785278,0.5356218814849854,0.5547452569007874,-0.00619999086484313,0.999906063079834,0.4968637228012085,0.5573422908782959,0.0059361946769058704,0.9999144673347473,0.5262224078178406,0.6196866035461426,-0.3009827733039856,0.8332056403160095,0.5074829459190369,0.7098531126976013,-0.05455389246344566,0.7450536489486694,0.517930269241333,0.8083595633506775,-0.2179376184940338,0.7730486392974854,0.5181502103805542,0.8715423345565796,0.018401145935058594,0.8721025586128235,0.5162172913551331,0.7936959266662598,-0.2145548313856125,0.6112335324287415,0.5217225551605225,0.8885641694068909,0.02062898688018322,0.6166291236877441,0.5101039409637451,0.8794209361076355,-0.33271321654319763,0.8419228196144104,0.5143188834190369,0.923235297203064,-0.10020733624696732,0.8635225296020508
60,0.5124652981758118,0.313827246427536,-0.2563970685005188,0.9999945163726807,0.5172550082206726,0.2990075349807739,-0.2401782125234604,0.9999892711639404,0.5207445025444031,0.30000269412994385,-0.2403828352689743,0.9999873638153076,0.5232946276664734,0.30065321922302246,-0.2403305172920227,0.9999901652336121,0.5080204606056213,0.3000549376010895,-0.23930232226848602,0.9999924302101135,0.5051122903823853,0.3008202314376831,-0.2394835352897644,0.9999927878379822,0.5025478601455688,0.3015861213207245,-0.239518940448761,0.999992847442627,0.5285770893096924,0.3082199692726135,-0.14805784821510315,0.9999914169311523,0.4994860887527466,0.307596355676651,-0.14270175993442535,0.999971330165863,0.519364595413208,0.3294839560985565,-0.22062301635742188,0.9999883770942688,0.5068517923355103,0.32867351174354553,-0.2205323427915573,0.9999853372573853,0.5471161007881165,0.3815477192401886,-0.11123261600732803,0.9999855756759644,0.48446109890937805,0.3807324469089508,-0.0915834978222847,0.9999679923057556,0.5972589254379272,0.395849347114563,-0.2512296438217163,0.9893578290939331,0.43438947200775146,0.4169979691505432,-0.22658398747444153,0.9835196137428284,0.552441418170929,0.39940816164016724,-0.41835200786590576,0.9811418652534485,0.481477290391922,0.4085087478160858,-0.4053283929824829,0.986627995967865,0.5414133071899414,0.39324504137039185,-0.461264431476593,0.9586465954780579,0.491234689950943,0.39857417345046997,-0.4499070346355438,0.9713191986083984,0.5371690988540649,0.3888840675354004,-0.45236462354660034,0.9552057981491089,0.4948502779006958,0.39487266540527344,-0.43906915187835693,0.9669193029403687,0.539595901966095,0.3940470814704895,-0.4182796776294708,0.9302849173545837,0.49317532777786255,0.4007990062236786,-0.40623146295547485,0.9442245960235596,0.5360816121101379,0.5560709834098816,-0.0069959405809640884,0.9998984932899475,0.49688607454299927,0.5581187009811401,0.006758185103535652,0.9999104738235474,0.5270565152168274,0.6937243342399597,-0.09809090197086334,0.8113976716995239,0.5076191425323486,0.7098398804664612,-0.06491658836603165,0.7336223125457764,0.5104583501815796,0.8401334285736084,-0.008037527091801167,0.7694917321205139,0.5184932351112366,0.8712540864944458,-0.00221525807864964,0.8708657622337341,0.5041869282722473,0.8490086197853088,-0.005293853115290403,0.6057255864143372,0.5220068693161011,0.8882454037666321,-0.0005564243765547872,0.6167463660240173,0.5039437413215637,0.9064992666244507,-0.10951023548841476,0.8400777578353882,0.5148221254348755,0.9237852692604065,-0.10373235493898392,0.8628860712051392
61,0.5127904415130615,0.31383323669433594,-0.30063772201538086,0.9999946355819702,0.5176931619644165,0.29902565479278564,-0.2847191095352173,0.9999895691871643,0.5210358500480652,0.3000170886516571,-0.28492850065231323,0.9999876618385315,0.5235718488693237,0.30065277218818665,-0.2848723530769348,0.9999903440475464,0.5085179209709167,0.299959659576416,-0.28487202525138855,0.9999926686286926,0.5055009722709656,0.300676554441452,-0.2850627899169922,0.999993085861206,0.5030931234359741,0.30135786533355713,-0.285099595785141,0.999993085861206,0.5287559628486633,0.308239609003067,-0.18926368653774261,0.9999915957450867,0.49964281916618347,0.3073873519897461,-0.18835191428661346,0.9999728202819824,0.519745409488678,0.3294946253299713,-0.26321834325790405,0.9999884963035583,0.5072833299636841,0.32864001393318176,-0.2643944323062897,0.9999857544898987,0.5473862290382385,0.38155627250671387,-0.14721053838729858,0.9999852776527405,0.4844268560409546,0.3807452619075775,-0.13302916288375854,0.9999688863754272,0.5974403023719788,0.39595726132392883,-0.29189014434814453,0.9892634749412537,0.4343113303184509,0.4167080819606781,-0.27500632405281067,0.9844002723693848,0.552949070930481,0.399424284696579,-0.4637507200241089,0.9814431667327881,0.4811769425868988,0.40845787525177,-0.45430245995521545,0.987802267074585,0.5416286587715149,0.3937236964702606,-0.5075830817222595,0.9598430395126343,0.4909300208091736,0.3983544111251831,-0.49973422288894653,0.9738229513168335,0.5373523235321045,0.38931959867477417,-0.4989493787288666,0.9564869403839111,0.49467772245407104,0.39461758732795715,-0.4882372319698334,0.9697948098182678,0.5399702191352844,0.39439505338668823,-0.46389299631118774,0.9318940043449402,0.49308690428733826,0.40070512890815735,-0.4548253118991852,0.9489613771438599,0.536695659160614,0.557172417640686,-0.007476418744772673,0.9998950362205505,0.4971133768558502,0.559354841709137,0.007250217720866203,0.9999096989631653,0.5289888978004456,0.7009286284446716,-0.09676580131053925,0.7974721789360046,0.507561445236206,0.7097269296646118,-0.07722558826208115,0.7272939682006836,0.5081911683082581,0.8449316620826721,-0.0002604495093692094,0.7686120271682739,0.5193494558334351,0.8710655570030212,-0.010744139552116394,0.8711176514625549,0.5005841851234436,0.8565336465835571,0.002893545664846897,0.6033100485801697,0.5228217244148254,0.8878106474876404,-0.008778025396168232,0.620339035987854,0.5018849968910217,0.9101173281669617,-0.10112697631120682,0.8390698432922363,0.5148717761039734,0.9242060780525208,-0.10780336707830429,0.8634523749351501
62,0.5132860541343689,0.3137330710887909,-0.3112219572067261,0.9999943971633911,0.518273651599884,0.2990438938140869,-0.29544728994369507,0.9999892115592957,0.5214102864265442,0.3000292181968689,-0.29566529393196106,0.9999871253967285,0.5241749286651611,0.3006647229194641,-0.29560884833335876,0.999989926815033,0.5091881155967712,0.29982247948646545,-0.29620781540870667,0.9999925494194031,0.5060443878173828,0.3004845082759857,-0.29640552401542664,0.9999929666519165,0.5037469267845154,0.30110350251197815,-0.29644155502319336,0.9999929666519165,0.5291892886161804,0.3082566261291504,-0.19964702427387238,0.9999911189079285,0.4999832808971405,0.3072871267795563,-0.20143894851207733,0.9999727606773376,0.5202935934066772,0.3294459283351898,-0.2735089361667633,0.9999877214431763,0.5078350901603699,0.3285534083843231,-0.2754524052143097,0.9999850988388062,0.5476331114768982,0.3819420039653778,-0.1556134819984436,0.9999844431877136,0.48442772030830383,0.3808187246322632,-0.14505894482135773,0.9999684691429138,0.5975474715232849,0.3959730565547943,-0.2993280589580536,0.9888202548027039,0.4343128502368927,0.41635051369667053,-0.28818708658218384,0.9848803877830505,0.5533078908920288,0.39931923151016235,-0.46753057837486267,0.9808042049407959,0.48118677735328674,0.4075429141521454,-0.46211615204811096,0.9886953830718994,0.5417371988296509,0.394000381231308,-0.510424792766571,0.9588723182678223,0.49097129702568054,0.39760613441467285,-0.5063913464546204,0.9756655693054199,0.5376510620117188,0.3897894322872162,-0.5013032555580139,0.9553033709526062,0.49468448758125305,0.3942186236381531,-0.49473461508750916,0.9718756079673767,0.5405253767967224,0.3945721983909607,-0.46741217374801636,0.9297188520431519,0.4930872321128845,0.4001418650150299,-0.4623386561870575,0.952272891998291,0.537051796913147,0.5582740306854248,-0.007497918326407671,0.9998930096626282,0.4974330961704254,0.5602015852928162,0.007273918949067593,0.9999092817306519,0.5298894643783569,0.7078043818473816,-0.07356171309947968,0.7694445848464966,0.5075315237045288,0.7106776237487793,-0.08278608322143555,0.7115508913993835,0.5055188536643982,0.8540423512458801,0.020466743037104607,0.7616574764251709,0.5194963216781616,0.8729864358901978,-0.020883025601506233,0.8675711154937744,0.49739721417427063,0.8676618337631226,0.022665776312351227,0.592019259929657,0.5231027007102966,0.8901976943016052,-0.019971322268247604,0.6156302690505981,0.5019621849060059,0.9105172753334045,-0.08286237716674805,0.8318603038787842,0.5149590373039246,0.9242116212844849,-0.12478683143854141,0.8597235679626465
63,0.513562023639679,0.31371381878852844,-0.3329794108867645,0.9999942779541016,0.5186656713485718,0.2990843653678894,-0.3182986080646515,0.9999890327453613,0.5216808915138245,0.30008354783058167,-0.3185223340988159,0.9999867677688599,0.5246663689613342,0.3007533550262451,-0.3184669613838196,0.9999897480010986,0.509506106376648,0.2998102009296417,-0.31892889738082886,0.9999924898147583,0.5062927603721619,0.300447016954422,-0.3191305100917816,0.999992847442627,0.5040174126625061,0.3010670840740204,-0.31916865706443787,0.9999929070472717,0.5296215415000916,0.30855560302734375,-0.22405387461185455,0.9999908208847046,0.5001736283302307,0.3073021173477173,-0.22523760795593262,0.9999727010726929,0.5205919146537781,0.329450398683548,-0.29544785618782043,0.999987006187439,0.5080323219299316,0.3285544216632843,-0.2972354590892792,0.9999845027923584,0.5476858019828796,0.38205352425575256,-0.17753829061985016,0.9999839663505554,0.48459190130233765,0.380850225687027,-0.16459424793720245,0.9999680519104004,0.5978072881698608,0.39594486355781555,-0.3189064860343933,0.988659143447876,0.43435174226760864,0.4158876836299896,-0.3043575584888458,0.9852780103683472,0.553581953048706,0.39930856227874756,-0.48166781663894653,0.9802942276000977,0.48128655552864075,0.407182514667511,-0.47136858105659485,0.9893662929534912,0.5421634912490845,0.3950665593147278,-0.5236077308654785,0.9577621221542358,0.4911571443080902,0.3972378671169281,-0.5147035717964172,0.9769430756568909,0.5380758047103882,0.3908448815345764,-0.514843761920929,0.9539466500282288,0.4947353005409241,0.39396846294403076,-0.5029543042182922,0.9732809662818909,0.5409992337226868,0.3950674831867218,-0.4814702868461609,0.9273092150688171,0.4931236803531647,0.39973005652427673,-0.4713829755783081,0.9544124603271484,0.5372167825698853,0.5586466193199158,-0.008085418492555618,0.9998918175697327,0.49790722131729126,0.5610898733139038,0.00787209440022707,0.9999094009399414,0.5298651456832886,0.7065421938896179,-0.05643641576170921,0.7369890809059143,0.5074742436408997,0.7106651663780212,-0.08251170068979263,0.6954256296157837,0.5054677128791809,0.8551227450370789,0.04214094579219818,0.7515350580215454,0.5196484923362732,0.876773476600647,-0.029073962941765785,0.8649290800094604,0.49546775221824646,0.8763018250465393,0.04450773075222969,0.5768419504165649,0.5236640572547913,0.8946353197097778,-0.029426787048578262,0.6122720837593079,0.502668559551239,0.9072137475013733,-0.0589747354388237,0.8223141431808472,0.5148319005966187,0.9242050647735596,-0.13768227398395538,0.8575100898742676
64,0.5137107372283936,0.3137032985687256,-0.3159099519252777,0.9999943375587463,0.5189787149429321,0.29910075664520264,-0.30093973875045776,0.9999891519546509,0.5218814611434937,0.30011045932769775,-0.3011593520641327,0.9999868273735046,0.5250131487846375,0.30081459879875183,-0.3011045753955841,0.9999898076057434,0.5097004771232605,0.2997904121875763,-0.30124327540397644,0.9999926090240479,0.5064542889595032,0.300404816865921,-0.3014425039291382,0.9999929070472717,0.5042085647583008,0.301005482673645,-0.30147483944892883,0.9999929666519165,0.5299889445304871,0.30885571241378784,-0.2074347287416458,0.9999908208847046,0.5003209710121155,0.3072616755962372,-0.2070913463830948,0.9999732375144958,0.5207459330558777,0.3294571340084076,-0.27877697348594666,0.9999865889549255,0.5081496834754944,0.3285354673862457,-0.28011319041252136,0.9999842047691345,0.5477372407913208,0.3821449279785156,-0.1640244424343109,0.9999834895133972,0.4847422242164612,0.3808431923389435,-0.14943167567253113,0.9999674558639526,0.5981045365333557,0.39594390988349915,-0.306694358587265,0.9886627793312073,0.43434077501296997,0.4147316813468933,-0.29095950722694397,0.9856701493263245,0.5538185238838196,0.4001924991607666,-0.4708215892314911,0.9804611802101135,0.4814304709434509,0.40719887614250183,-0.46041616797447205,0.990033745765686,0.5427729487419128,0.3978496789932251,-0.5131875872612,0.9583343267440796,0.4915396273136139,0.3972565531730652,-0.503680408000946,0.9783334732055664,0.5384250283241272,0.39328888058662415,-0.5047265887260437,0.9545583128929138,0.49483877420425415,0.39402973651885986,-0.492021381855011,0.9748470187187195,0.5412587523460388,0.39727193117141724,-0.4708983302116394,0.928104817867279,0.49317845702171326,0.3997929096221924,-0.46053460240364075,0.9569656252861023,0.537213921546936,0.5594505667686462,-0.009382357820868492,0.9998893737792969,0.4981383979320526,0.5623310804367065,0.00916672870516777,0.9999077320098877,0.5293041467666626,0.7093164324760437,-0.07037308812141418,0.712818443775177,0.5074506402015686,0.7133652567863464,-0.08238828927278519,0.6795869469642639,0.5054380297660828,0.8594409823417664,0.00969820749014616,0.7484148144721985,0.5197102427482605,0.8790517449378967,-0.026526005938649178,0.8620127439498901,0.4965229332447052,0.8768530488014221,0.010085294023156166,0.5687556862831116,0.5237374305725098,0.897440493106842,-0.02719373069703579,0.6097952127456665,0.5030530095100403,0.9082111120223999,-0.09774845093488693,0.8188779354095459,0.5146439075469971,0.924189567565918,-0.13664238154888153,0.8550888299942017
65,0.5140820741653442,0.3137076497077942,-0.34406259655952454,0.9999942779541016,0.5196508765220642,0.29918622970581055,-0.32951846718788147,0.9999890923500061,0.5222266912460327,0.30014273524284363,-0.32974565029144287,0.9999865889549255,0.5255951881408691,0.30085673928260803,-0.3296847343444824,0.9999896883964539,0.5101768374443054,0.2997991144657135,-0.33046233654022217,0.9999926090240479,0.5068153142929077,0.3004118502140045,-0.33066949248313904,0.9999929070472717,0.5045231580734253,0.3010062873363495,-0.33070436120033264,0.9999929666519165,0.5303179621696472,0.3089222311973572,-0.23395845293998718,0.9999905228614807,0.5004969835281372,0.3072681427001953,-0.23666097223758698,0.9999732375144958,0.5210250020027161,0.32947587966918945,-0.30587923526763916,0.9999858140945435,0.5084906220436096,0.3285392224788666,-0.3080708086490631,0.999983549118042,0.5478699803352356,0.38215363025665283,-0.18417313694953918,0.9999825358390808,0.4849054217338562,0.38075992465019226,-0.17844650149345398,0.9999667406082153,0.5983917117118835,0.3958055078983307,-0.33349090814590454,0.9881523251533508,0.43437206745147705,0.41378095746040344,-0.3223798871040344,0.9861521124839783,0.5549007058143616,0.399847149848938,-0.5068854093551636,0.9791383743286133,0.48166659474372864,0.40715232491493225,-0.49083471298217773,0.9905348420143127,0.5444290637969971,0.398607075214386,-0.5510476231575012,0.9559878706932068,0.49218761920928955,0.3976699113845825,-0.534983217716217,0.9792619943618774,0.5393060445785522,0.3936549723148346,-0.5427777171134949,0.9518808722496033,0.4952775835990906,0.3941492736339569,-0.5234707593917847,0.9758601784706116,0.5419253706932068,0.39733806252479553,-0.5073822140693665,0.9237918853759766,0.49340638518333435,0.3998555541038513,-0.49092814326286316,0.9584135413169861,0.5376273393630981,0.5600853562355042,-0.008238609880208969,0.9998865723609924,0.4986993968486786,0.563374936580658,0.008016657084226608,0.9999061226844788,0.5293086171150208,0.714349627494812,-0.0616176500916481,0.681053638458252,0.5074379444122314,0.7138754725456238,-0.08052513003349304,0.657913863658905,0.5051523447036743,0.8619804382324219,0.019471874460577965,0.7409534454345703,0.5198073983192444,0.879935622215271,-0.02565349079668522,0.8557911515235901,0.49628037214279175,0.8783315420150757,0.019686253741383553,0.5576133131980896,0.5237339735031128,0.89803546667099,-0.026258058845996857,0.5985979437828064,0.5040851831436157,0.9112657308578491,-0.08942940086126328,0.8112069964408875,0.514789879322052,0.9240396022796631,-0.1373869627714157,0.8482411503791809
66,0.5146797299385071,0.3137564957141876,-0.3357012867927551,0.9999939799308777,0.5202437043190002,0.2993123233318329,-0.32038503885269165,0.9999886751174927,0.5227305889129639,0.3002057671546936,-0.3206041157245636,0.9999858736991882,0.5264452695846558,0.3009706735610962,-0.3205430209636688,0.9999892115592957,0.5107688903808594,0.2998071312904358,-0.3214570879936218,0.999992311000824,0.5073260068893433,0.30041250586509705,-0.32166334986686707,0.9999925494194031,0.5049364566802979,0.3009963631629944,-0.32170721888542175,0.9999926686286926,0.5307379961013794,0.3089880645275116,-0.22362712025642395,0.999989926815033,0.5007836222648621,0.3072756230831146,-0.2272185981273651,0.9999723434448242,0.5214982628822327,0.3295396864414215,-0.2974042594432831,0.9999846816062927,0.5090695023536682,0.3287246823310852,-0.29987379908561707,0.9999824166297913,0.5485680103302002,0.3822418451309204,-0.17639973759651184,0.9999817609786987,0.4851645231246948,0.3807677626609802,-0.17123542726039886,0.9999655485153198,0.5991367697715759,0.3955141305923462,-0.3261861503124237,0.9875465631484985,0.43437299132347107,0.4126198887825012,-0.31673571467399597,0.9863559007644653,0.5555017590522766,0.3995226323604584,-0.49750787019729614,0.9766547083854675,0.48230740427970886,0.40674570202827454,-0.48386526107788086,0.9905821084976196,0.5446638464927673,0.398560494184494,-0.5407170653343201,0.9508325457572937,0.49413251876831055,0.397707462310791,-0.5279542803764343,0.9789328575134277,0.539987325668335,0.3936426639556885,-0.5310857892036438,0.9459809064865112,0.4967585802078247,0.39420604705810547,-0.5150294303894043,0.9753470420837402,0.5426091551780701,0.3973272740840912,-0.49727168679237366,0.9146952629089355,0.4942169487476349,0.3998456299304962,-0.48344776034355164,0.9570560455322266,0.538221001625061,0.560242235660553,-0.006582870613783598,0.9998857975006104,0.49954330921173096,0.5637226700782776,0.006377731915563345,0.9999066591262817,0.5295599699020386,0.7080835700035095,-0.04399288073182106,0.658169686794281,0.5075178742408752,0.7130504846572876,-0.09182560443878174,0.6542136073112488,0.5053805112838745,0.8539593815803528,0.05638881400227547,0.735537052154541,0.5198415517807007,0.8798232674598694,-0.03334750980138779,0.855636477470398,0.4965829849243164,0.8704679012298584,0.05913177877664566,0.5496235489845276,0.5236817002296448,0.8976649045944214,-0.03303581848740578,0.5963931083679199,0.5036675333976746,0.9085415601730347,-0.045039303600788116,0.8050533533096313,0.5152769684791565,0.9241609573364258,-0.14414988458156586,0.8477015495300293
67,0.5153825879096985,0.3137774169445038,-0.32916176319122314,0.9999939799308777,0.5207615494728088,0.29932430386543274,-0.31364768743515015,0.9999887943267822,0.5232412219047546,0.30021920800209045,-0.3138645589351654,0.999985933303833,0.5271915197372437,0.30098122358322144,-0.31380918622016907,0.9999892711639404,0.511474072933197,0.29980549216270447,-0.31461867690086365,0.9999923706054688,0.5079143047332764,0.3004019260406494,-0.3148171007633209,0.9999925494194031,0.5053374171257019,0.30098557472229004,-0.31485825777053833,0.9999926686286926,0.5311122536659241,0.3089990019798279,-0.21741588413715363,0.9999900460243225,0.5010672807693481,0.30728238821029663,-0.2204952836036682,0.9999727010726929,0.5220624804496765,0.32955995202064514,-0.2912062406539917,0.9999845623970032,0.5099030137062073,0.3289344906806946,-0.29352906346321106,0.9999822378158569,0.548943817615509,0.3822479844093323,-0.17289350926876068,0.9999815821647644,0.48557567596435547,0.3810022473335266,-0.1655171513557434,0.9999643564224243,0.6000562906265259,0.3951873183250427,-0.32255426049232483,0.9874080419540405,0.43446114659309387,0.4110682010650635,-0.31283462047576904,0.9864844679832458,0.5556758642196655,0.3994744122028351,-0.4925045073032379,0.975696861743927,0.4829255938529968,0.4055770933628082,-0.4820972979068756,0.990578293800354,0.5448085069656372,0.39765504002571106,-0.5359581112861633,0.9489426016807556,0.4947985112667084,0.39719319343566895,-0.5262613892555237,0.9786798357963562,0.540066123008728,0.39342001080513,-0.5259777903556824,0.9438408017158508,0.4976828992366791,0.39418825507164,-0.5132144093513489,0.9749771952629089,0.5425800085067749,0.39730167388916016,-0.49216127395629883,0.9113026261329651,0.49498969316482544,0.39986732602119446,-0.4817884564399719,0.956262469291687,0.5388726592063904,0.5602381229400635,-0.006268075201660395,0.9998847246170044,0.5004763603210449,0.5636889338493347,0.006063827313482761,0.9999061822891235,0.5299388766288757,0.7047344446182251,-0.06499776244163513,0.647555947303772,0.5082432627677917,0.7127717733383179,-0.08754637092351913,0.6519989967346191,0.5054931044578552,0.8499380350112915,0.03233834356069565,0.7340711951255798,0.5199296474456787,0.8779106140136719,-0.031470440328121185,0.8562433123588562,0.4968562424182892,0.868615448474884,0.03518489748239517,0.5460363030433655,0.5237314105033875,0.895235538482666,-0.029362497851252556,0.5957006216049194,0.5035853981971741,0.911145031452179,-0.07121025025844574,0.8031889796257019,0.515554666519165,0.9246821403503418,-0.14056998491287231,0.8480476140975952
68,0.5160724520683289,0.31378817558288574,-0.36219125986099243,0.999993622303009,0.5211797952651978,0.2993391752243042,-0.3476449251174927,0.9999882578849792,0.5237606763839722,0.30020567774772644,-0.3478701710700989,0.9999851584434509,0.5278609395027161,0.3009941279888153,-0.3478090167045593,0.9999887347221375,0.5122097730636597,0.2998135983943939,-0.3490481674671173,0.9999920725822449,0.5087574124336243,0.30041804909706116,-0.3492562174797058,0.9999921917915344,0.5059165954589844,0.3010178208351135,-0.3493049442768097,0.999992311000824,0.5316409468650818,0.3090116083621979,-0.25080445408821106,0.9999894499778748,0.5018198490142822,0.3073616623878479,-0.25562480092048645,0.9999718070030212,0.5226187109947205,0.32957923412323,-0.3235412538051605,0.999983549118042,0.5109657049179077,0.329144686460495,-0.3263578712940216,0.9999812841415405,0.5493860840797424,0.3823310434818268,-0.2021094113588333,0.9999808073043823,0.4860810935497284,0.3812429904937744,-0.19697579741477966,0.9999628663063049,0.6008275747299194,0.3942645788192749,-0.35464414954185486,0.9869697093963623,0.4344232976436615,0.40930017828941345,-0.35096266865730286,0.9866974353790283,0.5555961728096008,0.3994620442390442,-0.5246447920799255,0.9733074307441711,0.4836946427822113,0.40354621410369873,-0.5195592045783997,0.990385890007019,0.5446770787239075,0.3975810110569,-0.5682657361030579,0.9441627860069275,0.4955671429634094,0.39678847789764404,-0.5642244219779968,0.9777526259422302,0.5399904251098633,0.39347830414772034,-0.5583413243293762,0.9383196830749512,0.49854061007499695,0.3942011594772339,-0.5499112606048584,0.9736853837966919,0.542525589466095,0.3973783254623413,-0.524256706237793,0.9026969075202942,0.4956403970718384,0.39983615279197693,-0.5186437368392944,0.95371413230896,0.5397424101829529,0.5604289770126343,-0.006268104072660208,0.999883770942688,0.5011226534843445,0.5639638304710388,0.0060597811825573444,0.9999061822891235,0.5312430262565613,0.7055061459541321,-0.06559626758098602,0.6294347643852234,0.5083132386207581,0.7127031683921814,-0.08627720922231674,0.6413851976394653,0.505642294883728,0.848975658416748,0.0479777567088604,0.7277239561080933,0.5203899145126343,0.8778626322746277,-0.00726851262152195,0.8552550077438354,0.49709847569465637,0.8661258816719055,0.052205637097358704,0.5348107814788818,0.5253380537033081,0.895098090171814,-0.0044842972420156,0.5910777449607849,0.5033622980117798,0.9105812311172485,-0.05392678827047348,0.7958948016166687,0.5154368877410889,0.9253788590431213,-0.11537966132164001,0.8458819389343262
69,0.5171332955360413,0.3137941062450409,-0.35772761702537537,0.9999935030937195,0.5217267870903015,0.2993543744087219,-0.34252414107322693,0.9999881386756897,0.524685263633728,0.3001910448074341,-0.34273988008499146,0.9999849200248718,0.5287014842033386,0.3009999096393585,-0.3426867127418518,0.9999885559082031,0.5128484964370728,0.2998155653476715,-0.3444021940231323,0.9999920129776001,0.5095210671424866,0.3004169464111328,-0.3446078300476074,0.9999920725822449,0.5064111351966858,0.3010219931602478,-0.34463876485824585,0.9999922513961792,0.5321398377418518,0.3090193569660187,-0.24449393153190613,0.9999892711639404,0.5023271441459656,0.3073522448539734,-0.2509961724281311,0.9999716877937317,0.5235308408737183,0.32960882782936096,-0.31864747405052185,0.9999829530715942,0.5121288299560547,0.32926496863365173,-0.3219563663005829,0.9999808073043823,0.5497774481773376,0.38255754113197327,-0.19859082996845245,0.9999797940254211,0.48618951439857483,0.3812607526779175,-0.19732221961021423,0.9999614953994751,0.6018308401107788,0.3926185965538025,-0.36275357007980347,0.9870007038116455,0.4344107508659363,0.40804770588874817,-0.35948821902275085,0.9873644709587097,0.5558544993400574,0.39920541644096375,-0.541627049446106,0.9718413352966309,0.485055536031723,0.40340331196784973,-0.5281752347946167,0.9905301332473755,0.5451183319091797,0.396762877702713,-0.5871886610984802,0.9401391744613647,0.495988667011261,0.3964911103248596,-0.5720952749252319,0.9775795340538025,0.5402429699897766,0.39337751269340515,-0.5759745836257935,0.9334813356399536,0.4992665648460388,0.3942115902900696,-0.5572811365127563,0.9732650518417358,0.5426702499389648,0.39742210507392883,-0.5412401556968689,0.8953998684883118,0.49653559923171997,0.39985746145248413,-0.5268993377685547,0.9525097012519836,0.5410556793212891,0.5611287355422974,-0.0059856828302145,0.9998829364776611,0.5018564462661743,0.5648966431617737,0.005760550498962402,0.9999053478240967,0.5344125032424927,0.7083523869514465,-0.11941678076982498,0.626115620136261,0.5087487101554871,0.7127287983894348,-0.088530994951725,0.6300418376922607,0.5058044195175171,0.8536148071289062,-0.01512815523892641,0.7224950194358826,0.5206114649772644,0.8783275485038757,-0.010053022764623165,0.8510968685150146,0.49733448028564453,0.866775631904602,-0.01203447487205267,0.5279204845428467,0.5256255865097046,0.8957071304321289,-0.008045760914683342,0.5813544392585754,0.5034604668617249,0.9130772352218628,-0.12472547590732574,0.7896228432655334,0.5154020190238953,0.9260228872299194,-0.11984197795391083,0.8393266797065735
70,0.517608106136322,0.3137998878955841,-0.40259382128715515,0.9999929666519165,0.5220268368721008,0.2993670105934143,-0.3886001706123352,0.9999871850013733,0.5250715613365173,0.3001701235771179,-0.38882026076316833,0.9999836683273315,0.5290741324424744,0.30099982023239136,-0.38876909017562866,0.9999876022338867,0.5132284164428711,0.29981932044029236,-0.3906152546405792,0.9999914765357971,0.5099797248840332,0.30042532086372375,-0.39083942770957947,0.9999915957450867,0.5067678689956665,0.301047146320343,-0.39087507128715515,0.9999916553497314,0.5324628949165344,0.30901387333869934,-0.2903751730918884,0.999988317489624,0.5026637315750122,0.30738693475723267,-0.29760977625846863,0.9999698996543884,0.5240939259529114,0.329617440700531,-0.36298972368240356,0.9999810457229614,0.5127981305122375,0.3294777274131775,-0.3664814829826355,0.9999791383743286,0.5507161021232605,0.3827837109565735,-0.23989275097846985,0.9999784827232361,0.48645660281181335,0.3814372718334198,-0.24206426739692688,0.9999598860740662,0.6027443408966064,0.38925111293792725,-0.41331374645233154,0.9869651198387146,0.4342536926269531,0.40601083636283875,-0.41496896743774414,0.9880084991455078,0.5566034913063049,0.39842507243156433,-0.5957437753677368,0.968124270439148,0.4854595959186554,0.4022456705570221,-0.5861380696296692,0.9901721477508545,0.5457929372787476,0.39567601680755615,-0.6417431235313416,0.929993212223053,0.4964396059513092,0.3954661190509796,-0.6301265358924866,0.9756026864051819,0.5408832430839539,0.39279958605766296,-0.6287699937820435,0.9213898181915283,0.4997883439064026,0.3939540684223175,-0.6137659549713135,0.9703847169876099,0.5431678891181946,0.39722293615341187,-0.5947020649909973,0.8773481845855713,0.49702927470207214,0.39983177185058594,-0.5841652750968933,0.9461970329284668,0.542610764503479,0.5611182451248169,-0.004908527713268995,0.999882698059082,0.5026330351829529,0.5649369955062866,0.00465046800673008,0.9999052286148071,0.537303626537323,0.7064875364303589,-0.14265471696853638,0.6149224042892456,0.5087428689002991,0.7125375866889954,-0.10212258994579315,0.6149031519889832,0.505912184715271,0.8518247008323669,-0.027185196056962013,0.7110297679901123,0.5209025740623474,0.8778343200683594,-0.010803941637277603,0.8457801342010498,0.49703651666641235,0.862175703048706,-0.023231027647852898,0.5150386095046997,0.5262321829795837,0.8951214551925659,-0.008148162625730038,0.5660631060600281,0.5034924149513245,0.9139846563339233,-0.1377539187669754,0.7776083946228027,0.5154679417610168,0.9265703558921814,-0.12192244082689285,0.8297780156135559
71,0.5179997086524963,0.3137926757335663,-0.39884239435195923,0.9999924898147583,0.5223506093025208,0.299375981092453,-0.38421767950057983,0.9999861717224121,0.5255342125892639,0.3001309037208557,-0.3844396471977234,0.9999826550483704,0.529508113861084,0.3009694814682007,-0.3843870162963867,0.9999865889549255,0.5136138796806335,0.29983240365982056,-0.38619038462638855,0.9999908804893494,0.5104572772979736,0.30044570565223694,-0.3864205777645111,0.9999911189079285,0.5071301460266113,0.3010871708393097,-0.3864513635635376,0.9999909996986389,0.5328322649002075,0.30894947052001953,-0.28527337312698364,0.9999876022338867,0.5031072497367859,0.3074493706226349,-0.292261004447937,0.9999680519104004,0.5245383977890015,0.32960763573646545,-0.3591919243335724,0.9999788403511047,0.5132104754447937,0.32950830459594727,-0.362602561712265,0.9999770522117615,0.5515937805175781,0.38282954692840576,-0.23627455532550812,0.9999773502349854,0.48726242780685425,0.38224074244499207,-0.24064607918262482,0.9999579787254333,0.6038444638252258,0.38578328490257263,-0.41952070593833923,0.9873023629188538,0.43474966287612915,0.4037614166736603,-0.4217100143432617,0.9886272549629211,0.5566308498382568,0.3984260559082031,-0.60835200548172,0.9667651057243347,0.48592013120651245,0.4017271399497986,-0.5986738204956055,0.9898744821548462,0.5457199811935425,0.3942973017692566,-0.6553154587745667,0.9248171448707581,0.49657145142555237,0.3944704830646515,-0.6432234048843384,0.9739262461662292,0.5408848524093628,0.3915027976036072,-0.6407604217529297,0.9147505760192871,0.5000655055046082,0.3935966491699219,-0.6257950663566589,0.9678474068641663,0.5432504415512085,0.3969833254814148,-0.6069583892822266,0.8661534786224365,0.49734050035476685,0.39983513951301575,-0.5964405536651611,0.940568208694458,0.5442411303520203,0.5609332323074341,-0.0029171002097427845,0.9998828172683716,0.5037521123886108,0.5648829340934753,0.0026273580733686686,0.999904990196228,0.5401408672332764,0.7068077921867371,-0.142204150557518,0.6129907965660095,0.5093643069267273,0.7114533185958862,-0.10219200700521469,0.6065784692764282,0.5059430003166199,0.8516829609870911,-0.036464571952819824,0.7133654356002808,0.5215040445327759,0.8768444061279297,-0.014245585538446903,0.8472270965576172,0.49717527627944946,0.8619728088378906,-0.034009162336587906,0.514789342880249,0.5262000560760498,0.8946567177772522,-0.01177224051207304,0.5592068433761597,0.5038939714431763,0.9154913425445557,-0.1555069386959076,0.7776275277137756,0.515653133392334,0.926558256149292,-0.13738948106765747,0.8282626867294312
72,0.5186267495155334,0.3137517273426056,-0.4075007736682892,0.9999921917915344,0.5227480530738831,0.299344539642334,-0.393492192029953,0.999985933303833,0.526130735874176,0.3000537157058716,-0.3937211036682129,0.9999821186065674,0.5299715995788574,0.30090588331222534,-0.3936643898487091,0.9999863505363464,0.5140445232391357,0.2997976541519165,-0.39598047733306885,0.9999907612800598,0.5110481977462769,0.3004014790058136,-0.39620769023895264,0.9999909400939941,0.5075718760490417,0.3010485768318176,-0.39624378085136414,0.9999908208847046,0.5333425402641296,0.30883222818374634,-0.29303476214408875,0.9999873042106628,0.5035122036933899,0.3072643578052521,-0.3024066984653473,0.9999673366546631,0.5250905156135559,0.3296130895614624,-0.3667955696582794,0.9999781250953674,0.5136086940765381,0.3295133411884308,-0.37091171741485596,0.9999764561653137,0.5528687238693237,0.38273149728775024,-0.24013668298721313,0.9999764561653137,0.48753821849823,0.3826116621494293,-0.24650055170059204,0.9999561905860901,0.6052647233009338,0.38226965069770813,-0.41464963555336,0.9873334169387817,0.43475088477134705,0.4014415740966797,-0.4259382486343384,0.9890034794807434,0.556769073009491,0.3981286585330963,-0.5996218323707581,0.9647313952445984,0.48673075437545776,0.40060868859291077,-0.6023363471031189,0.9891324043273926,0.5457302927970886,0.3918388783931732,-0.6466303467750549,0.9191744327545166,0.4976453483104706,0.3929423689842224,-0.648356556892395,0.9711315035820007,0.5409702062606812,0.3895030617713928,-0.6343246698379517,0.9077779054641724,0.5015743374824524,0.39238879084587097,-0.6317190527915955,0.9639299511909485,0.5433712601661682,0.3961692750453949,-0.598985493183136,0.8554962873458862,0.49862906336784363,0.39956292510032654,-0.6005121469497681,0.9330474734306335,0.5454445481300354,0.5607590079307556,-0.0026134385261684656,0.9998841285705566,0.5041084885597229,0.5648612380027771,0.0023306242655962706,0.9999059438705444,0.5415348410606384,0.707273006439209,-0.13043227791786194,0.6063455939292908,0.5090401768684387,0.7125599384307861,-0.09776314347982407,0.5988820791244507,0.5066251754760742,0.8511469960212708,-0.004431203473359346,0.707239031791687,0.5215941667556763,0.8773338198661804,-0.007034370210021734,0.8465825915336609,0.4974978566169739,0.8615509271621704,0.0003163459768984467,0.5060808062553406,0.5270787477493286,0.8980572819709778,-0.004060836508870125,0.5523820519447327,0.5039955377578735,0.9139267206192017,-0.11488919705152512,0.7683910727500916,0.5140426754951477,0.9270067811012268,-0.1248655766248703,0.8238252997398376
73,0.5198537111282349,0.31376904249191284,-0.4012761116027832,0.9999917149543762,0.5233889222145081,0.299349844455719,-0.3866909146308899,0.9999852180480957,0.527268648147583,0.3000544309616089,-0.3869099020957947,0.9999808073043823,0.5306705832481384,0.3009038269519806,-0.38685333728790283,0.9999855756759644,0.5145976543426514,0.29979467391967773,-0.3895602822303772,0.9999904036521912,0.511968731880188,0.3004022240638733,-0.3897876739501953,0.9999905228614807,0.5084914565086365,0.30104777216911316,-0.3898198902606964,0.9999905228614807,0.5338240265846252,0.30884912610054016,-0.2852676808834076,0.9999864101409912,0.5042586922645569,0.30721455812454224,-0.29634132981300354,0.9999659657478333,0.5259257555007935,0.32962775230407715,-0.36031147837638855,0.9999769926071167,0.5145223140716553,0.32952234148979187,-0.3649236261844635,0.9999756217002869,0.5537790656089783,0.38302335143089294,-0.2324039340019226,0.999975323677063,0.48783770203590393,0.38300907611846924,-0.24049919843673706,0.9999558925628662,0.606442391872406,0.37824028730392456,-0.4054546654224396,0.9872589111328125,0.4347670376300812,0.3978472948074341,-0.4153246581554413,0.9896050691604614,0.5569273829460144,0.3978448510169983,-0.5905860066413879,0.9616423845291138,0.4874715805053711,0.4003278613090515,-0.5899619460105896,0.9892377257347107,0.5456729531288147,0.3919016718864441,-0.637378990650177,0.910322368144989,0.4985625445842743,0.39302611351013184,-0.6355593204498291,0.9706431031227112,0.5412736535072327,0.3892698585987091,-0.6248233318328857,0.8970372080802917,0.5025169849395752,0.3921802043914795,-0.619561493396759,0.9630599021911621,0.5439893007278442,0.39601901173591614,-0.5898054242134094,0.8401440978050232,0.49941328167915344,0.39951345324516296,-0.5882198214530945,0.9306206107139587,0.5461549758911133,0.5608593821525574,-0.002059054560959339,0.9998847246170044,0.5045049786567688,0.5649562478065491,0.0017778833862394094,0.9999072551727295,0.5421684980392456,0.7074503302574158,-0.13437825441360474,0.5994636416435242,0.5079178214073181,0.7123931050300598,-0.10870905965566635,0.5907828211784363,0.5069291591644287,0.8509678840637207,-0.00483652064576745,0.6959021091461182,0.5214553475379944,0.8763596415519714,-0.01667238026857376,0.8435211181640625,0.49763748049736023,0.8614892363548279,-0.0019040898187085986,0.4951326549053192,0.5270335078239441,0.8977872729301453,-0.013461698777973652,0.5418214201927185,0.5052631497383118,0.9133163094520569,-0.11534495651721954,0.7555943131446838,0.5139485001564026,0.9271060228347778,-0.13586780428886414,0.8172637820243835
74,0.5207356810569763,0.31372934579849243,-0.3977178633213043,0.9999901652336121,0.5238744020462036,0.2993347942829132,-0.38209670782089233,0.999983012676239,0.5277093052864075,0.30002331733703613,-0.38231632113456726,0.9999774098396301,0.5309618711471558,0.30084869265556335,-0.3822653591632843,0.999983549118042,0.5152109861373901,0.2997778058052063,-0.38541218638420105,0.999988853931427,0.5128203630447388,0.3003964424133301,-0.3856465220451355,0.9999887347221375,0.5094473958015442,0.30104970932006836,-0.38567835092544556,0.9999889135360718,0.5338781476020813,0.30878058075904846,-0.278381884098053,0.9999842047691345,0.5049137473106384,0.307204931974411,-0.291526198387146,0.9999587535858154,0.5264132022857666,0.3295038938522339,-0.3561735153198242,0.9999728202819824,0.5153848528862,0.32946449518203735,-0.3614211976528168,0.9999710917472839,0.5537341833114624,0.383333295583725,-0.22763100266456604,0.9999728202819824,0.48847493529319763,0.38384997844696045,-0.23910333216190338,0.9999492764472961,0.6064186692237854,0.37401196360588074,-0.40816551446914673,0.9870918393135071,0.4349413216114044,0.3935282826423645,-0.4236435890197754,0.9896715879440308,0.5568870902061462,0.3897174596786499,-0.595851480960846,0.9558340311050415,0.4888670742511749,0.4003671407699585,-0.5984939336776733,0.9849634170532227,0.545637845993042,0.3855957090854645,-0.643086314201355,0.8921757936477661,0.5006207823753357,0.3930675685405731,-0.643451988697052,0.9557501077651978,0.5415639281272888,0.38388532400131226,-0.6283499002456665,0.8752252459526062,0.5042539238929749,0.39219480752944946,-0.6262089014053345,0.9438265562057495,0.5442957282066345,0.3896273970603943,-0.5944749116897583,0.8108950853347778,0.5009225010871887,0.3995341956615448,-0.5963281989097595,0.8992412090301514,0.5466315150260925,0.560974657535553,-0.00019198608060833067,0.9998881816864014,0.505782961845398,0.5651167035102844,-9.150093683274463e-05,0.9999096393585205,0.5430189371109009,0.7084981799125671,-0.1321713626384735,0.5943946838378906,0.5094682574272156,0.712591826915741,-0.11463485658168793,0.5816165208816528,0.5069379210472107,0.85060054063797,-0.005779570899903774,0.6877111196517944,0.521374523639679,0.8744615912437439,-0.0180024616420269,0.8401359915733337,0.4975922405719757,0.8592139482498169,-0.0019615560304373503,0.4849277436733246,0.5269160866737366,0.8972018957138062,-0.014464233070611954,0.5289310812950134,0.506370484828949,0.9133382439613342,-0.1159437745809555,0.7443638443946838,0.5140472650527954,0.9270962476730347,-0.13871172070503235,0.8102706670761108
75,0.5212640166282654,0.3136986792087555,-0.38550427556037903,0.999988317489624,0.5243176221847534,0.29933297634124756,-0.36992186307907104,0.9999802708625793,0.5280537009239197,0.30001094937324524,-0.3701406717300415,0.9999727606773376,0.5311909317970276,0.3007986545562744,-0.3700874149799347,0.9999810457229614,0.5157524943351746,0.29975491762161255,-0.37259623408317566,0.999987006187439,0.5134680271148682,0.3003711700439453,-0.3728215992450714,0.9999862909317017,0.5102065205574036,0.30104270577430725,-0.37285497784614563,0.999987006187439,0.5338403582572937,0.30848032236099243,-0.26848405599594116,0.9999807476997375,0.5053990483283997,0.3072028160095215,-0.2786785364151001,0.999949038028717,0.5265942215919495,0.3293585181236267,-0.344948947429657,0.9999675750732422,0.5158135294914246,0.329385906457901,-0.34942808747291565,0.9999651908874512,0.5538380146026611,0.38344141840934753,-0.21954986453056335,0.9999691247940063,0.489044725894928,0.3850373327732086,-0.22744403779506683,0.9999399781227112,0.6065645217895508,0.3718673586845398,-0.3967945873737335,0.9862058162689209,0.43518444895744324,0.3903495967388153,-0.4047681987285614,0.9887992739677429,0.556859016418457,0.3849095106124878,-0.5814601182937622,0.9459318518638611,0.4890710413455963,0.4004676640033722,-0.5766505002975464,0.9768538475036621,0.5456035733222961,0.38140368461608887,-0.6286122798919678,0.8685850501060486,0.5006189346313477,0.3961636424064636,-0.6218978762626648,0.9330898523330688,0.5418587327003479,0.3800131380558014,-0.6149324178695679,0.8484503626823425,0.5044200420379639,0.39565104246139526,-0.6061345934867859,0.916664719581604,0.5446092486381531,0.3854503631591797,-0.5804871320724487,0.7779314517974854,0.5011397004127502,0.40195831656455994,-0.575235903263092,0.8608371615409851,0.5464895367622375,0.5621877312660217,0.0005350756109692156,0.9998882412910461,0.5062761306762695,0.5661443471908569,-0.0008066067239269614,0.9999095797538757,0.5423222184181213,0.7118142247200012,-0.10952215641736984,0.5605276823043823,0.5094403624534607,0.7061439752578735,-0.11517810076475143,0.5518982410430908,0.5066651701927185,0.8500264883041382,0.013981596566736698,0.653462827205658,0.520880401134491,0.8725671172142029,-0.025887388736009598,0.8183324337005615,0.4975365698337555,0.857944130897522,0.018263472244143486,0.45707082748413086,0.5253340601921082,0.8953078389167786,-0.023188287392258644,0.5009118318557739,0.5063451528549194,0.9126068353652954,-0.09919332712888718,0.7107135057449341,0.5149033069610596,0.9269470572471619,-0.14916864037513733,0.7862738370895386
76,0.5224043130874634,0.31371790170669556,-0.4058762192726135,0.9999856948852539,0.5250393748283386,0.2993382215499878,-0.39084258675575256,0.9999760985374451,0.5286321043968201,0.30000486969947815,-0.39108380675315857,0.9999656081199646,0.5314721465110779,0.30072876811027527,-0.3910256624221802,0.999977171421051,0.5166014432907104,0.2997610867023468,-0.39473187923431396,0.9999843239784241,0.5142654180526733,0.3003797233104706,-0.39495542645454407,0.9999827146530151,0.5111069083213806,0.30107948184013367,-0.394999623298645,0.9999842047691345,0.533803403377533,0.307853639125824,-0.28641974925994873,0.9999748468399048,0.5058449506759644,0.3073348104953766,-0.30291688442230225,0.999934732913971,0.5270925760269165,0.32910779118537903,-0.3638545274734497,0.9999601244926453,0.5169233083724976,0.32938215136528015,-0.37006428837776184,0.9999573826789856,0.553867757320404,0.38343924283981323,-0.23097796738147736,0.999965488910675,0.48948782682418823,0.38602203130722046,-0.24474455416202545,0.9999311566352844,0.6074135899543762,0.36849483847618103,-0.3980327844619751,0.9840465784072876,0.43532589077949524,0.3876132369041443,-0.417623907327652,0.9875299334526062,0.5570743680000305,0.38280436396598816,-0.5777724385261536,0.9330074787139893,0.4908977746963501,0.399009644985199,-0.5855026841163635,0.9693663120269775,0.5457295179367065,0.37771424651145935,-0.6242474317550659,0.8423346281051636,0.5030742287635803,0.3948785364627838,-0.6317978501319885,0.9120660424232483,0.5424410700798035,0.3758118450641632,-0.6120585799217224,0.819320023059845,0.5061851739883423,0.39282146096229553,-0.6165777444839478,0.8918190002441406,0.5452520847320557,0.3824630081653595,-0.5771841406822205,0.7421424388885498,0.5026791095733643,0.39930233359336853,-0.5842418074607849,0.8247471451759338,0.5468486547470093,0.5640814304351807,0.0008974153897725046,0.9998887181282043,0.5069456696510315,0.5682255029678345,-0.0011487624142318964,0.9999101161956787,0.5417276620864868,0.7148796319961548,-0.053795088082551956,0.5196348428726196,0.5094068646430969,0.7070834636688232,-0.1124139130115509,0.5196309089660645,0.5063183903694153,0.8499360084533691,0.09360848367214203,0.6146365404129028,0.5206239819526672,0.872993528842926,-0.00702638691291213,0.7939983606338501,0.4974472224712372,0.8577584624290466,0.10043692588806152,0.42650094628334045,0.5252658128738403,0.8961771130561829,-0.003189185867086053,0.47402042150497437,0.5081826448440552,0.9111974835395813,-0.005751857999712229,0.6699745059013367,0.5149729251861572,0.9268102645874023,-0.12181458622217178,0.7595615983009338
77,0.522857129573822,0.3136087954044342,-0.3984983563423157,0.9999848008155823,0.5253273248672485,0.2991413176059723,-0.38352853059768677,0.9999745488166809,0.5288242101669312,0.2997303903102875,-0.3837595283985138,0.9999629855155945,0.531622052192688,0.3003130853176117,-0.38370180130004883,0.9999754428863525,0.5170108675956726,0.2993326783180237,-0.38666823506355286,0.9999834895133972,0.5146178603172302,0.29990559816360474,-0.38688597083091736,0.999981701374054,0.5115375518798828,0.30059540271759033,-0.38692590594291687,0.9999833703041077,0.5337742567062378,0.30652645230293274,-0.2813580632209778,0.9999729990959167,0.5061104893684387,0.3071046769618988,-0.2945314943790436,0.9999321103096008,0.5273693799972534,0.32832491397857666,-0.3575633466243744,0.9999565482139587,0.517109215259552,0.3292139768600464,-0.36279115080833435,0.999954104423523,0.5539385080337524,0.38251039385795593,-0.2302750051021576,0.9999622702598572,0.48970192670822144,0.3860175907611847,-0.24092058837413788,0.9999270439147949,0.6079429984092712,0.3640556335449219,-0.40487611293792725,0.9828952550888062,0.436184823513031,0.3854849338531494,-0.41832026839256287,0.9867876768112183,0.5567441582679749,0.3782918155193329,-0.5821544528007507,0.9246848821640015,0.4950234293937683,0.39308470487594604,-0.5870936512947083,0.967505156993866,0.5454698801040649,0.36618831753730774,-0.6283029913902283,0.8257139325141907,0.5077685117721558,0.38490626215934753,-0.6333068609237671,0.9065285325050354,0.5423734188079834,0.36634692549705505,-0.6146095991134644,0.8004871606826782,0.5107905268669128,0.3848021924495697,-0.6162598133087158,0.88468337059021,0.5452268123626709,0.3759301006793976,-0.5809661746025085,0.7184731960296631,0.5073497891426086,0.39329472184181213,-0.5851760506629944,0.8122656941413879,0.5479604601860046,0.564049482345581,0.0009886663174256682,0.9998838305473328,0.5075611472129822,0.5682443380355835,-0.0012377145467326045,0.9999076128005981,0.542000412940979,0.7152385115623474,-0.06161406263709068,0.4810647666454315,0.5097876191139221,0.7071791291236877,-0.10349676758050919,0.48875701427459717,0.5065061450004578,0.8474183082580566,0.07309426367282867,0.5762037634849548,0.5200313925743103,0.8731635212898254,-0.008169744163751602,0.7713068723678589,0.49784818291664124,0.8544861674308777,0.07891778647899628,0.3983211815357208,0.5244413614273071,0.8968216180801392,-0.005122506991028786,0.4498327076435089,0.5080846548080444,0.909754753112793,-0.029497552663087845,0.6329831480979919,0.514935314655304,0.9264102578163147,-0.12432979047298431,0.7358245849609375
78,0.5228558778762817,0.31336480379104614,-0.3922334611415863,0.9999849796295166,0.5254694819450378,0.29880210757255554,-0.3759812116622925,0.9999749660491943,0.5289243459701538,0.29931965470314026,-0.3762068450450897,0.9999634027481079,0.5317720174789429,0.29975342750549316,-0.3761700987815857,0.999975860118866,0.5170958042144775,0.29863330721855164,-0.38029712438583374,0.9999838471412659,0.5146608948707581,0.2990160882472992,-0.3805188536643982,0.9999819993972778,0.5116227865219116,0.2995584309101105,-0.38054361939430237,0.9999837279319763,0.5337502360343933,0.3056766390800476,-0.27376681566238403,0.9999735951423645,0.5061413049697876,0.30653804540634155,-0.29379865527153015,0.9999337792396545,0.527394711971283,0.3279476761817932,-0.35179153084754944,0.9999575018882751,0.5169827938079834,0.3288033604621887,-0.35885390639305115,0.9999551773071289,0.5541003942489624,0.3823849558830261,-0.22567512094974518,0.9999615550041199,0.48973309993743896,0.3865355849266052,-0.23344044387340546,0.9999268651008606,0.6088906526565552,0.3611724078655243,-0.39857247471809387,0.9828945398330688,0.436984658241272,0.3838668763637543,-0.41807594895362854,0.9871964454650879,0.5567891001701355,0.37429744005203247,-0.5761309862136841,0.9221377968788147,0.49613457918167114,0.38905274868011475,-0.5878991484642029,0.9670477509498596,0.5456224679946899,0.3586408197879791,-0.6220887303352356,0.8172746300697327,0.5084930062294006,0.38191649317741394,-0.6332567930221558,0.9031956195831299,0.5435113310813904,0.35858654975891113,-0.6086507439613342,0.790056586265564,0.5114572048187256,0.3827398419380188,-0.614732563495636,0.8795936107635498,0.5462763905525208,0.36939746141433716,-0.5749889016151428,0.7046979665756226,0.5079858303070068,0.39106664061546326,-0.5853567719459534,0.8019760847091675,0.5485107898712158,0.5656295418739319,0.0007993961335159838,0.9998875260353088,0.5086991786956787,0.5707610249519348,-0.001046499703079462,0.9999108910560608,0.5432608127593994,0.7168252468109131,-0.10455956310033798,0.46827778220176697,0.5101363658905029,0.7117595672607422,-0.09589644521474838,0.47426632046699524,0.5072875618934631,0.8398017883300781,0.051245324313640594,0.5457267761230469,0.5206997990608215,0.8767439723014832,0.012068311683833599,0.7592365145683289,0.49894678592681885,0.8433325886726379,0.059682611376047134,0.3774332106113434,0.5262532830238342,0.9004485011100769,0.016895273700356483,0.43376660346984863,0.507973849773407,0.908835768699646,-0.040879227221012115,0.6026878952980042,0.514196515083313,0.926403820514679,-0.0953216627240181,0.7202289700508118
79,0.5234242677688599,0.31301984190940857,-0.38869380950927734,0.9999827742576599,0.5259741544723511,0.29832491278648376,-0.37283167243003845,0.999971330165863,0.5295141339302063,0.2987179756164551,-0.3730558454990387,0.999957263469696,0.5322997570037842,0.29903048276901245,-0.3730117380619049,0.9999722838401794,0.5175828337669373,0.29795041680336,-0.3763839900493622,0.9999816417694092,0.5150871276855469,0.29829639196395874,-0.3766048848628998,0.9999791979789734,0.5121111869812012,0.2988828420639038,-0.37663590908050537,0.9999815225601196,0.5341209173202515,0.3046490550041199,-0.26926061511039734,0.999969482421875,0.5065033435821533,0.3062858283519745,-0.28885582089424133,0.9999254941940308,0.528297483921051,0.3271455764770508,-0.348574161529541,0.9999510645866394,0.5175063610076904,0.32793673872947693,-0.354165256023407,0.9999487996101379,0.5555039048194885,0.38168805837631226,-0.21643058955669403,0.9999561309814453,0.49010029435157776,0.38687780499458313,-0.23053403198719025,0.9999180436134338,0.6096322536468506,0.3568517863750458,-0.3836505115032196,0.98080974817276,0.4370868504047394,0.38223445415496826,-0.4148876965045929,0.985698938369751,0.5573697686195374,0.3708566725254059,-0.5555202960968018,0.9061458110809326,0.4971066415309906,0.3841691315174103,-0.5849376916885376,0.9570306539535522,0.5463387966156006,0.35668808221817017,-0.6006764769554138,0.7892194986343384,0.5087567567825317,0.3788183033466339,-0.6315287351608276,0.8781027793884277,0.5449996590614319,0.3566184937953949,-0.5867748856544495,0.7593362331390381,0.5117408633232117,0.3778144121170044,-0.6119786500930786,0.8497225046157837,0.5478948950767517,0.36589309573173523,-0.5542970299720764,0.6705036163330078,0.5082014203071594,0.3849993646144867,-0.5821004509925842,0.76307612657547,0.5499692559242249,0.5668742656707764,0.0036403967533260584,0.9998888969421387,0.5093821287155151,0.5710791349411011,-0.0038754071574658155,0.9999132752418518,0.5442143082618713,0.7220813035964966,-0.0532347671687603,0.4405630826950073,0.5104988813400269,0.7146075963973999,-0.09613565355539322,0.46307554841041565,0.5072582364082336,0.8327987790107727,0.1448879837989807,0.5078580379486084,0.5214125514030457,0.8801753520965576,0.010544444434344769,0.7503673434257507,0.49894607067108154,0.8304204940795898,0.15824595093727112,0.35155242681503296,0.527264416217804,0.9034349918365479,0.01573611982166767,0.4177244305610657,0.5078907608985901,0.8988237977027893,0.06631187349557877,0.5625314712524414,0.5143274664878845,0.9257661700248718,-0.09895207732915878,0.7053571939468384
80,0.5234333872795105,0.3136937618255615,-0.37754014134407043,0.9999832510948181,0.526178240776062,0.29849958419799805,-0.3613799512386322,0.9999721646308899,0.5297854542732239,0.2987907826900482,-0.3615920841693878,0.9999583959579468,0.5326063632965088,0.2990490198135376,-0.36154046654701233,0.9999729990959167,0.5176729559898376,0.2982328534126282,-0.3646424114704132,0.9999822378158569,0.5152055025100708,0.29851430654525757,-0.364865779876709,0.9999798536300659,0.5122138261795044,0.29902803897857666,-0.3649009168148041,0.9999821186065674,0.5344434380531311,0.30459243059158325,-0.25643742084503174,0.9999704957008362,0.5067824125289917,0.30630171298980713,-0.2710634469985962,0.99992835521698,0.5284579396247864,0.3271574378013611,-0.33609944581985474,0.999951958656311,0.517568826675415,0.3281252384185791,-0.3413550555706024,0.999950110912323,0.5569031834602356,0.37912246584892273,-0.20846691727638245,0.9999548196792603,0.4903092384338379,0.38686996698379517,-0.22522816061973572,0.9999176859855652,0.6101189851760864,0.3519938290119171,-0.38164663314819336,0.9806146621704102,0.43715235590934753,0.38013631105422974,-0.41117820143699646,0.9860174655914307,0.5580178499221802,0.3640303313732147,-0.5544422268867493,0.901894211769104,0.49776124954223633,0.3825627267360687,-0.5806087255477905,0.9557585716247559,0.5472506284713745,0.35025572776794434,-0.5998250842094421,0.7786791324615479,0.5100359916687012,0.3779268264770508,-0.6265076994895935,0.8723266124725342,0.5460687875747681,0.3504084348678589,-0.5848349928855896,0.7466723322868347,0.5128260254859924,0.3762877881526947,-0.6088947057723999,0.8415176868438721,0.5492395758628845,0.35886988043785095,-0.5529022216796875,0.6551734805107117,0.5090141296386719,0.38356637954711914,-0.5779215693473816,0.7489225268363953,0.5515918135643005,0.5668726563453674,0.00379981123842299,0.9998925924301147,0.5101646184921265,0.570913553237915,-0.004046206828206778,0.9999171495437622,0.5506772994995117,0.7204689383506775,-0.08241564780473709,0.43656793236732483,0.5104860663414001,0.7130681276321411,-0.09009523689746857,0.4669942259788513,0.5075721144676208,0.8231258988380432,0.09959132969379425,0.4785763919353485,0.5221699476242065,0.8803446888923645,0.016989922150969505,0.7499614357948303,0.49915754795074463,0.8172715902328491,0.11279892921447754,0.33338457345962524,0.5283891558647156,0.9040767550468445,0.022544819861650467,0.4114539623260498,0.5064964294433594,0.8867477774620056,0.02473912015557289,0.5327443480491638,0.516550600528717,0.9248517155647278,-0.08675070852041245,0.6999617218971252
81,0.5238353610038757,0.31368759274482727,-0.27451393008232117,0.9999822974205017,0.5268297791481018,0.2984943985939026,-0.2565706670284271,0.9999692440032959,0.5302547812461853,0.2987642288208008,-0.2567621171474457,0.9999551177024841,0.5328853726387024,0.29898297786712646,-0.25672268867492676,0.9999701380729675,0.5180746912956238,0.298237144947052,-0.2585951089859009,0.9999808073043823,0.5154326558113098,0.2985256314277649,-0.25879064202308655,0.9999788999557495,0.5123388767242432,0.2990359961986542,-0.2588099539279938,0.9999811053276062,0.534423291683197,0.3044106662273407,-0.1581205576658249,0.9999698996543884,0.5067917704582214,0.3064270615577698,-0.16565744578838348,0.9999284148216248,0.5287526845932007,0.32672661542892456,-0.23644395172595978,0.9999517798423767,0.5176625847816467,0.3279503285884857,-0.24011951684951782,0.9999508857727051,0.5578659176826477,0.3775215148925781,-0.12977008521556854,0.9999538064002991,0.49030181765556335,0.3872159421443939,-0.1378651112318039,0.9999207854270935,0.6110721826553345,0.34927672147750854,-0.3067041337490082,0.9809663891792297,0.4387202858924866,0.3797721862792969,-0.3263929784297943,0.9866702556610107,0.5579848885536194,0.3541783392429352,-0.4791276156902313,0.9060226082801819,0.4996173083782196,0.37047964334487915,-0.48853161931037903,0.9591115713119507,0.5472074151039124,0.3389606475830078,-0.5228856801986694,0.7873734831809998,0.5128560066223145,0.36110004782676697,-0.5311223864555359,0.8816742300987244,0.5458149313926697,0.34071215987205505,-0.505077064037323,0.7558141350746155,0.5149112343788147,0.3598160743713379,-0.5076649785041809,0.8526755571365356,0.5489451289176941,0.34998488426208496,-0.47641250491142273,0.6664731502532959,0.511191189289093,0.3684639632701874,-0.4839405119419098,0.7653141617774963,0.5534033179283142,0.5674411058425903,0.0037153929006308317,0.9998934268951416,0.5115231275558472,0.5732877254486084,-0.003974562976509333,0.9999201893806458,0.5613976716995239,0.705824077129364,-0.13580051064491272,0.44610196352005005,0.5117514133453369,0.7170971632003784,-0.07193893939256668,0.4775916337966919,0.5197060704231262,0.8016124367713928,0.0959257110953331,0.4395678639411926,0.5222260355949402,0.881496250629425,0.027234794571995735,0.7484790086746216,0.5072291493415833,0.7917172312736511,0.11516129225492477,0.3104603588581085,0.5287138819694519,0.9067549705505371,0.03265248239040375,0.40361589193344116,0.5105963349342346,0.8538531064987183,0.04809435456991196,0.49277472496032715,0.51683509349823,0.9248837232589722,-0.06971888244152069,0.6906692385673523
82,0.524063766002655,0.31375741958618164,-0.24915273487567902,0.9999821782112122,0.5275241136550903,0.29856112599372864,-0.22991566359996796,0.999968945980072,0.5307458639144897,0.2987920641899109,-0.23009559512138367,0.9999545812606812,0.5332649350166321,0.29899612069129944,-0.2300552874803543,0.9999701380729675,0.5183168649673462,0.2984282374382019,-0.23205310106277466,0.999980628490448,0.5155285000801086,0.29879871010780334,-0.23225052654743195,0.9999785423278809,0.5124884247779846,0.29941365122795105,-0.23227137327194214,0.9999811053276062,0.5344144701957703,0.3045359253883362,-0.13023501634597778,0.999970018863678,0.5071138143539429,0.30773165822029114,-0.13824200630187988,0.9999279379844666,0.5287830829620361,0.3264524042606354,-0.2109486311674118,0.9999515414237976,0.5176214575767517,0.32795366644859314,-0.21477656066417694,0.9999507665634155,0.5576794147491455,0.3776983916759491,-0.09892131388187408,0.9999512434005737,0.4903283715248108,0.387616366147995,-0.10660552233457565,0.9999167919158936,0.6110715270042419,0.3470900356769562,-0.24508199095726013,0.9800385236740112,0.4396081566810608,0.3798576593399048,-0.25663065910339355,0.9862743616104126,0.5593010783195496,0.34850090742111206,-0.39595454931259155,0.90412837266922,0.4993537962436676,0.3664531409740448,-0.3856815695762634,0.9569491744041443,0.5483700037002563,0.33319059014320374,-0.4357954263687134,0.7830783724784851,0.5120442509651184,0.353130578994751,-0.4224086105823517,0.8744526505470276,0.5466567873954773,0.3346571624279022,-0.42049640417099,0.7505826354026794,0.5141281485557556,0.3526548445224762,-0.40372130274772644,0.843483030796051,0.5494439005851746,0.34369832277297974,-0.3938077688217163,0.661670446395874,0.5105002522468567,0.3612687587738037,-0.38228002190589905,0.7547354102134705,0.5535723567008972,0.5683028101921082,0.0038750916719436646,0.9998966455459595,0.5123352408409119,0.5736196637153625,-0.0041314782574772835,0.9999238848686218,0.5630641579627991,0.7062302231788635,-0.11318396776914597,0.4424697160720825,0.5128734111785889,0.7167998552322388,-0.0718436986207962,0.48487013578414917,0.5172266364097595,0.7797088027000427,0.10450030863285065,0.40505799651145935,0.522201657295227,0.8821069002151489,0.025658516213297844,0.7454583048820496,0.5059322118759155,0.7760298252105713,0.12095107138156891,0.2891494333744049,0.5286020040512085,0.9074614644050598,0.03154756873846054,0.39713284373283386,0.5042883157730103,0.8431953191757202,0.049233581870794296,0.457620769739151,0.5168003439903259,0.9250928163528442,-0.087490513920784,0.6839886903762817
83,0.5253993272781372,0.3137073814868927,-0.16243518888950348,0.9999796152114868,0.5286099314689636,0.29862430691719055,-0.14254441857337952,0.9999600052833557,0.531622588634491,0.2988123297691345,-0.14270569384098053,0.9999419450759888,0.5340206027030945,0.29899862408638,-0.14268545806407928,0.9999637007713318,0.5188344120979309,0.2986999452114105,-0.1438566893339157,0.9999759197235107,0.5157298445701599,0.29927095770835876,-0.1440207064151764,0.9999731183052063,0.5127040147781372,0.3001292943954468,-0.1440334916114807,0.9999779462814331,0.5344099402427673,0.30503442883491516,-0.05301084369421005,0.9999623894691467,0.507938802242279,0.3097543716430664,-0.0570855587720871,0.9999125003814697,0.5293692946434021,0.3261486887931824,-0.12881024181842804,0.9999442100524902,0.518261730670929,0.32794836163520813,-0.1316053569316864,0.9999445676803589,0.5577700138092041,0.378277987241745,-0.0340489000082016,0.9999464750289917,0.4904434084892273,0.3899418115615845,-0.03008694387972355,0.9999142289161682,0.6113684773445129,0.34592005610466003,-0.13076679408550262,0.9784134030342102,0.4417937397956848,0.38032034039497375,-0.1296595335006714,0.9854308366775513,0.5630318522453308,0.34108373522758484,-0.23135767877101898,0.902504026889801,0.4994838833808899,0.3578166365623474,-0.21587567031383514,0.9576361179351807,0.5523366332054138,0.3263591229915619,-0.2612610161304474,0.7799901962280273,0.5115013122558594,0.3405771553516388,-0.24416740238666534,0.8758164644241333,0.5497731566429138,0.3306863605976105,-0.24790488183498383,0.7475066781044006,0.5141807794570923,0.3442222774028778,-0.2303423285484314,0.845455527305603,0.5517702698707581,0.3408816158771515,-0.22846142947673798,0.6621960401535034,0.5108394026756287,0.35320910811424255,-0.21356159448623657,0.761396050453186,0.5544982552528381,0.569293200969696,0.0030178874731063843,0.9998971223831177,0.5129550695419312,0.5748808979988098,-0.003259755205363035,0.9999266862869263,0.5667652487754822,0.7059101462364197,-0.07213651388883591,0.4149417579174042,0.5127736330032349,0.7166186571121216,-0.06459864228963852,0.471687376499176,0.5313836336135864,0.7730154991149902,0.1633247435092926,0.3660029470920563,0.5222519040107727,0.8821051120758057,0.017046699300408363,0.7114053964614868,0.5242616534233093,0.7750852108001709,0.18403314054012299,0.26278090476989746,0.5289430022239685,0.9070233106613159,0.02180437371134758,0.3750564754009247,0.5236879587173462,0.817780077457428,0.13982436060905457,0.41436150670051575,0.5160647034645081,0.9261936545372009,-0.07095653563737869,0.647266685962677
84,0.527790367603302,0.3139928877353668,-0.10413409769535065,0.9999773502349854,0.5304896235466003,0.29978713393211365,-0.08416153490543365,0.9999528527259827,0.5333183407783508,0.30003678798675537,-0.08431676030158997,0.9999321103096008,0.5356681942939758,0.3002414405345917,-0.08429655432701111,0.9999589920043945,0.5201419591903687,0.2997142970561981,-0.08602388948202133,0.9999725818634033,0.5166581869125366,0.3005135953426361,-0.08620242774486542,0.9999691247940063,0.5135242938995361,0.3018251359462738,-0.08624610304832458,0.999975860118866,0.5348927974700928,0.30677875876426697,-0.0013869996182620525,0.9999567866325378,0.5088135004043579,0.31256046891212463,-0.008336629718542099,0.9999027252197266,0.5311962366104126,0.32637080550193787,-0.07321924716234207,0.9999372959136963,0.5196951627731323,0.3280593752861023,-0.0767974779009819,0.9999390244483948,0.5578113794326782,0.38046571612358093,0.024774717167019844,0.9999414682388306,0.49178293347358704,0.3945314884185791,0.01612684316933155,0.9999117255210876,0.6112087368965149,0.34581318497657776,0.0055822464637458324,0.9723111987113953,0.4448336958885193,0.3808666467666626,-0.03405489772558212,0.9823821187019348,0.5640835165977478,0.33360517024993896,0.005259544588625431,0.8875434398651123,0.4990997016429901,0.35216885805130005,-0.06669436395168304,0.95442134141922,0.5537444353103638,0.3163178563117981,-0.00434494623914361,0.7555627226829529,0.511262834072113,0.33655622601509094,-0.0835447832942009,0.8679190874099731,0.5513607859611511,0.322256475687027,0.004833484534174204,0.7228522896766663,0.5137187242507935,0.34141361713409424,-0.07006403058767319,0.8371728658676147,0.5530835390090942,0.33400270342826843,0.009086597710847855,0.6423550844192505,0.5105493068695068,0.3496595025062561,-0.06296991556882858,0.7563012838363647,0.5542742609977722,0.5702024698257446,0.0031647824216634035,0.9998857378959656,0.5135154128074646,0.5754767060279846,-0.0033909264020621777,0.9999220371246338,0.5629709362983704,0.7029751539230347,-0.06848566979169846,0.38698896765708923,0.5141932964324951,0.7183688282966614,-0.05813874304294586,0.4456498324871063,0.5314913988113403,0.7753949761390686,0.1167164295911789,0.3311535120010376,0.5222387909889221,0.883293092250824,-0.0024329773150384426,0.6668579578399658,0.5254393815994263,0.7806999683380127,0.13117073476314545,0.23921078443527222,0.5288708209991455,0.9074544906616211,-0.00035381907946430147,0.348728746175766,0.5217716693878174,0.8062341213226318,0.07210353761911392,0.3758566975593567,0.5160477757453918,0.9265338182449341,-0.08299148082733154,0.6046417951583862
85,0.5310088992118835,0.31396088004112244,-0.11918564885854721,0.9999786019325256,0.5322995781898499,0.30005839467048645,-0.09869561344385147,0.9999549388885498,0.5347375273704529,0.30030557513237,-0.09887615591287613,0.9999354481697083,0.5369036793708801,0.3005943298339844,-0.09885938465595245,0.9999610781669617,0.5229048132896423,0.300184428691864,-0.10196923464536667,0.9999740123748779,0.5190458297729492,0.3012937605381012,-0.10215680301189423,0.9999708533287048,0.515626072883606,0.3030354380607605,-0.10221275687217712,0.9999773502349854,0.5348976850509644,0.3081086277961731,-0.011268985457718372,0.999959409236908,0.5100826621055603,0.31407099962234497,-0.024904485791921616,0.9999093413352966,0.5336952209472656,0.32645225524902344,-0.08625665307044983,0.9999409914016724,0.5222964882850647,0.32832369208335876,-0.09174998104572296,0.9999431371688843,0.5578691363334656,0.38323959708213806,0.028551647439599037,0.9999433159828186,0.4930175840854645,0.3977024257183075,0.008871132507920265,0.9999164938926697,0.6111327409744263,0.3465273976325989,0.043790917843580246,0.97245854139328,0.4482746720314026,0.3811933696269989,-0.023098576813936234,0.981604278087616,0.5648658275604248,0.32869911193847656,0.0884469524025917,0.8895044922828674,0.49912169575691223,0.3467532694339752,-0.03383889049291611,0.9566386342048645,0.5544129610061646,0.3105262517929077,0.08731302618980408,0.7565603852272034,0.5108126997947693,0.33153411746025085,-0.04700281843543053,0.8740202188491821,0.5519174337387085,0.3163520097732544,0.09543301910161972,0.7244675755500793,0.5137528777122498,0.3360835015773773,-0.0315873883664608,0.8447389602661133,0.5537309646606445,0.3296448588371277,0.09287992119789124,0.6488943099975586,0.5107776522636414,0.3457110524177551,-0.02857341431081295,0.7694669365882874,0.5566322207450867,0.5717544555664062,0.0044919694773852825,0.9998849034309387,0.5156166553497314,0.5784514546394348,-0.004671721253544092,0.9999236464500427,0.5729120373725891,0.7006527185440063,-0.034523382782936096,0.3756525218486786,0.5153103470802307,0.7235795855522156,-0.05659160390496254,0.44594264030456543,0.5371293425559998,0.7550528645515442,0.18190816044807434,0.3010466396808624,0.5226120352745056,0.885290265083313,-0.0015478506684303284,0.6555545330047607,0.5332300662994385,0.7566600441932678,0.2017078846693039,0.21981120109558105,0.5297190546989441,0.9096900224685669,0.0010649914620444179,0.3406108319759369,0.5383555889129639,0.8015660047531128,0.16909603774547577,0.34362202882766724,0.5150441527366638,0.9268298745155334,-0.07597016543149948,0.5930452346801758
86,0.533532977104187,0.3148265480995178,-0.1184714064002037,0.9999772906303406,0.5336307883262634,0.3027056157588959,-0.0982489064335823,0.9999508261680603,0.5356507897377014,0.30288368463516235,-0.09840451180934906,0.9999294281005859,0.537659764289856,0.30319976806640625,-0.09840166568756104,0.9999588131904602,0.5252230167388916,0.3033030331134796,-0.10289496928453445,0.999972403049469,0.52137690782547,0.304532527923584,-0.10308391600847244,0.9999686479568481,0.5176514983177185,0.3064265251159668,-0.10313817858695984,0.999976634979248,0.5349594354629517,0.31193241477012634,-0.012654840014874935,0.9999558329582214,0.5114881992340088,0.3170721232891083,-0.03159843012690544,0.9999039769172668,0.5351678729057312,0.3285175859928131,-0.08616149425506592,0.9999382495880127,0.5255455374717712,0.33003929257392883,-0.09319566190242767,0.9999414086341858,0.5581327080726624,0.38626354932785034,0.028388939797878265,0.9999399781227112,0.49455592036247253,0.40176674723625183,-0.005759252700954676,0.9999161958694458,0.6110336780548096,0.3477458953857422,0.0435379333794117,0.9695772528648376,0.45077410340309143,0.3834754526615143,-0.04815832898020744,0.9814422726631165,0.5662468671798706,0.32374802231788635,0.07708295434713364,0.8774265050888062,0.4994213283061981,0.3451008200645447,-0.05903450772166252,0.9555233716964722,0.5551475882530212,0.3077728748321533,0.07632939517498016,0.7306988835334778,0.5108866095542908,0.3296481966972351,-0.07107636332511902,0.8671141862869263,0.5531046986579895,0.31282344460487366,0.08265234529972076,0.6976665258407593,0.5139370560646057,0.3320019245147705,-0.05706721544265747,0.8367474675178528,0.5551995038986206,0.32594794034957886,0.08059857785701752,0.6260879039764404,0.5109012722969055,0.34301313757896423,-0.05402499809861183,0.7627049684524536,0.5564089417457581,0.5739043354988098,0.0052449703216552734,0.9998726844787598,0.5161634087562561,0.5808999538421631,-0.005437634419649839,0.9999182224273682,0.5729532241821289,0.6746789813041687,-0.11063320934772491,0.3630165457725525,0.5149375796318054,0.7238753437995911,-0.06324242055416107,0.4263603687286377,0.5365917086601257,0.7376319766044617,0.030844764783978462,0.27299848198890686,0.5230592489242554,0.8884464502334595,-0.03713878244161606,0.6208065152168274,0.5313733816146851,0.758307695388794,0.043052785098552704,0.20150648057460785,0.5311435461044312,0.9141896367073059,-0.036981843411922455,0.32292118668556213,0.5340079069137573,0.7750018239021301,0.006826377008110285,0.31266847252845764,0.511918306350708,0.9277781248092651,-0.10847190767526627,0.5597105622291565
87,0.5332005023956299,0.3163619339466095,-0.11241859942674637,0.9999770522117615,0.5334404110908508,0.3057757019996643,-0.09198344498872757,0.9999484419822693,0.5354332327842712,0.30626755952835083,-0.09211453050374985,0.9999264478683472,0.5374857187271118,0.30689090490341187,-0.09212211519479752,0.9999576210975647,0.5257212519645691,0.30689701437950134,-0.09633005410432816,0.9999715089797974,0.5221042037010193,0.30853086709976196,-0.0965062603354454,0.9999675750732422,0.518494188785553,0.3105529844760895,-0.09654419869184494,0.9999763369560242,0.5349606275558472,0.31631118059158325,-0.006143868900835514,0.9999529719352722,0.512278139591217,0.32068970799446106,-0.02316829189658165,0.9998984336853027,0.5348453521728516,0.3332114517688751,-0.080208919942379,0.9999365210533142,0.5261436104774475,0.3318507969379425,-0.08670398592948914,0.9999393224716187,0.5582151412963867,0.38956519961357117,0.02761566825211048,0.9999367594718933,0.4950874149799347,0.4052014648914337,-0.0025182836689054966,0.9999133348464966,0.6109662652015686,0.34856078028678894,0.021504657343029976,0.9682420492172241,0.4542512595653534,0.38632339239120483,-0.08066749572753906,0.9814977645874023,0.5677460432052612,0.3206106722354889,0.02336161769926548,0.8726546764373779,0.5001074075698853,0.34419387578964233,-0.12566478550434113,0.9525436758995056,0.5572571158409119,0.30315032601356506,0.01717277429997921,0.7162240147590637,0.5111998915672302,0.32798656821250916,-0.14161276817321777,0.8558287620544434,0.5550069808959961,0.30652374029159546,0.023496510460972786,0.6830612421035767,0.5141261219978333,0.32804492115974426,-0.12767697870731354,0.8234909176826477,0.5564955472946167,0.319254070520401,0.025958018377423286,0.6154773235321045,0.5112079977989197,0.3389805555343628,-0.12169323861598969,0.7504319548606873,0.5561250448226929,0.57443767786026,0.0026099069509655237,0.999864399433136,0.5170280337333679,0.5824931263923645,-0.0028411084786057472,0.9999114274978638,0.565949022769928,0.653596818447113,-0.21924538910388947,0.3805060088634491,0.5147826075553894,0.7244635224342346,-0.06442781537771225,0.4092459976673126,0.5392141342163086,0.7372460961341858,-0.13182160258293152,0.25091034173965454,0.5235893130302429,0.893347442150116,-0.041642580181360245,0.5904821753501892,0.5405451059341431,0.7680901288986206,-0.12618063390254974,0.18847042322158813,0.5320021510124207,0.918659508228302,-0.0430210642516613,0.3071150779724121,0.5390244126319885,0.7815148234367371,-0.18666091561317444,0.28981509804725647,0.5100072026252747,0.9300484657287598,-0.12291112542152405,0.5302894711494446
88,0.5333112478256226,0.32045748829841614,-0.13790754973888397,0.9999752640724182,0.5332720279693604,0.31110990047454834,-0.11883905529975891,0.9999419450759888,0.5351971983909607,0.3119675815105438,-0.11899016052484512,0.9999168515205383,0.537308394908905,0.3127634823322296,-0.11898916214704514,0.9999536871910095,0.5262849926948547,0.31208232045173645,-0.12250468879938126,0.9999682903289795,0.522888720035553,0.3137303590774536,-0.1226782351732254,0.9999632239341736,0.5195261836051941,0.3155934810638428,-0.12270418554544449,0.999974250793457,0.5349603891372681,0.3218271732330322,-0.035304710268974304,0.9999445676803589,0.5136547684669495,0.324886292219162,-0.04967670515179634,0.9998807311058044,0.5350707173347473,0.33937594294548035,-0.10643589496612549,0.9999298453330994,0.5277696251869202,0.338203102350235,-0.11217804998159409,0.9999330639839172,0.5581980347633362,0.39448967576026917,-0.00639968691393733,0.9999329447746277,0.49597084522247314,0.40908539295196533,-0.02317170426249504,0.9999086856842041,0.6109068393707275,0.35245293378829956,-0.04148731008172035,0.9658041000366211,0.45606666803359985,0.3892042338848114,-0.09459058195352554,0.9802547097206116,0.5699546933174133,0.3211554288864136,-0.07211735844612122,0.8666425943374634,0.5005571842193604,0.34486737847328186,-0.13583317399024963,0.9486460089683533,0.559357762336731,0.3025166988372803,-0.08509000390768051,0.7017480134963989,0.511600136756897,0.33005261421203613,-0.1526644378900528,0.8433472514152527,0.5562971830368042,0.30565017461776733,-0.07613695412874222,0.6677224636077881,0.5146793723106384,0.3298652172088623,-0.14076563715934753,0.80931156873703,0.5575951933860779,0.31846633553504944,-0.06917550414800644,0.6025264859199524,0.5117430090904236,0.34078294038772583,-0.1329023241996765,0.7374364733695984,0.5563274025917053,0.5762161612510681,0.002336870413273573,0.9998581409454346,0.517774760723114,0.5844570398330688,-0.0025706409942358732,0.9999088048934937,0.5693643093109131,0.6617023944854736,-0.1596689224243164,0.3567602336406708,0.5146458148956299,0.7259303331375122,-0.06344878673553467,0.3849112391471863,0.5446420907974243,0.7379140257835388,0.0005556013202294707,0.2267233431339264,0.5238566398620605,0.8932986259460449,-0.03882521018385887,0.5511171221733093,0.5462493896484375,0.7670943737030029,0.011823962442576885,0.1711922138929367,0.532136082649231,0.9174588918685913,-0.039739884436130524,0.28534215688705444,0.5488925576210022,0.7786920666694641,-0.11431704461574554,0.26251158118247986,0.5104175209999084,0.92998868227005,-0.11687343567609787,0.4934028685092926
89,0.5340515375137329,0.3231397867202759,-0.14380218088626862,0.999975323677063,0.5332924127578735,0.31467169523239136,-0.1259067803621292,0.9999415874481201,0.5350456833839417,0.3157634735107422,-0.12608696520328522,0.9999171495437622,0.5371981859207153,0.31664684414863586,-0.1260908544063568,0.999954104423523,0.5273087024688721,0.3156662881374359,-0.1297663152217865,0.9999682903289795,0.5243064165115356,0.3173961341381073,-0.1299397200345993,0.9999634623527527,0.5212985873222351,0.3192007839679718,-0.1299789547920227,0.9999745488166809,0.5348508954048157,0.3268630802631378,-0.04556294158101082,0.9999459981918335,0.5152729749679565,0.3293997347354889,-0.06127019226551056,0.9998825192451477,0.5358684659004211,0.3431568741798401,-0.11328049004077911,0.9999315142631531,0.5301455855369568,0.3415972590446472,-0.11937583237886429,0.9999353289604187,0.5584775805473328,0.39813050627708435,-0.011219993233680725,0.9999356865882874,0.4971226155757904,0.4135364294052124,-0.03169197589159012,0.9999106526374817,0.6108570098876953,0.35680440068244934,-0.010073181241750717,0.9670345187187195,0.4589863717556,0.39233532547950745,-0.0986182913184166,0.9794615507125854,0.5720466375350952,0.3211778998374939,0.006437641102820635,0.8740650415420532,0.502816915512085,0.34456387162208557,-0.1412295699119568,0.950939416885376,0.56120765209198,0.301483154296875,0.001584790414199233,0.716750979423523,0.5144833922386169,0.3279171586036682,-0.15893469750881195,0.8509591817855835,0.5578891634941101,0.30428481101989746,0.008767839521169662,0.6841818690299988,0.5167783498764038,0.32534322142601013,-0.14479820430278778,0.8183171153068542,0.5591345429420471,0.3172299265861511,0.009976139292120934,0.6229005455970764,0.513704776763916,0.33733612298965454,-0.1375252902507782,0.7510215640068054,0.5593965649604797,0.5812101364135742,0.0032402926590293646,0.9998654127120972,0.519416093826294,0.5922151207923889,-0.003448924282565713,0.9999136328697205,0.5920690894126892,0.668867290019989,-0.07789161056280136,0.355781614780426,0.5146223306655884,0.7295331954956055,-0.0615997277200222,0.39057520031929016,0.5601747035980225,0.7438468933105469,0.1366170197725296,0.20744694769382477,0.5242875218391418,0.8941392302513123,-0.024767568334937096,0.5569799542427063,0.5549842715263367,0.7512354254722595,0.15583965182304382,0.15915076434612274,0.5329291224479675,0.917442262172699,-0.02364329807460308,0.2905019223690033,0.5625403523445129,0.791513204574585,0.12648969888687134,0.24170133471488953,0.5095677971839905,0.9304762482643127,-0.0884200856089592,0.4956548810005188
90,0.5339568257331848,0.3264967203140259,-0.1584128588438034,0.999976634979248,0.5331056118011475,0.31864550709724426,-0.13942164182662964,0.9999443888664246,0.5349304676055908,0.319784939289093,-0.1395978033542633,0.9999215006828308,0.5367568135261536,0.32078319787979126,-0.139591246843338,0.9999563097953796,0.5271522998809814,0.31903403997421265,-0.14409713447093964,0.9999698996543884,0.5243895053863525,0.32041507959365845,-0.144253671169281,0.999965488910675,0.5216013789176941,0.3219977915287018,-0.1442628800868988,0.9999758005142212,0.534500241279602,0.33053332567214966,-0.053314026445150375,0.9999491572380066,0.5155609846115112,0.3331455886363983,-0.07218018919229507,0.9998898506164551,0.535760760307312,0.3467581272125244,-0.12587520480155945,0.9999352097511292,0.5301878452301025,0.34437379240989685,-0.13289056718349457,0.9999391436576843,0.5586360692977905,0.40181487798690796,-0.024852611124515533,0.9999370574951172,0.49791064858436584,0.4175076186656952,-0.032747745513916016,0.9999122619628906,0.610840916633606,0.3615189790725708,-0.1226516142487526,0.9688568115234375,0.4641839563846588,0.39566048979759216,-0.17360077798366547,0.9801307916641235,0.5737394690513611,0.32016292214393616,-0.22830885648727417,0.8846703171730042,0.5072755813598633,0.3416672945022583,-0.25673529505729675,0.9551692008972168,0.5635468363761902,0.299431174993515,-0.25503695011138916,0.7402910590171814,0.5197967290878296,0.3225386142730713,-0.2837904691696167,0.8639646172523499,0.5593443512916565,0.3018918037414551,-0.24191828072071075,0.7101221680641174,0.5214874744415283,0.3170068860054016,-0.2661968767642975,0.8339380621910095,0.5604315996170044,0.31425711512565613,-0.22592392563819885,0.6532896161079407,0.5191259384155273,0.3289027512073517,-0.2530082166194916,0.7722824215888977,0.5614250898361206,0.5883327126502991,0.003718749852851033,0.9998765587806702,0.5204852819442749,0.5990230441093445,-0.003937492612749338,0.9999209046363831,0.5987281799316406,0.671239972114563,-0.08501241356134415,0.3884248733520508,0.5145922303199768,0.7371087074279785,-0.05260841175913811,0.4251830279827118,0.5688230395317078,0.7447350025177002,0.1348961740732193,0.19916106760501862,0.5246220231056213,0.8972982168197632,0.006384937558323145,0.5894829630851746,0.559238851070404,0.7498550415039062,0.15418729186058044,0.15826326608657837,0.5333797931671143,0.9196872711181641,0.008886734023690224,0.323407381772995,0.5745753645896912,0.7952347993850708,0.11823289841413498,0.23866935074329376,0.5051555037498474,0.932750940322876,-0.06736550480127335,0.5281250476837158
91,0.5338603258132935,0.32976293563842773,-0.15994049608707428,0.999977171421051,0.5331717133522034,0.3226741850376129,-0.14129528403282166,0.9999449849128723,0.5349128842353821,0.3237147927284241,-0.14147095382213593,0.9999231100082397,0.5366999506950378,0.3246479034423828,-0.14146487414836884,0.9999567270278931,0.5271508693695068,0.32339614629745483,-0.14574933052062988,0.9999701976776123,0.5244234204292297,0.32501405477523804,-0.14589454233646393,0.9999661445617676,0.5216482877731323,0.32696670293807983,-0.1459006518125534,0.9999759197235107,0.5347118973731995,0.3335835337638855,-0.05695967376232147,0.9999507665634155,0.5158347487449646,0.337809294462204,-0.0748755931854248,0.999893844127655,0.5361430644989014,0.3487902283668518,-0.12834401428699493,0.9999366402626038,0.5299882292747498,0.347065269947052,-0.13506275415420532,0.9999406933784485,0.5594183206558228,0.4045913815498352,-0.029943814501166344,0.9999368786811829,0.49856507778167725,0.41969743371009827,-0.04801703616976738,0.9999117255210876,0.6107540130615234,0.36640384793281555,-0.15807658433914185,0.9705223441123962,0.4690817594528198,0.397601455450058,-0.19240476191043854,0.9807480573654175,0.5770795345306396,0.32051727175712585,-0.2828849256038666,0.8946353197097778,0.5103405714035034,0.3410171568393707,-0.2872715890407562,0.9591121673583984,0.5685125589370728,0.30024200677871704,-0.31357434391975403,0.7628555297851562,0.5226037502288818,0.3211853802204132,-0.31783977150917053,0.8761569857597351,0.5624222159385681,0.30293238162994385,-0.30146536231040955,0.7351713180541992,0.5246989727020264,0.316466748714447,-0.30124181509017944,0.8486676812171936,0.5632603764533997,0.31481191515922546,-0.2815186381340027,0.6825491189956665,0.5228633284568787,0.32603493332862854,-0.2845045030117035,0.7922964692115784,0.5624669194221497,0.591818630695343,0.0038403712678700686,0.9998842477798462,0.5217667818069458,0.6030035614967346,-0.004057652782648802,0.999925971031189,0.5996943116188049,0.6731865406036377,-0.057652849704027176,0.3949573040008545,0.5145682692527771,0.7374233603477478,-0.05205567181110382,0.4478636384010315,0.5774592161178589,0.7491771578788757,0.14800529181957245,0.1887873113155365,0.5251196026802063,0.8962558507919312,0.009916438721120358,0.6116071939468384,0.5694881081581116,0.7554256319999695,0.16492533683776855,0.1533336043357849,0.5339111685752869,0.9191049337387085,0.012440891936421394,0.34479057788848877,0.5840807557106018,0.7959201335906982,0.1258319914340973,0.23049160838127136,0.5039923787117004,0.9330172538757324,-0.0632665604352951,0.5478295087814331
92,0.5345746278762817,0.33672410249710083,-0.14839674532413483,0.9999785423278809,0.5341578125953674,0.3283330202102661,-0.12786108255386353,0.9999482035636902,0.5357788801193237,0.3289382755756378,-0.12802356481552124,0.9999276995658875,0.5373917818069458,0.32954174280166626,-0.128004789352417,0.9999591708183289,0.5280154347419739,0.3296623229980469,-0.1337464302778244,0.9999719858169556,0.5253072381019592,0.3312135934829712,-0.13388748466968536,0.9999681711196899,0.5225851535797119,0.3330707550048828,-0.13387838006019592,0.9999772906303406,0.5355846881866455,0.33653897047042847,-0.03688294067978859,0.9999538660049438,0.5165485143661499,0.341999351978302,-0.06185026839375496,0.999900758266449,0.5373620986938477,0.35377416014671326,-0.11448295414447784,0.999939501285553,0.5308272242546082,0.35347628593444824,-0.12315381318330765,0.9999436140060425,0.5604320168495178,0.407860666513443,-0.011760418303310871,0.9999361634254456,0.5004323720932007,0.4223243296146393,-0.04607163742184639,0.9999091029167175,0.6107243299484253,0.36971375346183777,-0.1390388458967209,0.9718616604804993,0.47279396653175354,0.399828165769577,-0.19143985211849213,0.9803680181503296,0.5784362554550171,0.32162365317344666,-0.2237132042646408,0.9036333560943604,0.5116661190986633,0.3425303101539612,-0.2793511748313904,0.9623560905456543,0.5719664096832275,0.30086109042167664,-0.2497306615114212,0.7831704616546631,0.5236656665802002,0.32328879833221436,-0.30223989486694336,0.8864591121673584,0.5646353960037231,0.3045836091041565,-0.2376457303762436,0.7576453685760498,0.525922417640686,0.3184732496738434,-0.28879493474960327,0.8610226511955261,0.5649508833885193,0.316315621137619,-0.22177009284496307,0.7090224623680115,0.5241924524307251,0.32724443078041077,-0.27557677030563354,0.809325635433197,0.5649112462997437,0.5932524800300598,0.008677291683852673,0.999891459941864,0.523317277431488,0.6048059463500977,-0.008900870569050312,0.9999305605888367,0.6114441156387329,0.6753170490264893,-0.04885517433285713,0.40285438299179077,0.5153867602348328,0.7379223704338074,-0.05254991352558136,0.4684554636478424,0.5722446441650391,0.7422325015068054,0.15857596695423126,0.178689643740654,0.5257842540740967,0.8955931663513184,0.004188443999737501,0.6312872767448425,0.5626998543739319,0.7490413784980774,0.17643539607524872,0.15039707720279694,0.5340285897254944,0.9185822606086731,0.007016531657427549,0.36262091994285583,0.5823180079460144,0.7956129312515259,0.14219079911708832,0.22179058194160461,0.5045480132102966,0.9328970909118652,-0.0677323192358017,0.5640630722045898
93,0.5355255603790283,0.340370237827301,-0.12860241532325745,0.9999793171882629,0.5353201627731323,0.3303441107273102,-0.10749316960573196,0.9999502301216125,0.5368249416351318,0.3303896188735962,-0.10763918608427048,0.9999304413795471,0.5382997393608093,0.33041948080062866,-0.10761191695928574,0.9999606609344482,0.5292732119560242,0.33208227157592773,-0.11461006850004196,0.9999731183052063,0.5264293551445007,0.33353182673454285,-0.11474984139204025,0.999969482421875,0.5234763622283936,0.3352643847465515,-0.114741750061512,0.9999781250953674,0.5361330509185791,0.33670181035995483,-0.015114018693566322,0.9999558329582214,0.5170789361000061,0.34300586581230164,-0.045660242438316345,0.9999058842658997,0.538293719291687,0.3547322452068329,-0.0941256508231163,0.999940812587738,0.5316345691680908,0.3561987280845642,-0.1044139638543129,0.9999450445175171,0.5612093806266785,0.4102170169353485,0.011347169056534767,0.9999336004257202,0.5016106963157654,0.4248044192790985,-0.035209301859140396,0.9999016523361206,0.6107036471366882,0.3733670711517334,-0.09295368194580078,0.9721465110778809,0.47463318705558777,0.403511106967926,-0.16021795570850372,0.9791758060455322,0.5801001787185669,0.322594553232193,-0.20606762170791626,0.9112436771392822,0.513889729976654,0.34283629059791565,-0.23125521838665009,0.9648991823196411,0.5736463665962219,0.30126023292541504,-0.23130732774734497,0.8007053136825562,0.5263358354568481,0.32253286242485046,-0.25544559955596924,0.8948655724525452,0.5669203996658325,0.3048087954521179,-0.2192966490983963,0.7769872546195984,0.5290279388427734,0.3184094727039337,-0.23851889371871948,0.8709172606468201,0.5670841932296753,0.31683021783828735,-0.2041599303483963,0.731521487236023,0.5273200869560242,0.32714542746543884,-0.22695450484752655,0.8229870796203613,0.5666332244873047,0.5916500687599182,0.01184447668492794,0.9998975992202759,0.5259837508201599,0.6028783321380615,-0.01207596156746149,0.999934196472168,0.6163694858551025,0.6756077408790588,-0.05736982449889183,0.4085104465484619,0.5152752995491028,0.7365509271621704,-0.07775139808654785,0.48534220457077026,0.5708122849464417,0.7452822923660278,0.13223393261432648,0.17163367569446564,0.5268114805221558,0.8940699100494385,-0.018213311210274696,0.6479653120040894,0.5615231394767761,0.7508053183555603,0.14833426475524902,0.1497488170862198,0.5348269939422607,0.9184480905532837,-0.014794119633734226,0.3796290457248688,0.5772846341133118,0.7976815104484558,0.10891696810722351,0.2155093252658844,0.5047313570976257,0.9328186511993408,-0.08546852320432663,0.5766764283180237
94,0.5361444354057312,0.3431450128555298,-0.13286498188972473,0.999978244304657,0.5357078313827515,0.33279693126678467,-0.11200467497110367,0.9999478459358215,0.5371562242507935,0.33292075991630554,-0.11216053366661072,0.9999269843101501,0.5385514497756958,0.33302536606788635,-0.11213472485542297,0.9999584555625916,0.5299690961837769,0.33400478959083557,-0.12025657296180725,0.9999722242355347,0.5271074771881104,0.3355584740638733,-0.1204039677977562,0.9999688267707825,0.5240417718887329,0.3376011252403259,-0.12040837854146957,0.9999775290489197,0.5363066792488098,0.3379722833633423,-0.019316090270876884,0.999954342842102,0.5172661542892456,0.34505391120910645,-0.05443553999066353,0.9999071955680847,0.5389708876609802,0.3569326102733612,-0.09817909449338913,0.999939501285553,0.5322685241699219,0.3598818778991699,-0.10988928377628326,0.9999447464942932,0.5615023970603943,0.4125376343727112,0.010474057868123055,0.9999299645423889,0.5022948980331421,0.4275699555873871,-0.036230579018592834,0.9998974204063416,0.6110472083091736,0.37586721777915955,-0.09479738771915436,0.9708808660507202,0.47714823484420776,0.4048638939857483,-0.1774001121520996,0.9789002537727356,0.5822871327400208,0.32267090678215027,-0.2293822318315506,0.9174290299415588,0.51800537109375,0.3421970307826996,-0.2559259235858917,0.9676998257637024,0.5773565769195557,0.3026439845561981,-0.2579100430011749,0.8159271478652954,0.5304086804389954,0.3200467824935913,-0.2840348482131958,0.9036275744438171,0.570077121257782,0.30591437220573425,-0.24733585119247437,0.7938436269760132,0.5324099659919739,0.3159204125404358,-0.2656511962413788,0.8814140558242798,0.5692847371101379,0.3180253207683563,-0.2289397418498993,0.7508544325828552,0.5304745435714722,0.32536596059799194,-0.25145578384399414,0.8370350003242493,0.5691784024238586,0.5936974883079529,0.015114936046302319,0.999904215335846,0.5286716818809509,0.6061772704124451,-0.015352573245763779,0.9999385476112366,0.6210380792617798,0.6788316369056702,-0.06174740940332413,0.41170671582221985,0.5145312547683716,0.7358018159866333,-0.08104708045721054,0.4966660439968109,0.5728554129600525,0.7469765543937683,0.14780500531196594,0.16318635642528534,0.5271708369255066,0.8925737738609314,-0.016833718866109848,0.6612325310707092,0.5629054307937622,0.751740038394928,0.16638225317001343,0.14823415875434875,0.53482985496521,0.9181942939758301,-0.012948515824973583,0.39201080799102783,0.5786493420600891,0.7988905310630798,0.12957626581192017,0.20771123468875885,0.5032985210418701,0.9328110814094543,-0.08276420086622238,0.5857256054878235
95,0.5358963012695312,0.34613415598869324,-0.14699243009090424,0.9999791383743286,0.5356537103652954,0.3349030613899231,-0.12383086234331131,0.9999504089355469,0.5371633172035217,0.33472707867622375,-0.12399300187826157,0.9999302625656128,0.5385801792144775,0.334579199552536,-0.1239415779709816,0.9999603629112244,0.5297395586967468,0.3364991247653961,-0.13691915571689606,0.9999735951423645,0.5268307328224182,0.3380117416381836,-0.13707110285758972,0.9999703764915466,0.5237427353858948,0.33991438150405884,-0.13704122602939606,0.9999785423278809,0.5365060567855835,0.3390710949897766,-0.030345000326633453,0.9999568462371826,0.5171871185302734,0.3466714918613434,-0.07290107756853104,0.9999127388000488,0.5387628078460693,0.3589303493499756,-0.1065870001912117,0.9999424815177917,0.5317775011062622,0.3620862364768982,-0.1254890114068985,0.9999475479125977,0.5621742010116577,0.41356611251831055,-0.003627453465014696,0.999930202960968,0.5028219819068909,0.42881524562835693,-0.07030748575925827,0.9998960494995117,0.6118137240409851,0.377865195274353,-0.13254384696483612,0.9709500670433044,0.48108893632888794,0.4055193364620209,-0.21831727027893066,0.9792689681053162,0.584265947341919,0.32277461886405945,-0.28730469942092896,0.9234429597854614,0.5200933218002319,0.3416817784309387,-0.3107894957065582,0.9700438976287842,0.578591525554657,0.3033163845539093,-0.32037630677223206,0.8297483921051025,0.5323460698127747,0.3193453848361969,-0.3428443968296051,0.9108356237411499,0.5720451474189758,0.30667945742607117,-0.30912795662879944,0.8089578151702881,0.535965621471405,0.31615492701530457,-0.32388028502464294,0.8898002505302429,0.571322500705719,0.31873849034309387,-0.28728780150413513,0.7675261497497559,0.5342041254043579,0.32609570026397705,-0.3066796660423279,0.8474659323692322,0.5713568925857544,0.596436083316803,0.017747288569808006,0.9999107718467712,0.5303545594215393,0.6089876890182495,-0.017966654151678085,0.9999427199363708,0.6234121918678284,0.6788964867591858,-0.06537523865699768,0.4173494875431061,0.514347493648529,0.7356061339378357,-0.08728143572807312,0.5073860883712769,0.5777533054351807,0.7471192479133606,0.15782497823238373,0.15416094660758972,0.5271280407905579,0.892454981803894,-0.016168830916285515,0.6720433235168457,0.5651249289512634,0.7541422247886658,0.17738714814186096,0.14606976509094238,0.5347344279289246,0.9180315732955933,-0.012418908067047596,0.39772501587867737,0.5894542932510376,0.7996249198913574,0.14149819314479828,0.19776961207389832,0.5028127431869507,0.9328126311302185,-0.08645911514759064,0.590890645980835
96,0.53714919090271,0.3436530530452728,-0.09821981936693192,0.9999788403511047,0.5367510914802551,0.3323037624359131,-0.07738619297742844,0.9999504685401917,0.5382515788078308,0.33231163024902344,-0.07753650099039078,0.9999291300773621,0.53969407081604,0.33232322335243225,-0.07751791924238205,0.9999606013298035,0.5306475758552551,0.3338695168495178,-0.08615145832300186,0.9999737739562988,0.5274851322174072,0.3354794979095459,-0.08630751818418503,0.9999702572822571,0.5242002606391907,0.3374168872833252,-0.08630428463220596,0.99997878074646,0.5373468995094299,0.3376494348049164,0.009762725792825222,0.9999570846557617,0.5175914168357849,0.3444080352783203,-0.027874531224370003,0.9999139308929443,0.5395153760910034,0.35694390535354614,-0.06554320454597473,0.9999430775642395,0.532098650932312,0.3593693971633911,-0.0781455934047699,0.9999481439590454,0.5631983876228333,0.4139031767845154,0.038359805941581726,0.9999282956123352,0.5035144090652466,0.4280374348163605,-0.03283064067363739,0.9998913407325745,0.6127936840057373,0.3796727955341339,-0.041940949857234955,0.9674495458602905,0.4854789674282074,0.40536120533943176,-0.14239944517612457,0.9778989553451538,0.5853790640830994,0.3229779303073883,-0.1559116244316101,0.925031840801239,0.52402263879776,0.3399726152420044,-0.2008943408727646,0.9712423086166382,0.5788615942001343,0.3033749759197235,-0.17944194376468658,0.8364167213439941,0.5364276170730591,0.3156885802745819,-0.2248874455690384,0.9155688285827637,0.5724247694015503,0.30674535036087036,-0.17004257440567017,0.8159603476524353,0.5406047105789185,0.3135785162448883,-0.20951366424560547,0.8951689004898071,0.5715439915657043,0.3191605806350708,-0.1553313434123993,0.7750834226608276,0.5379754900932312,0.3254890739917755,-0.19702591001987457,0.8542397022247314,0.5729389786720276,0.5964206457138062,0.020205732434988022,0.9999179840087891,0.5321757793426514,0.6077722907066345,-0.02045455016195774,0.9999472498893738,0.6282646656036377,0.6794726848602295,-0.05832021310925484,0.42102688550949097,0.5150657892227173,0.7374242544174194,-0.08754853159189224,0.5159302949905396,0.5781375169754028,0.7480782270431519,0.14049629867076874,0.14625538885593414,0.5262771248817444,0.8923852443695068,-0.0277482308447361,0.6805254220962524,0.5662059187889099,0.7530374526977539,0.1581403762102127,0.14598120748996735,0.534382164478302,0.9179689884185791,-0.024253757670521736,0.4039854407310486,0.5877952575683594,0.8001366853713989,0.12467067688703537,0.1888982653617859,0.5032114386558533,0.9327768087387085,-0.09475646167993546,0.5946385860443115
97,0.5373010039329529,0.34344708919525146,-0.1056058332324028,0.9999796152114868,0.5372475981712341,0.3316485583782196,-0.08431457728147507,0.9999528527259827,0.5388559699058533,0.33171433210372925,-0.08446227014064789,0.9999319314956665,0.5403370261192322,0.3317120373249054,-0.08443622291088104,0.9999625086784363,0.5307182669639587,0.33279937505722046,-0.0933222770690918,0.9999750852584839,0.5274475812911987,0.3343825936317444,-0.09347499907016754,0.9999715685844421,0.5241471529006958,0.3363514542579651,-0.0934649184346199,0.9999797940254211,0.538427472114563,0.3375113308429718,0.0057408311404287815,0.9999590516090393,0.5179636478424072,0.34440112113952637,-0.03340892121195793,0.9999184012413025,0.5398643612861633,0.35596320033073425,-0.07225657999515533,0.9999455213546753,0.5319809317588806,0.3591305613517761,-0.08500950783491135,0.9999502301216125,0.5649608373641968,0.4151642620563507,0.03375112637877464,0.9999276995658875,0.5047149062156677,0.42909762263298035,-0.03876880928874016,0.9998879432678223,0.6137929558753967,0.38174206018447876,-0.06713148206472397,0.9650991559028625,0.48913007974624634,0.4054170250892639,-0.15604881942272186,0.9767632484436035,0.587739884853363,0.3243156671524048,-0.18395619094371796,0.9271504878997803,0.5270887017250061,0.34051865339279175,-0.20261767506599426,0.9721449613571167,0.5803460478782654,0.3049863576889038,-0.21392934024333954,0.8428031206130981,0.5393457412719727,0.31558090448379517,-0.2313307225704193,0.9192044734954834,0.574260950088501,0.3078256845474243,-0.20377998054027557,0.8225061893463135,0.543186604976654,0.314346581697464,-0.21452125906944275,0.8989433646202087,0.5737468600273132,0.31973838806152344,-0.18548910319805145,0.7817035913467407,0.5407587885856628,0.3265754282474518,-0.2014581263065338,0.8583375811576843,0.5744159817695618,0.5961996912956238,0.020833410322666168,0.9999247789382935,0.5329996943473816,0.6076323390007019,-0.021080076694488525,0.9999514818191528,0.6327856779098511,0.6796337366104126,-0.06305050849914551,0.4286940395832062,0.5142444372177124,0.738959014415741,-0.09970744699239731,0.5260225534439087,0.5810419917106628,0.7488381862640381,0.12315927445888519,0.14265350997447968,0.5262548327445984,0.892136812210083,-0.04422949254512787,0.6913595199584961,0.5671562552452087,0.7542980313301086,0.13904185593128204,0.15011811256408691,0.5345295667648315,0.9169756174087524,-0.04143311455845833,0.41435667872428894,0.5895269513130188,0.8004807829856873,0.10724323242902756,0.18560577929019928,0.5033215880393982,0.9327394962310791,-0.11450640857219696,0.6031577587127686
98,0.5372223258018494,0.34238308668136597,-0.06659892946481705,0.9999804496765137,0.5373448729515076,0.33072230219841003,-0.04446649178862572,0.999955415725708,0.5390469431877136,0.3308350443840027,-0.04460319131612778,0.9999347925186157,0.5406129956245422,0.33087506890296936,-0.04457365721464157,0.9999645352363586,0.5306606292724609,0.3317539691925049,-0.052925486117601395,0.9999765157699585,0.5273424386978149,0.3332904577255249,-0.05308110639452934,0.9999729990959167,0.5240373015403748,0.3352244198322296,-0.053072307258844376,0.9999809861183167,0.539525032043457,0.33688294887542725,0.045186277478933334,0.9999607801437378,0.5182037949562073,0.343999981880188,0.008051527664065361,0.9999226927757263,0.5400115847587585,0.35533612966537476,-0.03376169130206108,0.999947726726532,0.5318061709403992,0.3581490218639374,-0.04588747397065163,0.9999521374702454,0.5663655400276184,0.41534656286239624,0.0718306228518486,0.9999249577522278,0.5053715705871582,0.42906761169433594,-0.0025352626107633114,0.9998831152915955,0.6150568127632141,0.38339152932167053,-0.010633229278028011,0.9608730673789978,0.49244603514671326,0.40694460272789,-0.11860577762126923,0.9757835865020752,0.5890615582466125,0.32507550716400146,-0.12733659148216248,0.9278010725975037,0.5295397043228149,0.3409474194049835,-0.18731428682804108,0.9730948209762573,0.5824955701828003,0.3052457869052887,-0.15106482803821564,0.8469069004058838,0.5415312051773071,0.31567248702049255,-0.2131602168083191,0.9228443503379822,0.5757595300674438,0.3081449270248413,-0.141829714179039,0.8266058564186096,0.5455149412155151,0.31438201665878296,-0.19753050804138184,0.9030036926269531,0.5749449133872986,0.31998738646507263,-0.12704181671142578,0.7854406237602234,0.5432794690132141,0.32686764001846313,-0.18390056490898132,0.8630704283714294,0.5767673254013062,0.5955987572669983,0.02072129398584366,0.9999310374259949,0.5356727838516235,0.6079510450363159,-0.020963726565241814,0.9999553561210632,0.638213038444519,0.6801143288612366,-0.06304288655519485,0.44116759300231934,0.5152498483657837,0.7394970655441284,-0.10519281774759293,0.5369248986244202,0.5841404795646667,0.7556722164154053,0.10970375686883926,0.14207053184509277,0.5264866948127747,0.8896151781082153,-0.03548214212059975,0.694368839263916,0.5693840384483337,0.7632121443748474,0.12425055354833603,0.15627385675907135,0.534810483455658,0.9096148014068604,-0.03139316663146019,0.418489545583725,0.5942028164863586,0.8050906658172607,0.08807525038719177,0.18463675677776337,0.5044688582420349,0.9315581917762756,-0.11105069518089294,0.6037983894348145
99,0.5406888127326965,0.3427305817604065,-0.05530174821615219,0.9999802112579346,0.5397184491157532,0.3307825028896332,-0.03371378034353256,0.9999555945396423,0.5410152077674866,0.33099183440208435,-0.03385145217180252,0.9999338388442993,0.5423644185066223,0.33108407258987427,-0.0338284894824028,0.9999648928642273,0.5341467261314392,0.33163779973983765,-0.04456564411520958,0.9999768137931824,0.5309615731239319,0.3332142233848572,-0.04472023621201515,0.9999729990959167,0.527402937412262,0.33533090353012085,-0.044711511582136154,0.9999812245368958,0.5402104258537292,0.3369557559490204,0.05263543874025345,0.999960720539093,0.520648181438446,0.34419265389442444,0.005280959885567427,0.9999237060546875,0.542455792427063,0.3553577959537506,-0.023465126752853394,0.9999485015869141,0.5348324179649353,0.3588528633117676,-0.038601022213697433,0.9999525547027588,0.5676791667938232,0.4173572361469269,0.07871226966381073,0.9999246001243591,0.5070138573646545,0.4302038550376892,-0.008591576479375362,0.9998793005943298,0.6162716150283813,0.3843657076358795,0.0019089721608906984,0.9562324285507202,0.4949130713939667,0.4071381390094757,-0.12696118652820587,0.9753634929656982,0.5921613574028015,0.32614612579345703,-0.11410797387361526,0.9292669296264648,0.5317537188529968,0.34124425053596497,-0.188523069024086,0.9740499258041382,0.5854803919792175,0.30592483282089233,-0.1359238624572754,0.8524710536003113,0.5435510277748108,0.3159627914428711,-0.2125975489616394,0.9263599514961243,0.5791184306144714,0.3082573711872101,-0.1282212883234024,0.8325669169425964,0.5464649200439453,0.31444039940834045,-0.19672255218029022,0.9068585634231567,0.5787145495414734,0.32021844387054443,-0.11424142867326736,0.7913778424263,0.544424831867218,0.3267441987991333,-0.18434223532676697,0.8672123551368713,0.5784295201301575,0.5971518158912659,0.021739205345511436,0.9999367594718933,0.5365053415298462,0.6106889247894287,-0.021980011835694313,0.9999588131904602,0.6406591534614563,0.679705798625946,-0.07501713931560516,0.4616238474845886,0.5141623616218567,0.7393032312393188,-0.12603440880775452,0.5511901378631592,0.5865471959114075,0.7698968648910522,0.07778041809797287,0.14728614687919617,0.5264173150062561,0.8890533447265625,-0.07745084166526794,0.7041494846343994,0.5720646977424622,0.77863609790802,0.09075793623924255,0.1704273670911789,0.5347950458526611,0.9095439910888672,-0.07495251297950745,0.43408364057540894,0.599748969078064,0.8142700791358948,0.05732147768139839,0.18897488713264465,0.5022132992744446,0.931514322757721,-0.13988138735294342,0.6129956841468811
100,0.5430806279182434,0.3427313566207886,-0.0707072839140892,0.9999813437461853,0.5422537922859192,0.3311351239681244,-0.04887658730149269,0.9999582171440125,0.5434465408325195,0.3315236568450928,-0.04901167005300522,0.9999373555183411,0.5446969270706177,0.33173832297325134,-0.048978980630636215,0.9999668002128601,0.5366089940071106,0.33191731572151184,-0.060575198382139206,0.9999783635139465,0.5333722233772278,0.33367475867271423,-0.06072033941745758,0.99997478723526,0.5297080278396606,0.33602073788642883,-0.06069942191243172,0.999982476234436,0.5427426695823669,0.33772414922714233,0.04028384014964104,0.9999628663063049,0.5221502780914307,0.346000999212265,-0.01075719017535448,0.9999293088912964,0.5446727871894836,0.3556462228298187,-0.03779642656445503,0.9999515414237976,0.5368536114692688,0.3592078685760498,-0.05406113341450691,0.9999554753303528,0.5691717863082886,0.41835683584213257,0.06423617899417877,0.9999259114265442,0.508313775062561,0.4308846890926361,-0.018200695514678955,0.9998834729194641,0.6169862747192383,0.38476482033729553,-0.03535950183868408,0.9549171328544617,0.4998598098754883,0.4073014259338379,-0.17003490030765533,0.9764037728309631,0.5937113165855408,0.326401025056839,-0.155209481716156,0.9314759969711304,0.5379229187965393,0.338951051235199,-0.25014808773994446,0.9761200547218323,0.5871761441230774,0.30662891268730164,-0.18326307833194733,0.858762264251709,0.5470945835113525,0.31356826424598694,-0.27924442291259766,0.9324565529823303,0.5824387073516846,0.3084861636161804,-0.17656256258487701,0.8394001126289368,0.5504806637763977,0.31194132566452026,-0.2607889771461487,0.9143548607826233,0.5818452835083008,0.32047826051712036,-0.15845027565956116,0.7989912033081055,0.5488703846931458,0.3246399462223053,-0.24556796252727509,0.877066433429718,0.5802989602088928,0.5994125604629517,0.022572316229343414,0.999942421913147,0.5385856628417969,0.6138194799423218,-0.022795777767896652,0.9999623894691467,0.6439536213874817,0.6799779534339905,-0.08867934346199036,0.4990793764591217,0.5137612819671631,0.7396390438079834,-0.13751070201396942,0.5837652683258057,0.5997049808502197,0.7801141738891602,0.07552583515644073,0.17668157815933228,0.5260451436042786,0.8889341354370117,-0.0975969210267067,0.7272707223892212,0.5845558047294617,0.789430558681488,0.08902517706155777,0.20578551292419434,0.5346927046775818,0.9096741676330566,-0.09674611687660217,0.4680899679660797,0.6140004992485046,0.8297163844108582,0.05023488029837608,0.2195606678724289,0.4992331564426422,0.9315431118011475,-0.1703423410654068,0.6408401131629944
101,0.544360339641571,0.3474651873111725,-0.050578951835632324,0.9999819397926331,0.5439436435699463,0.336105614900589,-0.028926949948072433,0.9999599456787109,0.5453295111656189,0.33630913496017456,-0.029057055711746216,0.9999392032623291,0.5467247366905212,0.3363610804080963,-0.02901446260511875,0.9999680519104004,0.5377804636955261,0.3369080722332001,-0.04040416702628136,0.9999793767929077,0.534462034702301,0.33837252855300903,-0.04055892676115036,0.9999758005142212,0.5308710336685181,0.3403412699699402,-0.04054009169340134,0.9999831914901733,0.5446934103965759,0.3405914008617401,0.06058243662118912,0.9999639987945557,0.523580014705658,0.3485044240951538,0.009999258443713188,0.999932587146759,0.5463052988052368,0.3589175045490265,-0.017189448699355125,0.9999526143074036,0.5380145907402039,0.36299237608909607,-0.033198826014995575,0.9999562501907349,0.57045578956604,0.41862109303474426,0.09005697071552277,0.9999251365661621,0.509938657283783,0.4312376379966736,-0.0036068432964384556,0.9998796582221985,0.6184815168380737,0.38517332077026367,0.013472379185259342,0.9537616968154907,0.5018547177314758,0.4076210558414459,-0.1321893185377121,0.9776182770729065,0.5965942740440369,0.32678499817848206,-0.10103143751621246,0.9351500868797302,0.5396292805671692,0.33734676241874695,-0.1986178308725357,0.9779139757156372,0.590373694896698,0.30668067932128906,-0.12193839997053146,0.8671532869338989,0.5492581129074097,0.31253349781036377,-0.22331885993480682,0.9377002716064453,0.5864185094833374,0.30867817997932434,-0.11535680294036865,0.8487611413002014,0.5508155822753906,0.3096919059753418,-0.20698104798793793,0.9207892417907715,0.5864503979682922,0.32036781311035156,-0.10173820704221725,0.8099163174629211,0.5493026375770569,0.32170814275741577,-0.19436994194984436,0.8856099247932434,0.5826672315597534,0.5994971394538879,0.02218121662735939,0.9999476075172424,0.5409106016159058,0.6141062378883362,-0.022404825314879417,0.9999655485153198,0.6485820412635803,0.6817914247512817,-0.08428218215703964,0.5432696342468262,0.5138886570930481,0.7394189834594727,-0.1300850361585617,0.6198165416717529,0.6089950203895569,0.7965289950370789,0.062025897204875946,0.24209551513195038,0.5260511040687561,0.8878352046012878,-0.08404918015003204,0.7518746256828308,0.5943734049797058,0.8089791536331177,0.07291261106729507,0.26377072930336,0.5347110629081726,0.9091671109199524,-0.08216419070959091,0.5092470645904541,0.63204026222229,0.8471788763999939,0.02841254696249962,0.27994564175605774,0.49889594316482544,0.9309511780738831,-0.15088365972042084,0.6721462607383728
102,0.5445477366447449,0.34809693694114685,-0.041068170219659805,0.9999819397926331,0.5446932911872864,0.3360978662967682,-0.019477518275380135,0.9999602437019348,0.5461835265159607,0.3361984193325043,-0.01960298791527748,0.9999385476112366,0.5476705431938171,0.3361546993255615,-0.019555797800421715,0.9999679923057556,0.5382558703422546,0.3373335599899292,-0.029591543599963188,0.9999796748161316,0.5348061919212341,0.33893442153930664,-0.029749447479844093,0.9999759793281555,0.5311862230300903,0.34097400307655334,-0.02974143624305725,0.9999834299087524,0.5467367172241211,0.3404322564601898,0.06854052096605301,0.9999634623527527,0.5250288248062134,0.3490177094936371,0.024106362834572792,0.9999341368675232,0.546852171421051,0.3587932586669922,-0.008426977321505547,0.999951958656311,0.5381606221199036,0.3632418215274811,-0.022650038823485374,0.9999555349349976,0.5728505849838257,0.41812703013420105,0.0951668843626976,0.9999226927757263,0.5116356611251831,0.43104854226112366,0.008102514781057835,0.999875545501709,0.6196109056472778,0.38540011644363403,0.015112621709704399,0.9512035846710205,0.5044905543327332,0.40800589323043823,-0.1187175065279007,0.9782606959342957,0.5989604592323303,0.32697561383247375,-0.10012853145599365,0.937110424041748,0.5406286120414734,0.3376256823539734,-0.18946869671344757,0.9793026447296143,0.5931738615036011,0.30685192346572876,-0.12134765088558197,0.8730133771896362,0.5508815050125122,0.31285154819488525,-0.21525175869464874,0.9418886303901672,0.5894473791122437,0.3084542155265808,-0.11487671732902527,0.8553062677383423,0.553218424320221,0.3094249963760376,-0.19875457882881165,0.9258490204811096,0.5897404551506042,0.31954407691955566,-0.10079976916313171,0.8171560168266296,0.5513784885406494,0.3215750753879547,-0.18548104166984558,0.8921788930892944,0.5839456915855408,0.5997990369796753,0.02149926871061325,0.9999523758888245,0.5423946380615234,0.6135232448577881,-0.0217264574021101,0.9999685287475586,0.650359034538269,0.6829986572265625,-0.08472029864788055,0.5841811895370483,0.5138476490974426,0.7396782040596008,-0.12712408602237701,0.6531867384910583,0.620388925075531,0.801421582698822,0.0667056292295456,0.30516287684440613,0.5262662768363953,0.8877067565917969,-0.0674029067158699,0.7741133570671082,0.6077691316604614,0.8152803182601929,0.07848284393548965,0.3169145882129669,0.5351492166519165,0.9089967608451843,-0.06529469788074493,0.5461630821228027,0.64571613073349,0.8593187928199768,0.029618149623274803,0.3370237648487091,0.4984109103679657,0.9300523400306702,-0.13846294581890106,0.7003332376480103
103,0.5480695962905884,0.34806007146835327,-0.043520305305719376,0.9999812245368958,0.5479873418807983,0.33621492981910706,-0.022775890305638313,0.9999589920043945,0.5494650602340698,0.33638107776641846,-0.022905481979250908,0.99993497133255,0.5509399771690369,0.3363686501979828,-0.022865256294608116,0.9999668002128601,0.5416257381439209,0.33720797300338745,-0.03339594602584839,0.9999790191650391,0.5384007096290588,0.3386300504207611,-0.033555105328559875,0.9999747276306152,0.5351085662841797,0.3404572904109955,-0.033552542328834534,0.9999827742576599,0.5493057370185852,0.340714693069458,0.06240926682949066,0.9999615550041199,0.5281598567962646,0.3486539423465729,0.015577629208564758,0.999932050704956,0.5497986674308777,0.35890087485313416,-0.01181256864219904,0.9999498724937439,0.5412607789039612,0.36279192566871643,-0.026790697127580643,0.9999529719352722,0.5741661787033081,0.4178132116794586,0.09048451483249664,0.9999209046363831,0.5132932066917419,0.4306897222995758,0.0008519011898897588,0.9998658299446106,0.6204830408096313,0.385364830493927,0.022179318591952324,0.949219286441803,0.5073227286338806,0.4079444110393524,-0.1225329264998436,0.9788841605186462,0.6015240550041199,0.3265792429447174,-0.07827522605657578,0.9388006925582886,0.5427843928337097,0.3362860083580017,-0.18660308420658112,0.9801162481307983,0.5958660244941711,0.3058929741382599,-0.0958961546421051,0.8771376013755798,0.5536099672317505,0.31225964426994324,-0.21067331731319427,0.94427090883255,0.5923134088516235,0.3061123490333557,-0.09022945910692215,0.8597556352615356,0.5558940768241882,0.30803412199020386,-0.19457359611988068,0.9285459518432617,0.5927963256835938,0.316703200340271,-0.07868009060621262,0.8218589425086975,0.5539032816886902,0.3192811906337738,-0.18262116611003876,0.8951523303985596,0.5858591198921204,0.5995604395866394,0.021447794511914253,0.9999563097953796,0.5440199375152588,0.6128689646720886,-0.021672669798135757,0.9999706149101257,0.6498302221298218,0.6881094574928284,-0.08624821156263351,0.6183406710624695,0.5137576460838318,0.7397218942642212,-0.1259451061487198,0.6781150102615356,0.63397216796875,0.8214343786239624,0.035631660372018814,0.35909125208854675,0.5262546539306641,0.8878852725028992,-0.06276873499155045,0.7899289131164551,0.6212402582168579,0.8403885960578918,0.04384172335267067,0.3577205538749695,0.5351190567016602,0.9091042280197144,-0.0598081536591053,0.5656542778015137,0.6613854765892029,0.8744470477104187,-0.011496842838823795,0.3842340409755707,0.49893027544021606,0.9297969937324524,-0.1327258199453354,0.7194099426269531
104,0.5475426912307739,0.34877341985702515,-0.05655822530388832,0.9999824166297913,0.5477913022041321,0.33599939942359924,-0.03687233850359917,0.9999614953994751,0.5494831800460815,0.3359691798686981,-0.037007592618465424,0.9999387860298157,0.5511179566383362,0.3358825147151947,-0.036963608115911484,0.9999687075614929,0.5410913825035095,0.33765092492103577,-0.04580448195338249,0.9999802708625793,0.5378061532974243,0.3391903340816498,-0.045955803245306015,0.9999762177467346,0.5344269275665283,0.3410804569721222,-0.04594659060239792,0.9999837279319763,0.5509228110313416,0.34044137597084045,0.04677225649356842,0.9999637603759766,0.5291504859924316,0.349054217338562,0.006541276350617409,0.9999362230300903,0.5503982305526733,0.3586668074131012,-0.025769343599677086,0.9999528527259827,0.5415469408035278,0.3630143404006958,-0.038517970591783524,0.9999554753303528,0.5764350295066833,0.4175858199596405,0.07440425455570221,0.9999243021011353,0.5159677863121033,0.4306322932243347,-0.0068831308744847775,0.9998684525489807,0.6224563121795654,0.38499677181243896,-0.003930473234504461,0.9510851502418518,0.5101395845413208,0.40806445479393005,-0.14144712686538696,0.979691207408905,0.6036987900733948,0.32624566555023193,-0.10766788572072983,0.9433102011680603,0.5445755124092102,0.33621808886528015,-0.23391574621200562,0.9816734790802002,0.5983851552009583,0.3056756854057312,-0.12985767424106598,0.8866172432899475,0.5560858845710754,0.31222274899482727,-0.2630106210708618,0.9488515257835388,0.5947152376174927,0.3057715892791748,-0.1155371218919754,0.8705803751945496,0.5578612685203552,0.30753228068351746,-0.24675555527210236,0.9343405365943909,0.5950720310211182,0.3161769211292267,-0.10545507073402405,0.8349723219871521,0.5557390451431274,0.3186938762664795,-0.23083940148353577,0.9032570719718933,0.587255597114563,0.6013547778129578,0.021142680197954178,0.9999596476554871,0.5449995398521423,0.6129311919212341,-0.02136939764022827,0.9999721646308899,0.6512333154678345,0.6898179650306702,-0.09422068297863007,0.6486505270004272,0.5138824582099915,0.7404364347457886,-0.12820526957511902,0.6995290517807007,0.6443583965301514,0.8341125845909119,0.006530930753797293,0.4112902581691742,0.5261512398719788,0.8880274891853333,-0.06044980511069298,0.802480161190033,0.6344919204711914,0.858842134475708,0.01186920516192913,0.39970332384109497,0.5351096987724304,0.9100317358970642,-0.05728861317038536,0.5799650549888611,0.6765974760055542,0.8801823258399963,-0.0535510815680027,0.43285873532295227,0.4989583194255829,0.929783821105957,-0.12926675379276276,0.7355234026908875
105,0.5500942468643188,0.3482724130153656,-0.056572914123535156,0.9999831914901733,0.5505927801132202,0.33565592765808105,-0.03625185787677765,0.9999629259109497,0.5521738529205322,0.33573421835899353,-0.03638860210776329,0.9999405145645142,0.5536932349205017,0.3357783257961273,-0.03634658083319664,0.9999696016311646,0.5442503690719604,0.33722153306007385,-0.04574837535619736,0.9999809861183167,0.5410538911819458,0.3388362526893616,-0.04589652270078659,0.9999769926071167,0.5377126932144165,0.3408333361148834,-0.04588866978883743,0.9999842047691345,0.5536425113677979,0.3403613865375519,0.04710841923952103,0.9999647736549377,0.5321915745735168,0.34936583042144775,0.005131686571985483,0.9999384880065918,0.5530521869659424,0.35843855142593384,-0.02590647153556347,0.999954342842102,0.5443153381347656,0.3627472221851349,-0.03937571495771408,0.9999564290046692,0.5787706971168518,0.417410671710968,0.07258486747741699,0.9999246597290039,0.5185461044311523,0.430690735578537,-0.010148242115974426,0.9998634457588196,0.624500036239624,0.3846999406814575,-0.009553903713822365,0.9511839747428894,0.5124391913414001,0.40827691555023193,-0.1524600386619568,0.9803704023361206,0.6059413552284241,0.32465869188308716,-0.11743240803480148,0.9457960724830627,0.5462344884872437,0.3360838294029236,-0.24272890388965607,0.9827722907066345,0.6010250449180603,0.3017955720424652,-0.1383643001317978,0.892156183719635,0.5578510165214539,0.3122527003288269,-0.2719423472881317,0.952106773853302,0.5969753861427307,0.30274683237075806,-0.13076354563236237,0.8769032955169678,0.5604701638221741,0.30796828866004944,-0.2553251087665558,0.9384178519248962,0.5972285866737366,0.3139410614967346,-0.11744630336761475,0.8422120809555054,0.558494508266449,0.3191857635974884,-0.23950757086277008,0.9085783362388611,0.5909941792488098,0.6022874712944031,0.02134387567639351,0.9999618530273438,0.5488143563270569,0.6136224865913391,-0.021566122770309448,0.9999724626541138,0.6525008678436279,0.6951227188110352,-0.09337662905454636,0.6698948740959167,0.5143845677375793,0.7404223680496216,-0.12939471006393433,0.7090086936950684,0.6577092409133911,0.8419516086578369,0.008621370419859886,0.44562599062919617,0.526088297367096,0.8871415853500366,-0.05820716917514801,0.8016809821128845,0.6492379903793335,0.8689294457435608,0.014209817163646221,0.420370489358902,0.534807562828064,0.909121572971344,-0.05344517529010773,0.5707460641860962,0.6899355053901672,0.8869601488113403,-0.05197657272219658,0.46241331100463867,0.4990221858024597,0.9285717606544495,-0.12342659384012222,0.7348381280899048
106,0.5513457655906677,0.348050057888031,-0.054938904941082,0.9999839663505554,0.5521311163902283,0.3353870213031769,-0.03412621095776558,0.9999646544456482,0.5537676215171814,0.335576593875885,-0.03426511958241463,0.9999427795410156,0.5553033351898193,0.33563441038131714,-0.03421998396515846,0.9999707937240601,0.5456663370132446,0.3370288014411926,-0.0428704097867012,0.9999818205833435,0.5424844026565552,0.3387274444103241,-0.043019700795412064,0.9999778270721436,0.5391895771026611,0.3407950699329376,-0.04301494359970093,0.9999847412109375,0.5559128522872925,0.3397725820541382,0.04972667619585991,0.9999659657478333,0.534356951713562,0.3495936095714569,0.01112496666610241,0.999940812587738,0.554639995098114,0.35826534032821655,-0.024249961599707603,0.9999555349349976,0.5458749532699585,0.3626156747341156,-0.03680133819580078,0.9999569058418274,0.5815010070800781,0.4172746241092682,0.07225906848907471,0.9999235272407532,0.5207695960998535,0.43071630597114563,-0.008701740764081478,0.999854326248169,0.6271942853927612,0.3845572769641876,-0.012672045268118382,0.9521884322166443,0.516825258731842,0.40820038318634033,-0.15303656458854675,0.9811691045761108,0.6083091497421265,0.32213208079338074,-0.116243876516819,0.9482645988464355,0.5509169101715088,0.3338722884654999,-0.24145594239234924,0.9837064146995544,0.6033461689949036,0.29803088307380676,-0.13590548932552338,0.8971141576766968,0.5610891580581665,0.31138861179351807,-0.27065309882164,0.9548108577728271,0.599364161491394,0.30019593238830566,-0.12924616038799286,0.8824587464332581,0.5642256140708923,0.30786171555519104,-0.25362247228622437,0.941789448261261,0.5996496677398682,0.3120333254337311,-0.11639905720949173,0.8486291766166687,0.5628928542137146,0.3187752664089203,-0.23821625113487244,0.9129481315612793,0.5933665037155151,0.6042948365211487,0.02104240655899048,0.9999643564224243,0.5492116212844849,0.6158881783485413,-0.02126176469027996,0.9999732375144958,0.6530779600143433,0.6997740864753723,-0.09601651132106781,0.6953332424163818,0.5143901109695435,0.7409024238586426,-0.12676674127578735,0.7265116572380066,0.6687029004096985,0.8484644293785095,0.0029539645183831453,0.48907971382141113,0.5254994630813599,0.8871638774871826,-0.042273081839084625,0.8091748952865601,0.6626697778701782,0.8808108568191528,0.008099467493593693,0.4502141773700714,0.5337088704109192,0.9090527296066284,-0.03634525090456009,0.5742706656455994,0.7014187574386597,0.8915022611618042,-0.06180822476744652,0.5014879107475281,0.4991929829120636,0.9279247522354126,-0.10419521480798721,0.7447769641876221
107,0.5548660755157471,0.34873735904693604,-0.04431343078613281,0.9999838471412659,0.5550061464309692,0.3355727791786194,-0.02350372076034546,0.9999643564224243,0.5564056038856506,0.33552810549736023,-0.023645151406526566,0.9999414682388306,0.5577900409698486,0.33541637659072876,-0.0236035268753767,0.9999703168869019,0.5490800738334656,0.3374875485897064,-0.03326709568500519,0.9999815225601196,0.5460850596427917,0.3392040431499481,-0.03342262655496597,0.9999771118164062,0.5430091023445129,0.3412414491176605,-0.03342391178011894,0.9999842047691345,0.5575956702232361,0.33989691734313965,0.058428630232810974,0.999965250492096,0.5377741456031799,0.3504006266593933,0.015383698977530003,0.9999392628669739,0.5578292608261108,0.3588111996650696,-0.014400395564734936,0.999954879283905,0.549719512462616,0.36338943243026733,-0.028274977579712868,0.9999550580978394,0.5840346217155457,0.4171971082687378,0.0803498700261116,0.9999213218688965,0.5238853693008423,0.4315570890903473,-0.008962372317910194,0.9998373985290527,0.6294987797737122,0.3841876983642578,0.005563615821301937,0.9527543783187866,0.5210838913917542,0.40624698996543884,-0.1536451131105423,0.9819499254226685,0.6118677854537964,0.32035577297210693,-0.08754754811525345,0.9498443603515625,0.5556156635284424,0.32980284094810486,-0.2380046844482422,0.984085738658905,0.6067664623260498,0.2962404191493988,-0.1046082153916359,0.8999903798103333,0.5649612545967102,0.30913046002388,-0.26677751541137695,0.9559211730957031,0.6030084490776062,0.29908281564712524,-0.10005807876586914,0.8856625556945801,0.5682328939437866,0.30634307861328125,-0.24975553154945374,0.9430689215660095,0.6031779646873474,0.31115755438804626,-0.08835751563310623,0.852496325969696,0.5672904253005981,0.3160231113433838,-0.23467448353767395,0.9140424132347107,0.5955961346626282,0.6069377064704895,0.021064208820462227,0.9999667406082153,0.5518400073051453,0.6184073686599731,-0.021283762529492378,0.9999740123748779,0.6548789739608765,0.7012917995452881,-0.10258032381534576,0.720680296421051,0.5144672989845276,0.7411016821861267,-0.12526515126228333,0.7443765997886658,0.6787471771240234,0.8529561758041382,-0.009412158280611038,0.5303547978401184,0.525374174118042,0.8874138593673706,-0.043685611337423325,0.8176331520080566,0.6723772883415222,0.8846039772033691,-0.004816883709281683,0.4790329933166504,0.5330698490142822,0.9090738296508789,-0.03862925246357918,0.5769262909889221,0.713703989982605,0.8970261216163635,-0.07633182406425476,0.5384261608123779,0.4993720054626465,0.9275385737419128,-0.10790520161390305,0.7550255656242371
108,0.5571114420890808,0.35169926285743713,-0.05237545445561409,0.9999849200248718,0.5572843551635742,0.3379719853401184,-0.03175002709031105,0.9999666810035706,0.5589205026626587,0.3372262716293335,-0.031893692910671234,0.9999452829360962,0.5604532361030579,0.3365633487701416,-0.03185264393687248,0.9999721050262451,0.55089271068573,0.3410935699939728,-0.04099961742758751,0.9999826550483704,0.5479344725608826,0.34284430742263794,-0.04114772751927376,0.9999784827232361,0.5448997020721436,0.3448057770729065,-0.041145481169223785,0.9999849796295166,0.5607918500900269,0.34047526121139526,0.05165138095617294,0.9999675750732422,0.5398162007331848,0.3530938923358917,0.010830485261976719,0.9999428987503052,0.560759961605072,0.36042848229408264,-0.02182694338262081,0.9999576210975647,0.5523868799209595,0.36628884077072144,-0.034987110644578934,0.9999571442604065,0.5867511630058289,0.4166215658187866,0.07839233428239822,0.9999247789382935,0.5266201496124268,0.43242672085762024,-0.010051948018372059,0.9998325705528259,0.6322758793830872,0.3833397924900055,-0.026327496394515038,0.9554389119148254,0.5243204832077026,0.4062873423099518,-0.17316129803657532,0.9828705787658691,0.6167349219322205,0.3203034996986389,-0.14659029245376587,0.9537107944488525,0.5590603947639465,0.3289874792098999,-0.2838952839374542,0.9851266145706177,0.6127427220344543,0.29634422063827515,-0.16950727999210358,0.9077118635177612,0.5681400299072266,0.30884578824043274,-0.3177741467952728,0.9589869379997253,0.6081836223602295,0.29912203550338745,-0.16438883543014526,0.8945367932319641,0.5704982280731201,0.305393785238266,-0.3000956177711487,0.9470000863075256,0.6079477667808533,0.31138163805007935,-0.147950679063797,0.8634749054908752,0.5698947310447693,0.31424474716186523,-0.28131645917892456,0.9195737838745117,0.5983627438545227,0.6069797277450562,0.019999904558062553,0.9999687671661377,0.5544840097427368,0.6181941628456116,-0.020200755447149277,0.9999744296073914,0.6558117270469666,0.7051015496253967,-0.09869739413261414,0.745238184928894,0.5178913474082947,0.7403522729873657,-0.12761078774929047,0.7656583786010742,0.687359631061554,0.8578540086746216,-0.01096999179571867,0.5733720660209656,0.5253421068191528,0.887614369392395,-0.052482862025499344,0.8312774300575256,0.6822184920310974,0.888135552406311,-0.008277948945760727,0.5151857137680054,0.5325143933296204,0.9090737104415894,-0.04857680946588516,0.5958570241928101,0.7202523946762085,0.9030130505561829,-0.08768941462039948,0.5794711709022522,0.49949395656585693,0.9272810220718384,-0.12390916794538498,0.7730943560600281
109,0.5604054927825928,0.3546874523162842,-0.06407461315393448,0.9999861121177673,0.5606744289398193,0.3415810763835907,-0.04444337636232376,0.9999693036079407,0.5623486042022705,0.3406848907470703,-0.04460346698760986,0.9999496340751648,0.5639304518699646,0.33982306718826294,-0.0445556677877903,0.9999741911888123,0.554097592830658,0.34438806772232056,-0.054396748542785645,0.9999839663505554,0.5510808825492859,0.3458409607410431,-0.05453915148973465,0.9999801516532898,0.548037588596344,0.34750473499298096,-0.05454329401254654,0.9999859929084778,0.5635678768157959,0.34264448285102844,0.03962530940771103,0.9999701976776123,0.5423805713653564,0.3550286591053009,-0.004151784349232912,0.9999473690986633,0.5639380812644958,0.36301979422569275,-0.03282167762517929,0.999960720539093,0.5553261041641235,0.3691529333591461,-0.046862732619047165,0.9999599456787109,0.589506208896637,0.4161744713783264,0.06754732131958008,0.9999287724494934,0.5298517346382141,0.43334659934043884,-0.024110840633511543,0.9998335838317871,0.634992241859436,0.3823048770427704,-0.03071204200387001,0.9577586650848389,0.5273264050483704,0.40628576278686523,-0.19051724672317505,0.9839164614677429,0.6202602982521057,0.31979456543922424,-0.14831338822841644,0.9573348164558411,0.5622128248214722,0.3279259502887726,-0.30387625098228455,0.986278772354126,0.6167594790458679,0.29538586735725403,-0.1709025651216507,0.9150984287261963,0.570738673210144,0.3080812394618988,-0.3385123610496521,0.9623004198074341,0.6119167804718018,0.2979620397090912,-0.16609564423561096,0.9030409455299377,0.5726736783981323,0.3043231964111328,-0.3208249509334564,0.95127272605896,0.6114085912704468,0.31084492802619934,-0.1497180014848709,0.8740760087966919,0.5721844434738159,0.31280651688575745,-0.30124154686927795,0.9257304072380066,0.6032121181488037,0.6076324582099915,0.019982818514108658,0.9999704957008362,0.5591385364532471,0.6192599534988403,-0.020183859393000603,0.9999746680259705,0.6586253643035889,0.7105778455734253,-0.08824016898870468,0.7680212259292603,0.5207725167274475,0.7402255535125732,-0.1247236430644989,0.7854182124137878,0.6929132342338562,0.864715039730072,-0.004777256865054369,0.613181471824646,0.5247059464454651,0.8876330256462097,-0.04859573021531105,0.8442865610122681,0.6877347230911255,0.8935204744338989,-0.0022634854540228844,0.5526615381240845,0.5311892628669739,0.9088202714920044,-0.04471667483448982,0.6166397333145142,0.7272507548332214,0.9072101712226868,-0.08022984117269516,0.6178897619247437,0.5000861287117004,0.9262785315513611,-0.11882331967353821,0.7904101610183716
110,0.5631247758865356,0.35441508889198303,-0.07075592130422592,0.999987006187439,0.5627853274345398,0.3413149416446686,-0.05080975592136383,0.9999711513519287,0.5643332004547119,0.34033286571502686,-0.05097202956676483,0.9999527335166931,0.5658073425292969,0.3394016623497009,-0.05092325061559677,0.9999755620956421,0.5565208196640015,0.3442925810813904,-0.060937248170375824,0.9999849200248718,0.5536209344863892,0.3457813560962677,-0.06108398362994194,0.9999814033508301,0.5506944060325623,0.347446084022522,-0.061100073158741,0.9999867081642151,0.5655301809310913,0.3424026668071747,0.033939145505428314,0.9999719858169556,0.5454784631729126,0.35492855310440063,-0.010593080893158913,0.9999507665634155,0.5667737126350403,0.3627482056617737,-0.03943520411849022,0.9999630451202393,0.5582878589630127,0.3687380254268646,-0.05368761718273163,0.9999619722366333,0.5927623510360718,0.4160423278808594,0.06076784059405327,0.9999316334724426,0.5330215096473694,0.43395137786865234,-0.03171676769852638,0.9998356103897095,0.6378223299980164,0.38085928559303284,-0.03410328924655914,0.9581567645072937,0.5317797660827637,0.4060233533382416,-0.20527085661888123,0.9845646023750305,0.6238209009170532,0.3182806372642517,-0.15265367925167084,0.9598075747489929,0.5638146996498108,0.3277217447757721,-0.3299253284931183,0.9872395992279053,0.6206198930740356,0.29316002130508423,-0.17543348670005798,0.9207882881164551,0.5729081034660339,0.30801981687545776,-0.36762291193008423,0.9651511311531067,0.615385890007019,0.2955118715763092,-0.17229199409484863,0.9097216725349426,0.5746792554855347,0.30395397543907166,-0.3496455252170563,0.9549621343612671,0.6148968935012817,0.30874815583229065,-0.1547694057226181,0.882144033908844,0.5739372968673706,0.3122866153717041,-0.32763200998306274,0.9309808015823364,0.6072743535041809,0.609084963798523,0.019600534811615944,0.999971866607666,0.5623747110366821,0.6208540201187134,-0.019797874614596367,0.99997478723526,0.660492479801178,0.7125268578529358,-0.0885387659072876,0.7862091660499573,0.5218150615692139,0.7396605610847473,-0.12420056015253067,0.8000444769859314,0.6963533759117126,0.8656259775161743,-0.012208273634314537,0.6466699838638306,0.5243107676506042,0.8878294229507446,-0.044910676777362823,0.8535542488098145,0.6920539140701294,0.895285427570343,-0.010221945121884346,0.5780516266822815,0.5305432677268982,0.9089556336402893,-0.04093949496746063,0.6286479830741882,0.728301465511322,0.9117401242256165,-0.09358588606119156,0.6500821113586426,0.5002188086509705,0.926310122013092,-0.11687588691711426,0.8032143712043762
111,0.5672786235809326,0.3550419509410858,-0.061022937297821045,0.9999877214431763,0.5666530728340149,0.3420507609844208,-0.04086223989725113,0.9999727010726929,0.5680808424949646,0.341080904006958,-0.0410221628844738,0.9999552369117737,0.5694819688796997,0.3401082754135132,-0.04098057001829147,0.9999767541885376,0.5603450536727905,0.34500187635421753,-0.051364216953516006,0.9999857544898987,0.5573474764823914,0.3465154469013214,-0.05151369422674179,0.9999823570251465,0.5543521046638489,0.3481970429420471,-0.05152866616845131,0.9999873042106628,0.5684174299240112,0.3431645333766937,0.04228163883090019,0.999973475933075,0.5489562153816223,0.355569452047348,-0.004386102315038443,0.9999534487724304,0.5706290602684021,0.36354944109916687,-0.030400501564145088,0.9999650120735168,0.561943769454956,0.3695765733718872,-0.045086752623319626,0.9999635815620422,0.5961758494377136,0.41599908471107483,0.06610558182001114,0.999934196472168,0.5360826849937439,0.4354951083660126,-0.027452068403363228,0.9998349547386169,0.6402943730354309,0.37917664647102356,-0.017140060663223267,0.9587619304656982,0.5351227521896362,0.40586498379707336,-0.18688255548477173,0.9852969646453857,0.6267433762550354,0.31594011187553406,-0.12531550228595734,0.9621661305427551,0.5687520503997803,0.3248615264892578,-0.29652655124664307,0.9880561232566833,0.6233896017074585,0.29014286398887634,-0.14573006331920624,0.9256711602210999,0.5772362947463989,0.3058874309062958,-0.3305268883705139,0.967452347278595,0.6186590194702148,0.2923431098461151,-0.14325681328773499,0.9153934121131897,0.5786498785018921,0.30146896839141846,-0.31313225626945496,0.9579110741615295,0.6178735494613647,0.3059086501598358,-0.12740686535835266,0.8890034556388855,0.5781228542327881,0.30903559923171997,-0.2938985824584961,0.9350619912147522,0.6114881038665771,0.608699381351471,0.018136845901608467,0.9999730587005615,0.5679406523704529,0.6206149458885193,-0.01833994872868061,0.99997478723526,0.6625926494598389,0.7124914526939392,-0.08986037224531174,0.8008658289909363,0.5229137539863586,0.7375658750534058,-0.1252579241991043,0.8111177682876587,0.6980360150337219,0.8640198707580566,-0.014389639720320702,0.6722124218940735,0.5241772532463074,0.8886181712150574,-0.054898906499147415,0.858596682548523,0.6924521923065186,0.895720899105072,-0.012031647376716137,0.5915827751159668,0.5306071043014526,0.9104456901550293,-0.05167578160762787,0.6326801776885986,0.7313938736915588,0.9146710634231567,-0.08892161399126053,0.6732991337776184,0.49941715598106384,0.92734694480896,-0.12348213791847229,0.8104405403137207
112,0.5698904395103455,0.35476958751678467,-0.05862830579280853,0.9999882578849792,0.5690745711326599,0.3416573703289032,-0.038101132959127426,0.9999738931655884,0.5705438852310181,0.34072303771972656,-0.03826087713241577,0.9999570250511169,0.5719727277755737,0.33983883261680603,-0.038219936192035675,0.9999776482582092,0.562762975692749,0.3446417450904846,-0.04765445366501808,0.9999863505363464,0.5597295761108398,0.34622853994369507,-0.04780380800366402,0.9999830722808838,0.5566099882125854,0.34801483154296875,-0.047816790640354156,0.9999876618385315,0.5719508528709412,0.34304800629615784,0.044941291213035583,0.9999745488166809,0.5515272617340088,0.35561686754226685,0.0032834908924996853,0.9999553561210632,0.5734571218490601,0.3633008301258087,-0.028237877413630486,0.9999665021896362,0.5647150278091431,0.3692798614501953,-0.04164840281009674,0.9999645352363586,0.6000249981880188,0.41520074009895325,0.06636817753314972,0.9999361634254456,0.5399671196937561,0.4364524781703949,-0.0177267137914896,0.9998298287391663,0.6432071328163147,0.37662458419799805,-0.017496293410658836,0.9596145749092102,0.5383965373039246,0.40652912855148315,-0.18066374957561493,0.9859597682952881,0.6297305822372437,0.31442779302597046,-0.12778812646865845,0.9644472599029541,0.5712129473686218,0.3240039348602295,-0.2911917567253113,0.9888088703155518,0.6275792717933655,0.2877281606197357,-0.14852292835712433,0.9302958846092224,0.5796056985855103,0.3044259548187256,-0.3252069056034088,0.9695385694503784,0.622100293636322,0.28997787833213806,-0.14664135873317719,0.9207219481468201,0.5810529589653015,0.29989826679229736,-0.3078545928001404,0.9605843424797058,0.6208751201629639,0.30392688512802124,-0.13015715777873993,0.895416796207428,0.5804975032806396,0.30757978558540344,-0.2886735200881958,0.9387854933738708,0.6162961721420288,0.6085413694381714,0.01565801538527012,0.9999741911888123,0.5723537802696228,0.6190186142921448,-0.015864474698901176,0.99997478723526,0.666154682636261,0.7136053442955017,-0.09307090938091278,0.8155636191368103,0.5268162488937378,0.7345332503318787,-0.12793584167957306,0.8230913281440735,0.6981886625289917,0.8691656589508057,-0.013085523620247841,0.6984568238258362,0.5239165425300598,0.8886059522628784,-0.05451143532991409,0.8659293055534363,0.692552924156189,0.9002156853675842,-0.0102928401902318,0.6096013784408569,0.5300853848457336,0.9105551242828369,-0.0509917251765728,0.6433701515197754,0.7314234375953674,0.9156834483146667,-0.08992218226194382,0.6975207924842834,0.4986638128757477,0.9273537993431091,-0.12272893637418747,0.8205496668815613
113,0.574146032333374,0.3542512357234955,-0.0554647296667099,0.9999886155128479,0.5735086798667908,0.3412201404571533,-0.03493182733654976,0.9999747276306152,0.5751287341117859,0.34030628204345703,-0.03508942201733589,0.9999582171440125,0.5767480731010437,0.3393769860267639,-0.03505086153745651,0.9999783039093018,0.5664389729499817,0.34445613622665405,-0.045284561812877655,0.9999867677688599,0.5633915066719055,0.34618401527404785,-0.0454406812787056,0.999983549118042,0.5603160262107849,0.3478311002254486,-0.04545426368713379,0.9999879002571106,0.5760947465896606,0.34236201643943787,0.048175811767578125,0.9999752044677734,0.5552454590797424,0.3554011583328247,0.003410310484468937,0.999956488609314,0.5777477622032166,0.3627927005290985,-0.024904726073145866,0.9999675154685974,0.5684415698051453,0.3690135180950165,-0.03932027891278267,0.9999648928642273,0.6039769053459167,0.41385000944137573,0.07389536499977112,0.9999381303787231,0.5438525080680847,0.436837375164032,-0.01757049188017845,0.9998250603675842,0.646112322807312,0.3746436536312103,0.004884918220341206,0.9587463736534119,0.5418697595596313,0.40903595089912415,-0.17809335887432098,0.9865360856056213,0.6329880952835083,0.3122507333755493,-0.09486404061317444,0.9660055637359619,0.5726598501205444,0.32426828145980835,-0.2844345271587372,0.9893606305122375,0.6312390565872192,0.2849472463130951,-0.11287792026996613,0.9335640668869019,0.581096351146698,0.304480642080307,-0.31728070974349976,0.971065878868103,0.6259251236915588,0.2872398793697357,-0.11080517619848251,0.9245604276657104,0.5823282599449158,0.2998974323272705,-0.30050379037857056,0.9625424146652222,0.6247648596763611,0.301617294549942,-0.09676118195056915,0.9000033140182495,0.5816367268562317,0.3080034852027893,-0.28187599778175354,0.9412431716918945,0.6202890872955322,0.6067909002304077,0.015826569870114326,0.9999749660491943,0.5765763521194458,0.616357684135437,-0.01603020168840885,0.999974250793457,0.6706590056419373,0.7124941945075989,-0.09702342003583908,0.8263533711433411,0.5303091406822205,0.7324483394622803,-0.13523335754871368,0.8302757143974304,0.6975024938583374,0.8717396855354309,-0.024288274347782135,0.7186264395713806,0.523919939994812,0.8886513113975525,-0.06478653103113174,0.8676493763923645,0.6923636198043823,0.9020010828971863,-0.022139692679047585,0.6227783560752869,0.529496967792511,0.911405622959137,-0.06107387691736221,0.6420965790748596,0.731436550617218,0.9157912135124207,-0.09807410836219788,0.7154210805892944,0.4985181987285614,0.927358090877533,-0.12910380959510803,0.8239161968231201
114,0.5783013701438904,0.35405898094177246,-0.055449459701776505,0.9999882578849792,0.5773454308509827,0.34116336703300476,-0.03534518554806709,0.9999741911888123,0.579053521156311,0.34027090668678284,-0.03550555557012558,0.9999569654464722,0.5806993246078491,0.3393312990665436,-0.03546883538365364,0.9999779462814331,0.5701623558998108,0.34428849816322327,-0.04583452269434929,0.9999864101409912,0.5670863389968872,0.346059113740921,-0.04599825665354729,0.9999829530715942,0.564052164554596,0.3479255735874176,-0.046014849096536636,0.9999874234199524,0.57976895570755,0.34225186705589294,0.04716014489531517,0.9999744296073914,0.5591088533401489,0.3558582663536072,0.00237496430054307,0.9999541640281677,0.5822194814682007,0.3627426326274872,-0.025073088705539703,0.9999672174453735,0.5728160738945007,0.36903485655784607,-0.039707474410533905,0.9999635219573975,0.6083884835243225,0.4129538834095001,0.07818381488323212,0.9999405741691589,0.549167275428772,0.4379396140575409,-0.017928829416632652,0.9998230934143066,0.6489123702049255,0.3726130723953247,0.03959120437502861,0.9559004306793213,0.5456372499465942,0.41005393862724304,-0.1661616414785385,0.9868755340576172,0.6367707848548889,0.31071600317955017,-0.03914816305041313,0.9671891331672668,0.5751811265945435,0.3236485719680786,-0.2697138488292694,0.98979651927948,0.6344108581542969,0.2838059663772583,-0.05299888923764229,0.9365268349647522,0.5838898420333862,0.30392783880233765,-0.3011230230331421,0.9724131226539612,0.6296550631523132,0.28619083762168884,-0.05370340123772621,0.9281258583068848,0.5844844579696655,0.2991670072078705,-0.28762489557266235,0.9643005728721619,0.6287915110588074,0.30067649483680725,-0.04134245589375496,0.9043897390365601,0.5838063359260559,0.3071373403072357,-0.26809364557266235,0.9433949589729309,0.6242456436157227,0.60655277967453,0.017713729292154312,0.9999753832817078,0.5805477499961853,0.6163209080696106,-0.01792428083717823,0.999972939491272,0.6749659180641174,0.7117041349411011,-0.0964399129152298,0.8350340723991394,0.5351911783218384,0.7327088117599487,-0.13268697261810303,0.83306884765625,0.6973478198051453,0.8731095194816589,-0.02261483110487461,0.7352486252784729,0.5238928198814392,0.8886339068412781,-0.0627172440290451,0.8662965297698975,0.692170262336731,0.9039342999458313,-0.020133452489972115,0.6363935470581055,0.529422402381897,0.9105903506278992,-0.05894576758146286,0.6359734535217285,0.732906699180603,0.9154560565948486,-0.090697281062603,0.7301314473152161,0.49861034750938416,0.9271174073219299,-0.12893401086330414,0.8234066963195801
115,0.5815841555595398,0.35403087735176086,-0.054264310747385025,0.9999878406524658,0.5803064703941345,0.34104928374290466,-0.034069862216711044,0.9999732971191406,0.5818149447441101,0.34017229080200195,-0.034234724938869476,0.9999552369117737,0.58333420753479,0.33927929401397705,-0.03420121595263481,0.999977171421051,0.5737301707267761,0.34418463706970215,-0.045049674808979034,0.999985933303833,0.5705236196517944,0.3459118604660034,-0.04521443322300911,0.9999823570251465,0.5673280954360962,0.3477570116519928,-0.045230891555547714,0.9999868273735046,0.582123339176178,0.3421837389469147,0.048501960933208466,0.999973714351654,0.5623125433921814,0.35571566224098206,0.0021077292039990425,0.9999526143074036,0.585276186466217,0.3626484274864197,-0.023709850385785103,0.9999666213989258,0.5768688321113586,0.3688701391220093,-0.03892328590154648,0.9999617338180542,0.6128642559051514,0.4114455282688141,0.07770194858312607,0.9999415278434753,0.5520208477973938,0.4384029805660248,-0.018397117033600807,0.999815821647644,0.6528363823890686,0.3703272342681885,0.019091490656137466,0.9540768265724182,0.5501174926757812,0.4103262722492218,-0.17067767679691315,0.987263560295105,0.6415205597877502,0.3092138469219208,-0.07805700600147247,0.968112051486969,0.5788487792015076,0.32024651765823364,-0.2814529240131378,0.990374743938446,0.6386861205101013,0.2823520004749298,-0.09598466008901596,0.9389441609382629,0.5870481133460999,0.3007541000843048,-0.3144817650318146,0.974101722240448,0.6336071491241455,0.28479400277137756,-0.09454593062400818,0.9310281872749329,0.5873516798019409,0.29561394453048706,-0.300514817237854,0.9664810299873352,0.632519006729126,0.29935213923454285,-0.08015737682580948,0.9078667163848877,0.5868276953697205,0.30316802859306335,-0.2799544930458069,0.9463388323783875,0.629824697971344,0.6064555048942566,0.017733221873641014,0.9999762177467346,0.5852661728858948,0.6163098812103271,-0.017943821847438812,0.9999727010726929,0.6796772480010986,0.7129761576652527,-0.10062550753355026,0.8456752896308899,0.5372151732444763,0.7328830361366272,-0.13418461382389069,0.8407028913497925,0.6977912187576294,0.8739463090896606,-0.019689422100782394,0.7533093094825745,0.5239224433898926,0.8888052701950073,-0.06135765090584755,0.8708418011665344,0.6921934485435486,0.9058108329772949,-0.016453707590699196,0.6535993814468384,0.5295445919036865,0.9105873107910156,-0.057420842349529266,0.643850564956665,0.7342188358306885,0.9145055413246155,-0.08652141690254211,0.7463564276695251,0.49781253933906555,0.927086591720581,-0.12619830667972565,0.8291906118392944
116,0.5865383148193359,0.3538694977760315,-0.051428478211164474,0.9999879598617554,0.5847008228302002,0.34111499786376953,-0.031307321041822433,0.9999735355377197,0.5860528349876404,0.3402080237865448,-0.03147707134485245,0.9999557137489319,0.587441623210907,0.33922314643859863,-0.03144407644867897,0.9999773502349854,0.5783007740974426,0.34408050775527954,-0.0424625538289547,0.9999859929084778,0.5750505328178406,0.34578534960746765,-0.042626943439245224,0.999982476234436,0.571733832359314,0.34768104553222656,-0.04264087602496147,0.9999867081642151,0.5856415033340454,0.3420965373516083,0.051493629813194275,0.999974250793457,0.5662899613380432,0.3558112680912018,0.0034326836466789246,0.9999528527259827,0.5897157788276672,0.36255329847335815,-0.020647983998060226,0.9999669194221497,0.5816400051116943,0.3687569797039032,-0.03603949770331383,0.9999610781669617,0.6169049739837646,0.40964123606681824,0.0783371850848198,0.9999440908432007,0.5569416880607605,0.43889477849006653,-0.017347194254398346,0.9998130798339844,0.6564208269119263,0.3685274124145508,0.01478705182671547,0.9529381394386292,0.5541260242462158,0.4104688763618469,-0.18042518198490143,0.9873532652854919,0.6454210877418518,0.30807074904441833,-0.10797517746686935,0.9692507982254028,0.5824086666107178,0.3192528784275055,-0.3049922585487366,0.990729570388794,0.6428434252738953,0.2817268669605255,-0.1306341588497162,0.9418628811836243,0.5900475978851318,0.2992125451564789,-0.34028270840644836,0.9753762483596802,0.6379866003990173,0.2839478850364685,-0.12916694581508636,0.934471607208252,0.5902347564697266,0.29383817315101624,-0.32439103722572327,0.9681289792060852,0.6368643045425415,0.2984233498573303,-0.1109912171959877,0.9120044708251953,0.5897266268730164,0.3018430769443512,-0.3031218647956848,0.9484231472015381,0.6346367001533508,0.6054443717002869,0.017707733437418938,0.9999774098396301,0.5903388857841492,0.6148577332496643,-0.017920073121786118,0.9999731779098511,0.6846330761909485,0.7159796357154846,-0.09935929626226425,0.8570878505706787,0.5419965386390686,0.7320396304130554,-0.12992028892040253,0.8498005270957947,0.6979161500930786,0.8740453124046326,-0.018834326416254044,0.7734681963920593,0.5243668556213379,0.8875644207000732,-0.06852780282497406,0.8792567849159241,0.6918264627456665,0.9070495963096619,-0.016224035993218422,0.6768527626991272,0.5299440026283264,0.9105867147445679,-0.06662064045667648,0.661649227142334,0.7350834012031555,0.9148791432380676,-0.0894814282655716,0.7660150527954102,0.49722591042518616,0.9269325137138367,-0.13678397238254547,0.8402767777442932
117,0.5888380408287048,0.3537499010562897,-0.052491046488285065,0.9999880790710449,0.5874897241592407,0.34106191992759705,-0.032290663570165634,0.9999738335609436,0.5892095565795898,0.3401244580745697,-0.03244955092668533,0.9999564290046692,0.5908715724945068,0.33913177251815796,-0.03241360932588577,0.9999774694442749,0.5806800127029419,0.3441077172756195,-0.04351985827088356,0.9999861121177673,0.5773356556892395,0.34586554765701294,-0.043682049959897995,0.9999827146530151,0.5742321014404297,0.34784600138664246,-0.0436941497027874,0.9999866485595703,0.5903047323226929,0.3419688045978546,0.05085054785013199,0.99997478723526,0.5696871876716614,0.3559555113315582,0.0040628742426633835,0.9999533891677856,0.5931039452552795,0.36251574754714966,-0.021018870174884796,0.9999671578407288,0.584236741065979,0.368715763092041,-0.03703324496746063,0.9999606013298035,0.6212762594223022,0.4082210659980774,0.07340501993894577,0.999945878982544,0.5617544651031494,0.43918946385383606,-0.016972266137599945,0.9998118281364441,0.6593116521835327,0.3658386170864105,-0.013190350495278835,0.9521644115447998,0.5582190752029419,0.4114576578140259,-0.1903666853904724,0.9870865941047668,0.6486928462982178,0.30507582426071167,-0.1332036852836609,0.9702005982398987,0.5854375958442688,0.31871095299720764,-0.33079060912132263,0.9911046028137207,0.6459233164787292,0.27844473719596863,-0.15681126713752747,0.9446612596511841,0.5933504104614258,0.29868683218955994,-0.3689475953578949,0.9767700433731079,0.6421834826469421,0.2794610559940338,-0.15457279980182648,0.9377875924110413,0.5925049185752869,0.29237979650497437,-0.3527163863182068,0.969947338104248,0.6414865255355835,0.29378119111061096,-0.13587695360183716,0.9162073731422424,0.5916757583618164,0.3000373840332031,-0.3294845223426819,0.9510864019393921,0.6377996206283569,0.60133957862854,0.01694895140826702,0.9999783039093018,0.5933830142021179,0.6092778444290161,-0.017160208895802498,0.999973475933075,0.6851146221160889,0.7157148718833923,-0.09902789443731308,0.8673544526100159,0.5443080067634583,0.7301690578460693,-0.12894651293754578,0.8583183884620667,0.6978801488876343,0.8714661002159119,-0.022814389318227768,0.7921579480171204,0.5242626070976257,0.8862492442131042,-0.0751633271574974,0.8879532814025879,0.6917893886566162,0.9057086706161499,-0.020824359729886055,0.6990447044372559,0.5298532843589783,0.9099751710891724,-0.0742931067943573,0.6811279654502869,0.7357638478279114,0.914046049118042,-0.09886827319860458,0.7845954895019531,0.49788421392440796,0.9254351258277893,-0.14961162209510803,0.8515818119049072
118,0.5950257778167725,0.35429421067237854,-0.06601777672767639,0.9999887347221375,0.5932872891426086,0.3424839675426483,-0.04579440876841545,0.999975323677063,0.5948053002357483,0.3416050374507904,-0.04597153142094612,0.9999590516090393,0.5963186025619507,0.34071084856987,-0.0459366999566555,0.9999786615371704,0.5866455435752869,0.34514445066452026,-0.05749523639678955,0.9999868869781494,0.5834121108055115,0.3467442989349365,-0.05765627324581146,0.9999837875366211,0.5802494287490845,0.3486109972000122,-0.057670656591653824,0.9999873042106628,0.5945033431053162,0.3430182635784149,0.040612924844026566,0.9999764561653137,0.574560284614563,0.35641369223594666,-0.010292907245457172,0.9999562501907349,0.5988743901252747,0.36334311962127686,-0.033598653972148895,0.9999687671661377,0.5904123783111572,0.3696425259113312,-0.0499245785176754,0.9999622702598572,0.6248257160186768,0.40767401456832886,0.0679168626666069,0.9999492168426514,0.5662431716918945,0.4397874176502228,-0.028196150436997414,0.9998184442520142,0.662030816078186,0.365035742521286,-0.022735226899385452,0.9517310857772827,0.562211811542511,0.4122270941734314,-0.21595415472984314,0.9869335889816284,0.6529093980789185,0.304458349943161,-0.1481313407421112,0.9716069102287292,0.5893997550010681,0.3178394138813019,-0.3684305250644684,0.9916157722473145,0.6496276259422302,0.27864208817481995,-0.17293338477611542,0.9480808973312378,0.5972187519073486,0.29761365056037903,-0.4089761972427368,0.9784365892410278,0.6460772156715393,0.27958786487579346,-0.17098191380500793,0.9417694807052612,0.595405638217926,0.2911464273929596,-0.3916785418987274,0.9721115231513977,0.6453750133514404,0.29333969950675964,-0.15114648640155792,0.9213454723358154,0.5945680737495422,0.29869428277015686,-0.3668883740901947,0.9543344378471375,0.6427348256111145,0.5987877249717712,0.017411865293979645,0.9999793171882629,0.5990104675292969,0.6061339974403381,-0.0176215972751379,0.9999741315841675,0.6908665895462036,0.7149580121040344,-0.08352219313383102,0.8779662847518921,0.5489839315414429,0.7295712828636169,-0.12534187734127045,0.8687876462936401,0.6985615491867065,0.8726515173912048,-0.014883428812026978,0.8106813430786133,0.5238873362541199,0.8853489756584167,-0.09647544473409653,0.8975828886032104,0.692226767539978,0.9070877432823181,-0.015080200508236885,0.7235900163650513,0.5281731486320496,0.9099743366241455,-0.09825442731380463,0.7049301862716675,0.7362561821937561,0.913824200630188,-0.09283779561519623,0.803497850894928,0.49748745560646057,0.920349657535553,-0.17831286787986755,0.8642683029174805
119,0.597675085067749,0.3542092442512512,-0.07767850905656815,0.99998939037323,0.5959217548370361,0.3426262438297272,-0.057404134422540665,0.9999766945838928,0.5975441336631775,0.341741144657135,-0.057577893137931824,0.9999614953994751,0.5990471243858337,0.3408462107181549,-0.05754069611430168,0.9999797344207764,0.5894392132759094,0.34534400701522827,-0.06882409006357193,0.9999876022338867,0.586415708065033,0.34705162048339844,-0.06898713856935501,0.9999848008155823,0.5834891200065613,0.3490494191646576,-0.06900037080049515,0.9999879598617554,0.5970245599746704,0.3429543077945709,0.03053375519812107,0.9999780058860779,0.5780897736549377,0.3567276895046234,-0.01951499655842781,0.9999589323997498,0.6020012497901917,0.3632899522781372,-0.04468950256705284,0.9999703168869019,0.5936015248298645,0.36963239312171936,-0.06049419939517975,0.9999639987945557,0.628766655921936,0.40673691034317017,0.06267951428890228,0.9999526143074036,0.5703698992729187,0.4400213956832886,-0.03366376832127571,0.9998261332511902,0.6660372018814087,0.3635675013065338,-0.018274374306201935,0.9517819285392761,0.5665633678436279,0.4125673770904541,-0.2156875729560852,0.9867312908172607,0.6564549207687378,0.3014281094074249,-0.13644824922084808,0.9732601046562195,0.5920682549476624,0.3176606297492981,-0.3656318783760071,0.9921485185623169,0.6533205509185791,0.27537012100219727,-0.15887385606765747,0.9516503214836121,0.5991038084030151,0.2963196635246277,-0.4052133858203888,0.980073094367981,0.650146484375,0.27569442987442017,-0.1555674821138382,0.9458910822868347,0.5982984900474548,0.29051944613456726,-0.38804569840431213,0.9742360711097717,0.6496387124061584,0.2894172966480255,-0.13842341303825378,0.9267768263816833,0.5980328321456909,0.2987806797027588,-0.36397865414619446,0.9576209187507629,0.6476330161094666,0.5978632569313049,0.01773298718035221,0.999980092048645,0.6035885214805603,0.6059640645980835,-0.017941683530807495,0.9999744296073914,0.6961694359779358,0.7146048545837402,-0.09538934379816055,0.8880971074104309,0.5543907284736633,0.7416206002235413,-0.12394268065690994,0.8778731226921082,0.6986868381500244,0.8722191452980042,-0.016597596928477287,0.8273500204086304,0.524537205696106,0.8833482265472412,-0.09156770259141922,0.9060807228088379,0.6921386122703552,0.9060173034667969,-0.01458287239074707,0.745417058467865,0.528258204460144,0.9092527627944946,-0.0923013910651207,0.7249661087989807,0.736150324344635,0.9142944812774658,-0.09297919273376465,0.8206510543823242,0.4975658655166626,0.9149271249771118,-0.17381320893764496,0.8755625486373901
120,0.6000432372093201,0.35346269607543945,-0.09944416582584381,0.9999900460243225,0.5979341864585876,0.34198999404907227,-0.07943665981292725,0.9999781250953674,0.5996841192245483,0.34091299772262573,-0.07961668819189072,0.9999640583992004,0.6012580990791321,0.33986204862594604,-0.07957842200994492,0.9999808669090271,0.5912519693374634,0.345045804977417,-0.0905069038271904,0.9999883770942688,0.588420033454895,0.34684762358665466,-0.0906720831990242,0.9999858736991882,0.5857457518577576,0.3489128053188324,-0.09070049971342087,0.9999886751174927,0.5994370579719543,0.3419909179210663,0.009703497402369976,0.9999794960021973,0.5810754895210266,0.356667697429657,-0.039116185158491135,0.999961793422699,0.6050236821174622,0.36231425404548645,-0.06605060398578644,0.9999719858169556,0.5969763994216919,0.3689395487308502,-0.08139371871948242,0.9999659061431885,0.6329423785209656,0.40581759810447693,0.04538766294717789,0.9999555945396423,0.5739753842353821,0.4399413764476776,-0.05167501047253609,0.9998340606689453,0.6689659953117371,0.3620619475841522,-0.035765085369348526,0.9503495693206787,0.5709036588668823,0.4125254452228546,-0.24054141342639923,0.9860191345214844,0.6596535444259644,0.2998056709766388,-0.15396711230278015,0.9742562770843506,0.5949236750602722,0.3172678053379059,-0.40395215153694153,0.9925410747528076,0.6566635370254517,0.27364829182624817,-0.17813727259635925,0.9544564485549927,0.6010175943374634,0.29505249857902527,-0.4469805955886841,0.9814534783363342,0.6535805463790894,0.2740378975868225,-0.17759977281093597,0.9492395520210266,0.6005430221557617,0.2899666726589203,-0.4294258654117584,0.9760485291481018,0.6531965136528015,0.2872806787490845,-0.15732349455356598,0.9311822056770325,0.6004751324653625,0.298892617225647,-0.402701735496521,0.9604243040084839,0.6530794501304626,0.5945161581039429,0.018559124320745468,0.9999805092811584,0.6096289157867432,0.6027955412864685,-0.018758807331323624,0.9999744892120361,0.6976107954978943,0.7152500748634338,-0.07758652418851852,0.8953193426132202,0.5628166794776917,0.7436984181404114,-0.11185166239738464,0.8844470381736755,0.6995880007743835,0.8713135719299316,0.0029218115378171206,0.8415324091911316,0.526111364364624,0.87984699010849,-0.09557409584522247,0.9135916829109192,0.6921167969703674,0.9043657779693604,0.005351343657821417,0.763504147529602,0.528374433517456,0.9073848724365234,-0.0983792096376419,0.7419919371604919,0.7343874573707581,0.9144077897071838,-0.08277267962694168,0.8355464935302734,0.49856093525886536,0.9079110026359558,-0.19071990251541138,0.8856985569000244
121,0.6038357615470886,0.3526557385921478,-0.07715345919132233,0.9999904036521912,0.6014867424964905,0.34160730242729187,-0.05499593913555145,0.9999788999557495,0.6030386686325073,0.3405824303627014,-0.05518198013305664,0.999965488910675,0.6044887900352478,0.33956512808799744,-0.05514045059680939,0.9999814629554749,0.594992458820343,0.34456735849380493,-0.0697273313999176,0.999988853931427,0.5919492244720459,0.34641194343566895,-0.06991637498140335,0.9999865889549255,0.5891395807266235,0.3485219180583954,-0.06994355469942093,0.9999891519546509,0.6027120351791382,0.341841459274292,0.036766115576028824,0.9999803900718689,0.5842654705047607,0.35663074254989624,-0.03091597743332386,0.9999635815620422,0.6084766387939453,0.3618420660495758,-0.0426960214972496,0.999972939491272,0.6004596948623657,0.36838817596435547,-0.06289826333522797,0.999967098236084,0.6369162201881409,0.4057108759880066,0.07201425731182098,0.9999578595161438,0.5772861838340759,0.43999332189559937,-0.04216615855693817,0.9998399019241333,0.6732989549636841,0.35983237624168396,-0.0015217926120385528,0.9467862844467163,0.5748820900917053,0.4124949276447296,-0.22084137797355652,0.985621988773346,0.6627110838890076,0.29606401920318604,-0.11962422728538513,0.9742780327796936,0.5993455648422241,0.31269174814224243,-0.36677834391593933,0.9928564429283142,0.6601245403289795,0.27049943804740906,-0.14159125089645386,0.9557719826698303,0.604093611240387,0.2910759150981903,-0.4066597521305084,0.9825782179832458,0.6572154760360718,0.27082306146621704,-0.14238294959068298,0.9509307146072388,0.6037853360176086,0.2861042022705078,-0.38960492610931396,0.9775246977806091,0.6569575071334839,0.2835708558559418,-0.12353885173797607,0.9334996342658997,0.6038951277732849,0.29460078477859497,-0.3651112914085388,0.9625638127326965,0.6576588749885559,0.5945801734924316,0.022130237892270088,0.9999814629554749,0.6125872135162354,0.6030768752098083,-0.022351281717419624,0.9999753832817078,0.703112781047821,0.7176550626754761,-0.08954714983701706,0.9024937152862549,0.5621883869171143,0.7427685856819153,-0.12341863662004471,0.8892959356307983,0.699447512626648,0.8723069429397583,-0.00014095161168370396,0.8528230786323547,0.5275321006774902,0.8803008198738098,-0.10631899535655975,0.9192034006118774,0.6918518543243408,0.9037756323814392,0.0038167701568454504,0.7788190841674805,0.5295940041542053,0.9076237678527832,-0.10824773460626602,0.7535978555679321,0.7342948913574219,0.9146975874900818,-0.08273105323314667,0.8473325967788696,0.4984129071235657,0.9047501087188721,-0.19425581395626068,0.8934801816940308
122,0.6062853932380676,0.35076379776000977,-0.04794428497552872,0.9999900460243225,0.6039980053901672,0.3404048979282379,-0.02677309140563011,0.9999780654907227,0.6055610179901123,0.3394671380519867,-0.026943782344460487,0.9999642968177795,0.6069523692131042,0.33851757645606995,-0.026901237666606903,0.9999804496765137,0.5974380970001221,0.34351831674575806,-0.03995467349886894,0.9999886155128479,0.5945716500282288,0.3455061912536621,-0.040141280740499496,0.9999866485595703,0.5918501019477844,0.34772682189941406,-0.040173258632421494,0.9999890327453613,0.6053797006607056,0.34131717681884766,0.05913973227143288,0.9999799728393555,0.5872981548309326,0.356383740901947,-0.00070970255183056,0.999963641166687,0.6110677719116211,0.3601084053516388,-0.016302745789289474,0.9999727606773376,0.6034431457519531,0.3664659559726715,-0.03457022085785866,0.9999670386314392,0.6403695344924927,0.4057766795158386,0.09165067970752716,0.9999596476554871,0.5812063217163086,0.43996742367744446,-0.027289588004350662,0.9998455047607422,0.6757113933563232,0.35936054587364197,0.027392340824007988,0.94285649061203,0.5784801244735718,0.4124443233013153,-0.20985181629657745,0.9848975539207458,0.6655685305595398,0.29286548495292664,-0.07982989400625229,0.9740567207336426,0.6014425754547119,0.31185972690582275,-0.3522374927997589,0.9930492639541626,0.6633331775665283,0.2681586742401123,-0.09838270395994186,0.9565765857696533,0.6054409146308899,0.2896009683609009,-0.39048707485198975,0.983453631401062,0.6605226993560791,0.26784124970436096,-0.09915454685688019,0.952067494392395,0.6052502393722534,0.2850416898727417,-0.3736381530761719,0.9786856770515442,0.6601983904838562,0.28020283579826355,-0.08328190445899963,0.9352716207504272,0.6058417558670044,0.29403573274612427,-0.35044464468955994,0.9642592668533325,0.6618074178695679,0.5947766304016113,0.02508312650024891,0.999982476234436,0.6161373853683472,0.6036262512207031,-0.025313999503850937,0.9999765157699585,0.7071410417556763,0.7205097675323486,-0.08711709082126617,0.90938401222229,0.5686279535293579,0.7421783208847046,-0.1297561079263687,0.8957312703132629,0.7002401351928711,0.8728459477424622,-0.0010173132177442312,0.8644507527351379,0.5283787250518799,0.8776372075080872,-0.13212688267230988,0.9254641532897949,0.6927096843719482,0.9031198620796204,0.0021340041421353817,0.7939492464065552,0.5296118855476379,0.9067671298980713,-0.13616889715194702,0.7664052248001099,0.7331821322441101,0.9144508838653564,-0.08840066939592361,0.8594968318939209,0.5004228353500366,0.899425208568573,-0.23116998374462128,0.9019859433174133
123,0.6088190078735352,0.3498367965221405,-0.05170675367116928,0.9999896883964539,0.6065760850906372,0.34019747376441956,-0.0313865952193737,0.9999771118164062,0.6082187294960022,0.33935603499412537,-0.031563304364681244,0.9999631643295288,0.6095929741859436,0.33846545219421387,-0.03152579441666603,0.9999796152114868,0.5999976992607117,0.343270868062973,-0.043970897793769836,0.9999881982803345,0.5972402095794678,0.34535345435142517,-0.04415030777454376,0.9999865293502808,0.5945320129394531,0.34768107533454895,-0.044176094233989716,0.9999887347221375,0.6082715392112732,0.3412993252277374,0.052690524607896805,0.9999796748161316,0.589979350566864,0.3567076027393341,-0.0014400460058823228,0.9999633431434631,0.6139227151870728,0.35961803793907166,-0.021044185385107994,0.9999727606773376,0.6066238284111023,0.36573123931884766,-0.03840865194797516,0.9999669790267944,0.6440312266349792,0.4056597352027893,0.0838082954287529,0.9999616742134094,0.5850676894187927,0.44072413444519043,-0.03473205119371414,0.999851405620575,0.6786407232284546,0.35917478799819946,0.018115870654582977,0.9391900897026062,0.5812889933586121,0.4123580753803253,-0.21735265851020813,0.9839953184127808,0.6691863536834717,0.29267770051956177,-0.10364895313978195,0.9740197062492371,0.6040528416633606,0.31130269169807434,-0.36326858401298523,0.9932854175567627,0.6666616201400757,0.26777783036231995,-0.12619787454605103,0.9578180909156799,0.6082279086112976,0.28811711072921753,-0.4031114876270294,0.9843780398368835,0.6641906499862671,0.2672935426235199,-0.12823081016540527,0.953674852848053,0.6082379221916199,0.2839567959308624,-0.38654306530952454,0.9799064993858337,0.6636536717414856,0.27966514229774475,-0.1087430864572525,0.9374783635139465,0.6091196537017822,0.29328203201293945,-0.36177927255630493,0.9660569429397583,0.6648946404457092,0.5969145894050598,0.02595348469913006,0.9999833106994629,0.6185486912727356,0.6061937212944031,-0.026183050125837326,0.9999772906303406,0.7098287343978882,0.721535861492157,-0.0864173099398613,0.9126889109611511,0.56931072473526,0.7395421266555786,-0.13019338250160217,0.8952369689941406,0.7005400061607361,0.8727338314056396,0.0029992058407515287,0.8709923028945923,0.5307285785675049,0.8773612976074219,-0.11510303616523743,0.9282400608062744,0.692529022693634,0.9028370380401611,0.006993390154093504,0.8040909767150879,0.5316804051399231,0.9067671895027161,-0.11721836775541306,0.7701684236526489,0.7348232865333557,0.9156022667884827,-0.07312039285898209,0.8671736121177673,0.5009445548057556,0.8943704962730408,-0.2043834626674652,0.9065823554992676
124,0.6109997034072876,0.34947657585144043,-0.05217159166932106,0.9999890923500061,0.6089833378791809,0.33987998962402344,-0.033362068235874176,0.9999755620956421,0.6108524799346924,0.3390694558620453,-0.03355811908841133,0.999961256980896,0.6122955083847046,0.3381898105144501,-0.03352217748761177,0.9999781250953674,0.6021093130111694,0.34305670857429504,-0.04412197321653366,0.9999874234199524,0.5993334650993347,0.34522581100463867,-0.044325318187475204,0.9999861121177673,0.5965825319290161,0.3476557731628418,-0.044360410422086716,0.9999881386756897,0.6119343042373657,0.34113192558288574,0.04663986340165138,0.9999788999557495,0.5923670530319214,0.3568883240222931,-0.0017520177643746138,0.9999622702598572,0.6165358424186707,0.3592783808708191,-0.023600105196237564,0.9999717473983765,0.6092161536216736,0.3654981255531311,-0.03871987760066986,0.9999657273292542,0.6481854915618896,0.40541255474090576,0.07260126620531082,0.9999628067016602,0.58918696641922,0.44087058305740356,-0.035377245396375656,0.9998547434806824,0.6809801459312439,0.3593219518661499,-0.029704265296459198,0.9348382353782654,0.5856605768203735,0.41229307651519775,-0.22428105771541595,0.982915461063385,0.673332154750824,0.2933087646961212,-0.16675566136837006,0.9732505679130554,0.6053467392921448,0.31185826659202576,-0.3825853168964386,0.9935176372528076,0.6704574823379517,0.2685931622982025,-0.1937134712934494,0.9583008289337158,0.6108009815216064,0.2883259952068329,-0.42489805817604065,0.985289990901947,0.6678937673568726,0.26812171936035156,-0.1923702508211136,0.9544965028762817,0.6103555560112,0.28383341431617737,-0.40791189670562744,0.981112539768219,0.6675472855567932,0.2806059420108795,-0.17065197229385376,0.9386215806007385,0.6107277274131775,0.29344651103019714,-0.3814701735973358,0.9678588509559631,0.6675089001655579,0.6005678772926331,0.025431565940380096,0.9999839663505554,0.62151038646698,0.6097698211669922,-0.02565803937613964,0.9999780058860779,0.713293731212616,0.7233462333679199,-0.08738229423761368,0.915392279624939,0.5716516971588135,0.7395445704460144,-0.1280733048915863,0.895425021648407,0.7003262639045715,0.8746147155761719,0.0033736927434802055,0.8776964545249939,0.5323038697242737,0.8771475553512573,-0.10875257104635239,0.9317421317100525,0.692103385925293,0.9045491814613342,0.007567946333438158,0.8144140839576721,0.5320249199867249,0.9068085551261902,-0.1109200268983841,0.7759587168693542,0.7357470989227295,0.916869580745697,-0.07447750121355057,0.8751010298728943,0.503368079662323,0.8916963934898376,-0.2036973536014557,0.9118534326553345
125,0.613567054271698,0.3491550385951996,-0.05463394895195961,0.9999894499778748,0.6118154525756836,0.3394542336463928,-0.03498072549700737,0.9999763369560242,0.6138181090354919,0.3387138843536377,-0.035165127366781235,0.999962568283081,0.615381121635437,0.3378569781780243,-0.03512683883309364,0.9999787211418152,0.6047447919845581,0.34246909618377686,-0.04642398655414581,0.9999878406524658,0.6017230749130249,0.3447166383266449,-0.04661267250776291,0.9999867081642151,0.5987082719802856,0.3473140597343445,-0.046640072017908096,0.9999885559082031,0.6153187155723572,0.34091630578041077,0.04600569233298302,0.9999796748161316,0.5946472883224487,0.3570174276828766,-0.0029696295969188213,0.9999637007713318,0.6188606023788452,0.35885313153266907,-0.024951685220003128,0.9999725222587585,0.6115754842758179,0.3650636374950409,-0.04073372855782509,0.999966561794281,0.6516532897949219,0.4054432809352875,0.0722261294722557,0.9999641180038452,0.5928955674171448,0.4417969286441803,-0.03456564247608185,0.9998583793640137,0.6841414570808411,0.3596363663673401,-0.029899129644036293,0.9309192895889282,0.5886780619621277,0.4127548635005951,-0.2231423258781433,0.9820278286933899,0.6775534152984619,0.2941268980503082,-0.1708231419324875,0.9729818105697632,0.6085434556007385,0.31205540895462036,-0.38433441519737244,0.993720531463623,0.6759281158447266,0.2692977488040924,-0.19825002551078796,0.9593458771705627,0.6148043870925903,0.2880483865737915,-0.42737361788749695,0.9861109852790833,0.6729878783226013,0.26873189210891724,-0.19782894849777222,0.9558894038200378,0.613214910030365,0.2817099392414093,-0.4107189476490021,0.982205331325531,0.6726482510566711,0.2812235653400421,-0.17513443529605865,0.9403902888298035,0.6133498549461365,0.29127809405326843,-0.3834832012653351,0.9694970846176147,0.6708484888076782,0.6018523573875427,0.02534925565123558,0.9999843239784241,0.6275410056114197,0.6102214455604553,-0.025578273460268974,0.999978244304657,0.7145756483078003,0.7241804003715515,-0.0855727344751358,0.9153628349304199,0.5753008723258972,0.7394747138023376,-0.11993701010942459,0.8910866379737854,0.7006193399429321,0.8753929138183594,0.001620020135305822,0.8810208439826965,0.5339584946632385,0.8767736554145813,-0.10764116793870926,0.9328806400299072,0.6921848654747009,0.9054551720619202,0.005662265233695507,0.8213691711425781,0.532262921333313,0.9061394333839417,-0.11076131463050842,0.7769733667373657,0.736165463924408,0.9178788065910339,-0.07727412134408951,0.8799098134040833,0.504680871963501,0.886692464351654,-0.20431756973266602,0.9145098328590393
126,0.6175501942634583,0.3486432433128357,-0.05894417688250542,0.9999889135360718,0.615619421005249,0.33857035636901855,-0.038310203701257706,0.9999752640724182,0.6176289319992065,0.3377738296985626,-0.03849527984857559,0.9999608397483826,0.6191707253456116,0.33685949444770813,-0.038453519344329834,0.9999775886535645,0.6086492538452148,0.3414720892906189,-0.050572700798511505,0.9999873042106628,0.6056063175201416,0.3437025547027588,-0.05077184736728668,0.9999863505363464,0.602448582649231,0.34634271264076233,-0.050805069506168365,0.9999881386756897,0.6187877058982849,0.34035810828208923,0.04575014114379883,0.9999789595603943,0.597869873046875,0.35700345039367676,-0.006430288311094046,0.9999623894691467,0.6229799389839172,0.3584144413471222,-0.02766106277704239,0.9999713897705078,0.6155089735984802,0.364608496427536,-0.04452933371067047,0.9999651312828064,0.6544658541679382,0.4058733284473419,0.07489325106143951,0.9999638795852661,0.5963025689125061,0.44240376353263855,-0.040012478828430176,0.9998564720153809,0.6872583031654358,0.3598777651786804,-0.023949088528752327,0.9206738471984863,0.5917815566062927,0.4127688407897949,-0.22875072062015533,0.9811632037162781,0.6806460022926331,0.29289644956588745,-0.15738147497177124,0.9701514840126038,0.610825777053833,0.3118506371974945,-0.3849392533302307,0.9935916662216187,0.6791151762008667,0.2679958641529083,-0.18350543081760406,0.957464873790741,0.616761326789856,0.2879149913787842,-0.42691582441329956,0.9863430857658386,0.6762340664863586,0.26642531156539917,-0.18267637491226196,0.9542343616485596,0.6153786778450012,0.28104156255722046,-0.41004592180252075,0.9825754761695862,0.6760117411613464,0.2785877585411072,-0.16144467890262604,0.9384248852729797,0.6156662702560425,0.28996655344963074,-0.3837253153324127,0.9697235226631165,0.6747375726699829,0.6018738150596619,0.029763363301753998,0.9999848008155823,0.6315314769744873,0.6108964085578918,-0.030002614483237267,0.99997878074646,0.7173902988433838,0.7242240905761719,-0.0856095626950264,0.9173845052719116,0.583027184009552,0.7472918629646301,-0.1194763034582138,0.891165554523468,0.7004395127296448,0.8760750889778137,0.0017558530671522021,0.8870071172714233,0.5342119336128235,0.8757359385490417,-0.10631944239139557,0.9361159205436707,0.6919754147529602,0.9056689739227295,0.005888151004910469,0.8318393230438232,0.5289481282234192,0.9011144638061523,-0.10913196951150894,0.7804529666900635,0.7365307211875916,0.9185211062431335,-0.07805916666984558,0.8870209455490112,0.515778660774231,0.8907716870307922,-0.20765134692192078,0.9191353917121887
127,0.6202064156532288,0.34825193881988525,-0.07365168631076813,0.9999887347221375,0.6189717650413513,0.3377639055252075,-0.05270320922136307,0.9999750256538391,0.6210789084434509,0.33682090044021606,-0.052893660962581635,0.9999603629112244,0.6226598620414734,0.33579015731811523,-0.052861690521240234,0.9999772310256958,0.6118181943893433,0.34086593985557556,-0.06408082693815231,0.9999871253967285,0.6086400747299194,0.3431324064731598,-0.06427712738513947,0.9999862909317017,0.6053045988082886,0.3458188474178314,-0.06431618332862854,0.9999879002571106,0.622374951839447,0.3395601511001587,0.035982754081487656,0.9999788999557495,0.600690484046936,0.35698971152305603,-0.013971148058772087,0.999961793422699,0.625869631767273,0.35798558592796326,-0.040795814245939255,0.999970555305481,0.6182032823562622,0.36405202746391296,-0.05650900676846504,0.9999639391899109,0.6577003598213196,0.4062531888484955,0.07068518549203873,0.9999634623527527,0.5991748571395874,0.442434161901474,-0.04216063395142555,0.9998509883880615,0.6898936033248901,0.36002683639526367,-0.023009149357676506,0.9112845063209534,0.5932978391647339,0.41415438055992126,-0.23559625446796417,0.979859471321106,0.6845098733901978,0.2930736839771271,-0.158242329955101,0.9679301381111145,0.6128775477409363,0.3120323121547699,-0.40304386615753174,0.9934296607971191,0.6826160550117493,0.2684442400932312,-0.18524934351444244,0.9564597606658936,0.6185026168823242,0.2880549132823944,-0.44753506779670715,0.9864934086799622,0.6798720955848694,0.2668686509132385,-0.18553432822227478,0.9535269141197205,0.6172602772712708,0.2810593247413635,-0.4308363199234009,0.9828405976295471,0.6797261834144592,0.2792782187461853,-0.16279099881649017,0.9374936819076538,0.6176062226295471,0.29003840684890747,-0.4023030400276184,0.9698269367218018,0.6768782734870911,0.6017624139785767,0.028725452721118927,0.9999844431877136,0.6346591114997864,0.6107624769210815,-0.028960196301341057,0.9999778270721436,0.7179747819900513,0.7240012884140015,-0.08224784582853317,0.912905752658844,0.5888479948043823,0.7487989068031311,-0.10760077834129333,0.8771454095840454,0.7011061310768127,0.875946044921875,0.006741432938724756,0.8852692246437073,0.5364283323287964,0.8742251396179199,-0.07861439138650894,0.9331611394882202,0.6918923854827881,0.9055195450782776,0.010717784985899925,0.8331246376037598,0.5298008322715759,0.898353636264801,-0.07985197007656097,0.7724867463111877,0.7367257475852966,0.9190013408660889,-0.07245431840419769,0.8864878416061401,0.5143318772315979,0.8906452059745789,-0.17111621797084808,0.9165760278701782
128,0.6225286722183228,0.3480261564254761,-0.06840202957391739,0.9999874234199524,0.6214215755462646,0.3373384475708008,-0.047225676476955414,0.999972403049469,0.6235724687576294,0.3363800048828125,-0.04741475358605385,0.9999558925628662,0.625191330909729,0.3353380262851715,-0.047388479113578796,0.9999747276306152,0.6143934726715088,0.34046825766563416,-0.05824054032564163,0.9999858140945435,0.6112348437309265,0.34276172518730164,-0.05844938009977341,0.9999850392341614,0.6078335046768188,0.3455101251602173,-0.05850213021039963,0.9999867081642151,0.6253548860549927,0.3391461670398712,0.04118471220135689,0.9999770522117615,0.603002667427063,0.3570023775100708,-0.007750550750643015,0.9999580979347229,0.6280767321586609,0.35777440667152405,-0.03575444594025612,0.9999679327011108,0.6205745935440063,0.3637033700942993,-0.05105067417025566,0.9999604821205139,0.6605539321899414,0.4063073992729187,0.07904984802007675,0.9999624490737915,0.601927638053894,0.4426637887954712,-0.03865959495306015,0.9998485445976257,0.6931984424591064,0.36013805866241455,-0.0005574837559834123,0.8991128206253052,0.5958255529403687,0.4156230092048645,-0.2314334511756897,0.9792772531509399,0.6873635649681091,0.2931004762649536,-0.12469020485877991,0.96535724401474,0.6152069568634033,0.3120565116405487,-0.3865717947483063,0.9934532046318054,0.685635507106781,0.26844826340675354,-0.1484837532043457,0.9549140930175781,0.6199916005134583,0.2882319986820221,-0.42875343561172485,0.9868671298027039,0.6828625798225403,0.2666667699813843,-0.14909060299396515,0.9522020816802979,0.6190313100814819,0.28121376037597656,-0.41204601526260376,0.9833686351776123,0.6824398636817932,0.2792114019393921,-0.12889857590198517,0.9359655380249023,0.619554340839386,0.29031601548194885,-0.38548800349235535,0.9704978466033936,0.6809644103050232,0.6025271415710449,0.02914167195558548,0.9999842643737793,0.6387750506401062,0.6119066476821899,-0.029382841661572456,0.9999775290489197,0.7208772897720337,0.7240257859230042,-0.0827418863773346,0.9093887805938721,0.590309202671051,0.7510606646537781,-0.11057031899690628,0.8716158866882324,0.7013334631919861,0.8768841624259949,0.00506998598575592,0.8854383826255798,0.5370816588401794,0.8739662170410156,-0.10182870179414749,0.9336206316947937,0.6917717456817627,0.9053037166595459,0.008891529403626919,0.8378733992576599,0.5298722982406616,0.8973525166511536,-0.10496857762336731,0.770836353302002,0.7369760274887085,0.9193808436393738,-0.0735202506184578,0.8884882926940918,0.5176623463630676,0.8920296430587769,-0.19968809187412262,0.9180725812911987
129,0.6260642409324646,0.348037451505661,-0.046986717730760574,0.9999851584434509,0.6249874234199524,0.3373470604419708,-0.02551419660449028,0.9999680519104004,0.627085268497467,0.33639028668403625,-0.02569062076508999,0.9999479651451111,0.6286247968673706,0.3353574872016907,-0.025655189529061317,0.999970555305481,0.618005633354187,0.34049394726753235,-0.03719155862927437,0.9999837279319763,0.614690899848938,0.3428039252758026,-0.03739408031105995,0.9999828934669495,0.6111679077148438,0.345590204000473,-0.03743666410446167,0.999984860420227,0.6281354427337646,0.33933553099632263,0.062197502702474594,0.999972939491272,0.6057488322257996,0.3575659394264221,0.010124126449227333,0.9999515414237976,0.6313036680221558,0.35784611105918884,-0.014892162755131721,0.9999632239341736,0.6236501336097717,0.3639019727706909,-0.031109971925616264,0.9999547004699707,0.6628339290618896,0.40712979435920715,0.09602855145931244,0.9999603629112244,0.6045123338699341,0.44265756011009216,-0.025078196078538895,0.9998436570167542,0.694887101650238,0.36081892251968384,0.007250343449413776,0.8755844831466675,0.5983171463012695,0.41665393114089966,-0.22020168602466583,0.9777220487594604,0.6904376149177551,0.29309430718421936,-0.12854638695716858,0.9579658508300781,0.616690456867218,0.3125479519367218,-0.3819817304611206,0.9930137991905212,0.6888739466667175,0.2682884931564331,-0.1513644903898239,0.9490090608596802,0.6207831501960754,0.288335919380188,-0.4248482286930084,0.9865500926971436,0.686199963092804,0.2660961449146271,-0.14994798600673676,0.9464578032493591,0.6196450591087341,0.28148356080055237,-0.40874436497688293,0.9830778241157532,0.6856012940406799,0.27877727150917053,-0.13228878378868103,0.9285858273506165,0.6202451586723328,0.290579229593277,-0.3812040388584137,0.9693877100944519,0.683641254901886,0.6027976870536804,0.030650721862912178,0.9999841451644897,0.6415616273880005,0.6122817397117615,-0.030902475118637085,0.9999774098396301,0.7219222784042358,0.724032461643219,-0.082281693816185,0.9009543657302856,0.592734694480896,0.7504240274429321,-0.12268383055925369,0.860927402973175,0.7021664381027222,0.8772699236869812,0.004888552241027355,0.88203364610672,0.5414841771125793,0.8726394772529602,-0.10966493934392929,0.9302431344985962,0.6921711564064026,0.9051605463027954,0.008522619493305683,0.8395571112632751,0.5315989851951599,0.8924179673194885,-0.1120297759771347,0.7595222592353821,0.738236665725708,0.920594334602356,-0.07678265124559402,0.887172281742096,0.5237498879432678,0.8928753137588501,-0.20660430192947388,0.9155836701393127
130,0.6284239888191223,0.34803175926208496,-0.044318463653326035,0.9999812841415405,0.6274948716163635,0.33732396364212036,-0.023201679810881615,0.9999602437019348,0.6297458410263062,0.3363845944404602,-0.023378795012831688,0.99993497133255,0.6314125061035156,0.3353659212589264,-0.02334641106426716,0.9999634623527527,0.6203652620315552,0.3404828608036041,-0.03384455665946007,0.9999796152114868,0.617173433303833,0.342803418636322,-0.03404128551483154,0.9999787211418152,0.6138204336166382,0.3455975651741028,-0.03407850116491318,0.9999811053276062,0.6306434273719788,0.33960551023483276,0.06247613579034805,0.9999668002128601,0.6086273193359375,0.3579044044017792,0.015342100523412228,0.9999399185180664,0.6338289976119995,0.35785892605781555,-0.013177410699427128,0.9999561309814453,0.6257808804512024,0.36390307545661926,-0.0280033927410841,0.9999459385871887,0.6654369235038757,0.4085208773612976,0.09014895558357239,0.9999589323997498,0.6069945096969604,0.44259536266326904,-0.0194182600826025,0.9998374581336975,0.6966102123260498,0.36293381452560425,-0.021346595138311386,0.8566252589225769,0.6012714505195618,0.41753891110420227,-0.2191791534423828,0.9755510687828064,0.6938179135322571,0.2945021986961365,-0.18497198820114136,0.9512642621994019,0.6173990368843079,0.3142963945865631,-0.38668620586395264,0.992430567741394,0.6928358674049377,0.271213561296463,-0.21522198617458344,0.9435954689979553,0.6212829351425171,0.289163202047348,-0.4307946562767029,0.9859907031059265,0.6902832388877869,0.2690781056880951,-0.21422997117042542,0.9410421848297119,0.6208676099777222,0.28152403235435486,-0.4142521321773529,0.9824532866477966,0.6895153522491455,0.28099289536476135,-0.18965724110603333,0.9212096929550171,0.6216781735420227,0.29078662395477295,-0.38616278767585754,0.9676761627197266,0.6856604218482971,0.6026780009269714,0.03016430325806141,0.9999837875366211,0.643343985080719,0.6123287081718445,-0.03040194883942604,0.9999768733978271,0.7230749726295471,0.7235749959945679,-0.08928266912698746,0.8898228406906128,0.5978107452392578,0.7500529885292053,-0.12385907024145126,0.8443424105644226,0.7022200226783752,0.8774746656417847,-0.01047797966748476,0.8746256232261658,0.5415576696395874,0.8722783327102661,-0.11666182428598404,0.926185131072998,0.6921922564506531,0.9050241708755493,-0.007537850644439459,0.835917055606842,0.531762957572937,0.8920818567276001,-0.1200309693813324,0.7479546666145325,0.7378780841827393,0.920532763004303,-0.09575577825307846,0.882419764995575,0.523388683795929,0.8929848074913025,-0.21728084981441498,0.9121860861778259
131,0.6292678117752075,0.34798547625541687,-0.023065051063895226,0.9999696612358093,0.6295015811920166,0.3370702862739563,-0.001984636066481471,0.9999363422393799,0.6323690414428711,0.3362163007259369,-0.0021580783650279045,0.9998944997787476,0.634704053401947,0.33529940247535706,-0.0021240301430225372,0.9999421834945679,0.6220149397850037,0.3403577506542206,-0.011584177613258362,0.9999670386314392,0.6188420653343201,0.34275951981544495,-0.011779488064348698,0.9999656081199646,0.6157582402229309,0.34558483958244324,-0.011816155165433884,0.9999699592590332,0.6349427103996277,0.33966198563575745,0.07940563559532166,0.9999464154243469,0.6112712621688843,0.35789451003074646,0.03687715902924538,0.9999047517776489,0.635718047618866,0.3578856587409973,0.005911858752369881,0.9999352097511292,0.6269389390945435,0.3638841211795807,-0.007547423243522644,0.9999200701713562,0.6685367226600647,0.4103061258792877,0.09843859076499939,0.9999544620513916,0.6093167066574097,0.44257646799087524,-0.0076505886390805244,0.9998276829719543,0.6989210247993469,0.36447417736053467,-0.03157089278101921,0.8332483768463135,0.60341876745224,0.4195960760116577,-0.20955349504947662,0.9734030365943909,0.696603536605835,0.2966906726360321,-0.2079567015171051,0.9410357475280762,0.6180320978164673,0.3192192614078522,-0.38297420740127563,0.9917446970939636,0.6965055465698242,0.2739134132862091,-0.2406468242406845,0.9344344735145569,0.6214888095855713,0.2916679382324219,-0.4261077046394348,0.9851831793785095,0.6938470005989075,0.2713507413864136,-0.23809844255447388,0.9315403699874878,0.6221678853034973,0.28353556990623474,-0.4094899594783783,0.9815206527709961,0.6927059292793274,0.2830392122268677,-0.21249863505363464,0.9088652729988098,0.6232840418815613,0.2937707304954529,-0.38216322660446167,0.965219259262085,0.6878051161766052,0.6027820110321045,0.03021862730383873,0.9999833703041077,0.6446629166603088,0.6123368144035339,-0.030468454584479332,0.9999765157699585,0.7251413464546204,0.7243075966835022,-0.08312785625457764,0.8693034648895264,0.6027386784553528,0.7495445013046265,-0.12872415781021118,0.8281236886978149,0.7022272944450378,0.8779296278953552,-0.009602918289601803,0.8657789826393127,0.5428780913352966,0.8725073337554932,-0.13574638962745667,0.9222157001495361,0.692155122756958,0.9049554467201233,-0.007173563353717327,0.8337774872779846,0.5324503183364868,0.891695499420166,-0.1405518651008606,0.7353335618972778,0.7377452850341797,0.9204006791114807,-0.09711267799139023,0.8767890334129333,0.5304244160652161,0.8956456184387207,-0.24238573014736176,0.9088858366012573
132,0.6321420669555664,0.349116712808609,-0.029520832002162933,0.9999622106552124,0.6320599317550659,0.3379354476928711,-0.008627298288047314,0.999923050403595,0.6348382830619812,0.33710649609565735,-0.008807385340332985,0.9998719692230225,0.6370252966880798,0.3362570106983185,-0.008770104497671127,0.9999305009841919,0.6244672536849976,0.3409961760044098,-0.017575910314917564,0.9999590516090393,0.6212006211280823,0.34334972500801086,-0.017773462459445,0.9999567866325378,0.6181227564811707,0.3461529016494751,-0.01780378259718418,0.9999619126319885,0.6374816298484802,0.3409595489501953,0.0740620419383049,0.9999346733093262,0.6135016679763794,0.3583742082118988,0.03459273651242256,0.9998790621757507,0.6382461786270142,0.3592478036880493,3.09228926198557e-05,0.9999175667762756,0.6294898986816406,0.365312397480011,-0.012628105469048023,0.9998968243598938,0.6710289716720581,0.4110361933708191,0.09316351264715195,0.9999502301216125,0.6120077967643738,0.44265905022621155,-0.009695415385067463,0.999813973903656,0.7014790773391724,0.3656040132045746,-0.06096615642309189,0.8223603963851929,0.6049566268920898,0.4213024079799652,-0.21205851435661316,0.9725195169448853,0.6998100876808167,0.2988344728946686,-0.24931302666664124,0.9369994401931763,0.61811363697052,0.32507482171058655,-0.3926581144332886,0.9913360476493835,0.6997873783111572,0.2762638330459595,-0.2850927412509918,0.9300945997238159,0.6227619051933289,0.296198308467865,-0.43788984417915344,0.9846494793891907,0.6967661380767822,0.27399739623069763,-0.2806214690208435,0.9268575310707092,0.6225518584251404,0.2880758047103882,-0.42132824659347534,0.9809190034866333,0.6955177187919617,0.2853845953941345,-0.25364968180656433,0.9022952318191528,0.6231037974357605,0.2994443476200104,-0.3926345109939575,0.9633271098136902,0.6893782019615173,0.6050818562507629,0.03041263297200203,0.9999831914901733,0.6461676955223083,0.6136887669563293,-0.030665159225463867,0.999976396560669,0.7269124984741211,0.72560054063797,-0.06002479046583176,0.8496742844581604,0.6032435894012451,0.7491944432258606,-0.1305501013994217,0.8215830326080322,0.7021000385284424,0.8790584206581116,0.01478327251970768,0.8622275590896606,0.5441710948944092,0.8719016909599304,-0.13797566294670105,0.9220138788223267,0.6919143199920654,0.9054545164108276,0.016803927719593048,0.8358198404312134,0.5325990319252014,0.8898120522499084,-0.14289912581443787,0.7302872538566589,0.7375697493553162,0.9203340411186218,-0.07657702267169952,0.8756702542304993,0.5354830622673035,0.9011646509170532,-0.24772916734218597,0.9094706177711487
133,0.6337167620658875,0.3491722345352173,-0.023539239540696144,0.9999513030052185,0.6339069604873657,0.33796724677085876,-0.0028401045128703117,0.9999039173126221,0.636810839176178,0.33717089891433716,-0.0030227138195186853,0.9998399019241333,0.639033317565918,0.33642181754112244,-0.0029927054420113564,0.9999152421951294,0.6260958313941956,0.34101131558418274,-0.011044926010072231,0.9999470710754395,0.6230459809303284,0.34337592124938965,-0.01124049536883831,0.9999428391456604,0.6199778318405151,0.34622547030448914,-0.01127309538424015,0.9999495148658752,0.6397486925125122,0.3415340781211853,0.07694341987371445,0.9999199509620667,0.6155310869216919,0.35862356424331665,0.04053451120853424,0.9998366832733154,0.6400715112686157,0.3594389259815216,0.004670262802392244,0.9998952746391296,0.6305639743804932,0.365342915058136,-0.007021421566605568,0.9998650550842285,0.6733421087265015,0.41136229038238525,0.09156157821416855,0.9999457597732544,0.6143991947174072,0.44261568784713745,-0.005452213808894157,0.9997873902320862,0.7043695449829102,0.36673229932785034,-0.06308842450380325,0.8115758895874023,0.6059858798980713,0.4232209622859955,-0.210534006357193,0.9707536697387695,0.7030346393585205,0.2998027801513672,-0.24774982035160065,0.9314144849777222,0.6185807585716248,0.3269912302494049,-0.3880227506160736,0.9898056387901306,0.702686071395874,0.27695921063423157,-0.28326261043548584,0.9235358834266663,0.6248809099197388,0.2986711859703064,-0.43229246139526367,0.9822319746017456,0.6989476680755615,0.2751590311527252,-0.2782377600669861,0.9197350144386292,0.6229374408721924,0.28916797041893005,-0.41567325592041016,0.9780320525169373,0.6977866291999817,0.28662726283073425,-0.2518045902252197,0.8926960825920105,0.6226152777671814,0.30066537857055664,-0.3877442479133606,0.9571589827537537,0.6908898949623108,0.605024516582489,0.030279338359832764,0.9999829530715942,0.6492141485214233,0.6134598255157471,-0.03053300641477108,0.9999760985374451,0.7279320955276489,0.7270380854606628,-0.05124527961015701,0.821212649345398,0.6078963875770569,0.7479749917984009,-0.13752903044223785,0.8122660517692566,0.702003538608551,0.8802779316902161,0.01860804110765457,0.8528012037277222,0.5466170907020569,0.8696081638336182,-0.16452758014202118,0.9206418395042419,0.6917244791984558,0.9065662026405334,0.02005038969218731,0.8339230418205261,0.5356994867324829,0.8883710503578186,-0.17150337994098663,0.7246984839439392,0.7376573085784912,0.920324444770813,-0.07309235632419586,0.869041383266449,0.5352640748023987,0.9010482430458069,-0.2786252796649933,0.9089183211326599
134,0.6345278024673462,0.3489662706851959,-0.004876036662608385,0.9999396204948425,0.6351916193962097,0.33743152022361755,0.016196556389331818,0.9998817443847656,0.6383666396141052,0.3366718292236328,0.01602119766175747,0.9998036623001099,0.6408622860908508,0.3361383080482483,0.016050849109888077,0.9998971819877625,0.6271104216575623,0.3405607044696808,0.009499256499111652,0.9999331831932068,0.6241056323051453,0.34287703037261963,0.009309777989983559,0.9999270439147949,0.6209194660186768,0.34578973054885864,0.009275230579078197,0.9999353885650635,0.6423971652984619,0.3415130078792572,0.09458369761705399,0.9999029040336609,0.6167467832565308,0.35829728841781616,0.06490282714366913,0.999788761138916,0.6415025591850281,0.35938072204589844,0.022419653832912445,0.9998699426651001,0.6312719583511353,0.36512133479118347,0.012644612230360508,0.9998294711112976,0.6752387881278992,0.4124971926212311,0.10515628010034561,0.9999405145645142,0.616554319858551,0.4426020383834839,0.017770351842045784,0.9997643828392029,0.7063611149787903,0.3679770827293396,-0.0475035235285759,0.8043798804283142,0.6072109341621399,0.4249144196510315,-0.18104501068592072,0.9678508043289185,0.7056143879890442,0.3003043830394745,-0.2188027948141098,0.9286181330680847,0.6184389591217041,0.33074045181274414,-0.35499221086502075,0.9883047342300415,0.705099880695343,0.2773173153400421,-0.25182321667671204,0.9202285408973694,0.625566840171814,0.30278295278549194,-0.39814168214797974,0.9801383018493652,0.7015612125396729,0.2756681740283966,-0.24723248183727264,0.9160820245742798,0.6228180527687073,0.2928360402584076,-0.3819677531719208,0.9756191372871399,0.7004225254058838,0.28711220622062683,-0.22254911065101624,0.8878782987594604,0.622175395488739,0.3038046956062317,-0.3551912009716034,0.9526341557502747,0.6920568346977234,0.6050260663032532,0.030136149376630783,0.9999829530715942,0.6498204469680786,0.6132414937019348,-0.030388755723834038,0.9999760985374451,0.7288265228271484,0.7287360429763794,-0.05443044379353523,0.7994592189788818,0.6095225811004639,0.7480150461196899,-0.14233584702014923,0.8090564012527466,0.7020040154457092,0.8800871968269348,0.013399413786828518,0.846736490726471,0.5469974875450134,0.869854748249054,-0.17709395289421082,0.9213249087333679,0.6916959881782532,0.9065368175506592,0.015366088598966599,0.8330438137054443,0.5363194346427917,0.8888533115386963,-0.18453899025917053,0.7248707413673401,0.7369867563247681,0.9191932678222656,-0.07629067450761795,0.8649530410766602,0.5363197326660156,0.903022050857544,-0.2917587161064148,0.910333514213562
135,0.6354042291641235,0.349155992269516,0.0009668135899119079,0.9999342560768127,0.6367483139038086,0.33814480900764465,0.02241993322968483,0.9998714327812195,0.6400673389434814,0.3378586173057556,0.022248752415180206,0.9997861385345459,0.6429041028022766,0.33771270513534546,0.022280750796198845,0.9998888373374939,0.628388524055481,0.34075960516929626,0.01529971044510603,0.9999270439147949,0.6256333589553833,0.34306034445762634,0.015112567692995071,0.9999200701713562,0.622755765914917,0.34598371386528015,0.015076580457389355,0.9999292492866516,0.6439645290374756,0.34342560172080994,0.10248050838708878,0.9998951554298401,0.6188693642616272,0.35838833451271057,0.07055948674678802,0.9997643232345581,0.6424981355667114,0.3604810833930969,0.02896949090063572,0.9998596906661987,0.6321627497673035,0.36561721563339233,0.018560661002993584,0.999815046787262,0.6759451031684875,0.4142813980579376,0.11990302056074142,0.999937891960144,0.6179906129837036,0.4427720308303833,0.02606992796063423,0.9997555613517761,0.7086419463157654,0.37003999948501587,-0.00031268372549675405,0.7988653779029846,0.6088927388191223,0.4244091212749481,-0.16531747579574585,0.965425431728363,0.7076533436775208,0.30170005559921265,-0.15378515422344208,0.9271062612533569,0.6203128695487976,0.32939451932907104,-0.33512717485427856,0.9872782230377197,0.7081781625747681,0.2778629958629608,-0.1822754591703415,0.9187518358230591,0.6262608766555786,0.30203571915626526,-0.37724941968917847,0.9788646697998047,0.7041962742805481,0.27644678950309753,-0.1790306717157364,0.9144893884658813,0.6236276030540466,0.29272881150245667,-0.36127355694770813,0.9741923809051514,0.7027305364608765,0.28797200322151184,-0.15718726813793182,0.8860070705413818,0.6233287453651428,0.3035193979740143,-0.3350854814052582,0.9500993490219116,0.6935780048370361,0.6053286790847778,0.030247382819652557,0.9999833703041077,0.6500113010406494,0.61384516954422,-0.030500004068017006,0.999976634979248,0.7317312955856323,0.7325387597084045,-0.05920611694455147,0.7966530323028564,0.609755277633667,0.7482486963272095,-0.14259694516658783,0.8125877976417542,0.7019663453102112,0.8799593448638916,0.011103527620434761,0.8489842414855957,0.5478407144546509,0.8700050711631775,-0.17187991738319397,0.9242075085639954,0.691685140132904,0.9064467549324036,0.013398145325481892,0.8386921882629395,0.5373080372810364,0.8893771767616272,-0.1785554438829422,0.7318663001060486,0.7365185618400574,0.9188117980957031,-0.07685963064432144,0.8673524856567383,0.5361091494560242,0.9024982452392578,-0.2829607129096985,0.9138059616088867
136,0.6361138224601746,0.34934699535369873,-0.0006121989572420716,0.9999285936355591,0.6379877924919128,0.338822603225708,0.020556561648845673,0.9998592734336853,0.6412820219993591,0.33883562684059143,0.02038925141096115,0.9997661113739014,0.6444514989852905,0.33888867497444153,0.020422717556357384,0.9998787045478821,0.6296991109848022,0.3413122892379761,0.014379988424479961,0.9999201893806458,0.6269272565841675,0.3437270522117615,0.014195138588547707,0.9999127388000488,0.6240909695625305,0.346693217754364,0.014157826080918312,0.9999228715896606,0.6460086107254028,0.3447243571281433,0.0999860018491745,0.9998854398727417,0.6202253699302673,0.35848546028137207,0.0725102648139,0.9997383952140808,0.6435585618019104,0.3610638976097107,0.02717886120080948,0.9998490214347839,0.6330322623252869,0.36593976616859436,0.01801321655511856,0.9998010396957397,0.6777136921882629,0.41569748520851135,0.11845847219228745,0.99993497133255,0.6199018955230713,0.44282567501068115,0.031093161553144455,0.9997488856315613,0.7100181579589844,0.3718377649784088,-0.0016933687729761004,0.7900838255882263,0.6103268265724182,0.4245966672897339,-0.15538090467453003,0.9618911743164062,0.7101312279701233,0.3031041622161865,-0.1584130972623825,0.9241989850997925,0.6201998591423035,0.32892200350761414,-0.3276984989643097,0.9863216876983643,0.710175096988678,0.2786640226840973,-0.18784591555595398,0.9163371920585632,0.6257150173187256,0.3019654154777527,-0.3699539303779602,0.9778724908828735,0.706790030002594,0.27735456824302673,-0.18497420847415924,0.9120253324508667,0.6232717633247375,0.2932460606098175,-0.35530325770378113,0.973131000995636,0.7054998874664307,0.28894421458244324,-0.16204532980918884,0.8830158114433289,0.6231606006622314,0.30364105105400085,-0.3283059895038605,0.9482854008674622,0.6944114565849304,0.6057052612304688,0.030186593532562256,0.9999836087226868,0.6504776477813721,0.6139252781867981,-0.030438590794801712,0.9999769926071167,0.7324513792991638,0.7336905002593994,-0.06145581975579262,0.7880405783653259,0.6112174987792969,0.7484477162361145,-0.14372411370277405,0.8126195073127747,0.7019391655921936,0.8801449537277222,0.004390423186123371,0.8466145396232605,0.5472145080566406,0.8700524568557739,-0.17279943823814392,0.9254792928695679,0.6916232705116272,0.906355619430542,0.006327127572149038,0.84076988697052,0.5376877188682556,0.8896443843841553,-0.17951740324497223,0.7340657711029053,0.7360911965370178,0.9183471202850342,-0.0866120308637619,0.8662157654762268,0.537703812122345,0.9023838639259338,-0.2855614423751831,0.9155709743499756
137,0.6384891867637634,0.3499240279197693,-0.0077696293592453,0.9999247789382935,0.64042729139328,0.33994224667549133,0.012949379161000252,0.9998509287834167,0.6437399983406067,0.3401305377483368,0.012779325246810913,0.9997537136077881,0.6469393968582153,0.3403441905975342,0.012812230736017227,0.9998719692230225,0.6321163773536682,0.34266388416290283,0.0065810782834887505,0.9999147057533264,0.6292468905448914,0.34524306654930115,0.006397409830242395,0.9999068975448608,0.6263113617897034,0.34818437695503235,0.006363523192703724,0.9999172687530518,0.6484197378158569,0.346436470746994,0.09198202192783356,0.999879002571106,0.6227569580078125,0.3589285910129547,0.06329148262739182,0.9997175335884094,0.6459290385246277,0.36225056648254395,0.019940346479415894,0.9998401403427124,0.6354415416717529,0.3666723072528839,0.010478992946445942,0.9997888207435608,0.6799429059028625,0.4179372191429138,0.11108067631721497,0.9999328255653381,0.6217485070228577,0.44296154379844666,0.022735239937901497,0.9997396469116211,0.7118025422096252,0.37363991141319275,-0.01663365587592125,0.7884358167648315,0.611872673034668,0.4246831238269806,-0.16729609668254852,0.9579551815986633,0.7121097445487976,0.3042926788330078,-0.18085217475891113,0.9236627817153931,0.6200878620147705,0.32983535528182983,-0.33895188570022583,0.9849856495857239,0.7121594548225403,0.2797248065471649,-0.21188820898532867,0.9159002900123596,0.6255524158477783,0.303288996219635,-0.381283164024353,0.9763489365577698,0.7093445658683777,0.278298556804657,-0.20817846059799194,0.911583662033081,0.623177707195282,0.294309139251709,-0.36623361706733704,0.9714240431785583,0.708041250705719,0.28994694352149963,-0.18441744148731232,0.8825506567955017,0.6231886148452759,0.30437058210372925,-0.33944299817085266,0.9454968571662903,0.6948002576828003,0.6074031591415405,0.029791316017508507,0.9999838471412659,0.6507250666618347,0.6143336296081543,-0.030040644109249115,0.9999772906303406,0.7313700914382935,0.7330142259597778,-0.06270506232976913,0.7795884013175964,0.6095925569534302,0.7486959099769592,-0.14380812644958496,0.8137423396110535,0.7019041776657104,0.8800738453865051,0.003025162499397993,0.8450786471366882,0.5467689037322998,0.8695161938667297,-0.1757594645023346,0.9276820421218872,0.6916125416755676,0.9062519073486328,0.004696957767009735,0.8419951796531677,0.537440299987793,0.88986736536026,-0.18306629359722137,0.7387277483940125,0.734954833984375,0.9174982309341431,-0.08920088410377502,0.8658574819564819,0.5379930138587952,0.9009082317352295,-0.2910352349281311,0.9182286858558655
138,0.6397556662559509,0.35186874866485596,-0.011678316630423069,0.9999299645423889,0.6416210532188416,0.3426128327846527,0.00891383271664381,0.9998610019683838,0.6448749303817749,0.34253570437431335,0.008745080791413784,0.9997707605361938,0.6479247808456421,0.34265968203544617,0.008780742064118385,0.9998805522918701,0.6336655020713806,0.34656810760498047,0.003004635451361537,0.9999203681945801,0.6308164000511169,0.34928077459335327,0.0028238445520401,0.9999130964279175,0.6283254027366638,0.3520667552947998,0.0027955195400863886,0.999922513961792,0.650214433670044,0.3488703668117523,0.08840658515691757,0.9998870491981506,0.6250299215316772,0.36161696910858154,0.061907682567834854,0.9997353553771973,0.6477621793746948,0.3646542429924011,0.01603906974196434,0.9998494386672974,0.6374809741973877,0.3694365620613098,0.007077479735016823,0.9998006820678711,0.6819943785667419,0.42049044370651245,0.10596923530101776,0.9999346137046814,0.6239098906517029,0.4438486695289612,0.022960778325796127,0.9997463226318359,0.7132839560508728,0.376519113779068,-0.03405878692865372,0.7960656881332397,0.6136159300804138,0.4250110387802124,-0.16925999522209167,0.9558877944946289,0.7144595384597778,0.30714550614356995,-0.19551032781600952,0.9270392656326294,0.6206052899360657,0.3312399387359619,-0.3424817621707916,0.9847268462181091,0.7150115370750427,0.28181493282318115,-0.22671587765216827,0.9195829629898071,0.6259507536888123,0.3049300014972687,-0.384939968585968,0.9762983322143555,0.7119832634925842,0.28056782484054565,-0.22254619002342224,0.9154439568519592,0.6237671971321106,0.2953973412513733,-0.3693642318248749,0.971383273601532,0.710595428943634,0.29217708110809326,-0.1988685578107834,0.8875179886817932,0.6240452527999878,0.30497708916664124,-0.34290945529937744,0.9458678960800171,0.6950810551643372,0.6086920499801636,0.027491314336657524,0.9999843239784241,0.6508769989013672,0.6147783398628235,-0.027731899172067642,0.9999779462814331,0.7306392192840576,0.7363831400871277,-0.06377586722373962,0.7772001624107361,0.6095945835113525,0.7487993240356445,-0.14327946305274963,0.8192132711410522,0.7018149495124817,0.8822975158691406,0.0027653691358864307,0.8478335738182068,0.5471386313438416,0.869608998298645,-0.1799481362104416,0.9313688278198242,0.6915587782859802,0.907306969165802,0.0040612914599478245,0.8459147214889526,0.5389194488525391,0.8932768106460571,-0.18804989755153656,0.749592661857605,0.7347641587257385,0.9186879396438599,-0.09004087746143341,0.869228720664978,0.5372854471206665,0.889991283416748,-0.29622381925582886,0.9225867390632629
139,0.64164799451828,0.3528423011302948,-0.030561620369553566,0.9999336004257202,0.6432906985282898,0.34394940733909607,-0.01073709037154913,0.9998680353164673,0.6465807557106018,0.3439435660839081,-0.010907511226832867,0.999782145023346,0.6494380235671997,0.3441510498523712,-0.010874669998884201,0.9998863935470581,0.6355707049369812,0.34765398502349854,-0.016534870490431786,0.9999244213104248,0.6326301097869873,0.35032179951667786,-0.016721880063414574,0.9999174475669861,0.6299828886985779,0.3531500995159149,-0.016764521598815918,0.9999262690544128,0.6519094109535217,0.35074493288993835,0.06734427809715271,0.9998922348022461,0.6264073848724365,0.3629317879676819,0.04144784063100815,0.9997469186782837,0.6493933200836182,0.36596038937568665,-0.002910731127485633,0.9998558163642883,0.639199435710907,0.3702855706214905,-0.011624785140156746,0.9998089671134949,0.6829921007156372,0.42219462990760803,0.09272696077823639,0.999934732913971,0.6256551742553711,0.44410809874534607,0.008664581924676895,0.9997474551200867,0.7159820199012756,0.3776437044143677,-0.023254849016666412,0.7972648739814758,0.6148630380630493,0.42614802718162537,-0.18202543258666992,0.952405571937561,0.7164776921272278,0.30730217695236206,-0.15941227972507477,0.9278481602668762,0.6203004717826843,0.33515214920043945,-0.36135387420654297,0.9837784767150879,0.7168785333633423,0.28163740038871765,-0.1858319491147995,0.9208667874336243,0.625998854637146,0.3076493740081787,-0.4047025144100189,0.9753463268280029,0.714509904384613,0.28028684854507446,-0.1850854605436325,0.916928231716156,0.6238404512405396,0.29687070846557617,-0.3902234435081482,0.9703256487846375,0.7132338881492615,0.29194143414497375,-0.16338405013084412,0.8896910548210144,0.6238088607788086,0.30615535378456116,-0.3623475432395935,0.9445510506629944,0.6949488520622253,0.6104106903076172,0.02746276743710041,0.999984622001648,0.6517911553382874,0.6154738664627075,-0.02770237810909748,0.9999783635139465,0.7308160662651062,0.7390753030776978,-0.05973752960562706,0.7701651453971863,0.6095086932182312,0.7481227517127991,-0.14215418696403503,0.8177685141563416,0.7011957168579102,0.8837206363677979,0.007346303667873144,0.8477261066436768,0.5472961068153381,0.8690984845161438,-0.17209799587726593,0.9335867762565613,0.6909324526786804,0.9089772701263428,0.008363555185496807,0.8465964794158936,0.5398908853530884,0.893313467502594,-0.17947983741760254,0.756227970123291,0.7346563935279846,0.9192954897880554,-0.08357595652341843,0.8694987893104553,0.5318529605865479,0.9034779071807861,-0.28445690870285034,0.9252008199691772
140,0.6431193947792053,0.35543081164360046,-0.02390974387526512,0.9999369978904724,0.6447268724441528,0.3460668921470642,-0.00494570704177022,0.999874472618103,0.6479909420013428,0.34587734937667847,-0.005105950403958559,0.9997929930686951,0.6508314609527588,0.3459683060646057,-0.005064906552433968,0.9998918771743774,0.6370440721511841,0.35021549463272095,-0.008906559087336063,0.9999279379844666,0.6342316269874573,0.3529050350189209,-0.009091324172914028,0.9999212026596069,0.6313873529434204,0.35591956973075867,-0.009129316546022892,0.9999294281005859,0.653642475605011,0.35257774591445923,0.06762154400348663,0.9998968839645386,0.6276760101318359,0.3648661971092224,0.05104070156812668,0.9997556805610657,0.6510017514228821,0.36864766478538513,0.0023990634363144636,0.999860942363739,0.6406702399253845,0.373319536447525,-0.003973439801484346,0.9998151063919067,0.6844221353530884,0.4253075420856476,0.09322431683540344,0.9999356865882874,0.6276313066482544,0.44547390937805176,0.01740378886461258,0.9997488856315613,0.717070460319519,0.37963518500328064,-0.02266855724155903,0.8004340529441833,0.6161175966262817,0.42641934752464294,-0.17168956995010376,0.9461831450462341,0.7179877758026123,0.3071901500225067,-0.16546736657619476,0.9290730357170105,0.6203936338424683,0.3363243341445923,-0.3483465909957886,0.9806714653968811,0.7182770371437073,0.2814568281173706,-0.19347363710403442,0.9223619699478149,0.6263214349746704,0.30915531516075134,-0.3906795084476471,0.9719062447547913,0.7165394425392151,0.2798425853252411,-0.19173401594161987,0.918556809425354,0.6242818832397461,0.2985590696334839,-0.3761829137802124,0.9663082957267761,0.7151283621788025,0.2912620007991791,-0.16929864883422852,0.8919236660003662,0.6240584850311279,0.3073973059654236,-0.3493703603744507,0.9386976361274719,0.6956613063812256,0.6133596897125244,0.02698030322790146,0.9999852776527405,0.6523995995521545,0.6176605820655823,-0.02721315063536167,0.9999792575836182,0.730957567691803,0.740618109703064,-0.0546875,0.7654303312301636,0.6085159182548523,0.7501580715179443,-0.14307960867881775,0.8225677609443665,0.7008718252182007,0.8842768669128418,0.016586650162935257,0.8483844995498657,0.5475950241088867,0.8696429133415222,-0.1907707154750824,0.9371500611305237,0.6902311444282532,0.9095974564552307,0.017919888719916344,0.8488180041313171,0.5398605465888977,0.8983118534088135,-0.20017598569393158,0.7667784690856934,0.7346605658531189,0.9198996424674988,-0.07273007929325104,0.8707358837127686,0.5286613702774048,0.8867579102516174,-0.3087179362773895,0.9292644262313843
141,0.644786536693573,0.3563467860221863,-0.021641062572598457,0.9999383687973022,0.6462077498435974,0.3468643128871918,-0.0022572376765310764,0.9998767971992493,0.6494125127792358,0.346617192029953,-0.002412977162748575,0.9997963905334473,0.6522271633148193,0.34667253494262695,-0.0023672091774642467,0.9998934864997864,0.6386987566947937,0.3509577512741089,-0.007337620947510004,0.9999295473098755,0.6361081600189209,0.35362085700035095,-0.00752644008025527,0.999923050403595,0.6331529021263123,0.356702983379364,-0.007569046691060066,0.9999309182167053,0.6550464034080505,0.35338619351387024,0.07453866302967072,0.999898374080658,0.6293712854385376,0.36555051803588867,0.0512249618768692,0.9997592568397522,0.6526266932487488,0.36967432498931885,0.006048901937901974,0.9998624920845032,0.6421459913253784,0.37454164028167725,-0.0020007763523608446,0.999817430973053,0.6859159469604492,0.4279865622520447,0.10541798174381256,0.9999344944953918,0.6286205649375916,0.4464443325996399,0.01552774291485548,0.999746561050415,0.718960702419281,0.38117942214012146,0.0027512842789292336,0.7981573343276978,0.6176251173019409,0.42660900950431824,-0.17465834319591522,0.9429981708526611,0.7202922701835632,0.3069934844970703,-0.1385907530784607,0.9295453429222107,0.6209787726402283,0.33545392751693726,-0.3490799069404602,0.9793274402618408,0.7200323343276978,0.2813718616962433,-0.16502198576927185,0.9234896302223206,0.6263713836669922,0.3084322512149811,-0.39089444279670715,0.9706279039382935,0.7186381220817566,0.2788669168949127,-0.16433922946453094,0.9198594689369202,0.6246230602264404,0.2987145781517029,-0.3765662908554077,0.9648276567459106,0.7173930406570435,0.28959137201309204,-0.14269588887691498,0.8935738205909729,0.624367356300354,0.3080933690071106,-0.349772185087204,0.9363072514533997,0.6976001858711243,0.6178324222564697,0.03009885549545288,0.9999856948852539,0.6540271043777466,0.6215044856071472,-0.030321525409817696,0.9999799132347107,0.7335280776023865,0.7468428611755371,-0.051357511430978775,0.7654111981391907,0.6081949472427368,0.7514708638191223,-0.1469985842704773,0.8286616802215576,0.7006996273994446,0.8858190178871155,0.030227264389395714,0.8511447310447693,0.5473935008049011,0.8696227073669434,-0.1893714964389801,0.940568745136261,0.6899474263191223,0.9114752411842346,0.03312902897596359,0.8538919687271118,0.5397512316703796,0.8982052803039551,-0.19778351485729218,0.7769467830657959,0.7349882125854492,0.9219370484352112,-0.05663832277059555,0.8731868863105774,0.5291489362716675,0.8868203163146973,-0.30828383564949036,0.9329116940498352
142,0.6461665630340576,0.35806408524513245,-0.031064333394169807,0.9999412298202515,0.6477819085121155,0.34830033779144287,-0.011116589419543743,0.9998819828033447,0.6510059833526611,0.34804287552833557,-0.011278435587882996,0.9998050332069397,0.6539080142974854,0.34808361530303955,-0.011233437806367874,0.9998977184295654,0.6401830315589905,0.35237041115760803,-0.01722783036530018,0.9999327063560486,0.6375922560691833,0.35504651069641113,-0.017416222020983696,0.9999265670776367,0.6343746185302734,0.35823702812194824,-0.01745818369090557,0.9999338984489441,0.6567337512969971,0.35465237498283386,0.06919538229703903,0.9999023079872131,0.6308128237724304,0.3668804466724396,0.04179450497031212,0.9997687339782715,0.6539235711097717,0.37153780460357666,-0.0021115727722644806,0.9998671412467957,0.6434504389762878,0.37674790620803833,-0.011273290030658245,0.999823808670044,0.6873180270195007,0.4303094446659088,0.10064329952001572,0.9999346733093262,0.6296097040176392,0.4477703273296356,0.009106634184718132,0.9997464418411255,0.7206316590309143,0.3833857476711273,-0.0051581477746367455,0.7994760870933533,0.6187608242034912,0.42750394344329834,-0.18108884990215302,0.9387091994285583,0.7224448323249817,0.3071877956390381,-0.14842158555984497,0.9310613870620728,0.6213476657867432,0.3348855674266815,-0.35847190022468567,0.9782490730285645,0.7222366333007812,0.28125765919685364,-0.1752900928258896,0.9257341623306274,0.6267277598381042,0.30798232555389404,-0.4013890027999878,0.9697524309158325,0.7210500240325928,0.27861320972442627,-0.1743660420179367,0.922331690788269,0.6246587634086609,0.29885613918304443,-0.38669559359550476,0.9638068675994873,0.7197373509407043,0.28936460614204407,-0.15245003998279572,0.8968038558959961,0.6242602467536926,0.3084537982940674,-0.35923805832862854,0.9349445700645447,0.6979100108146667,0.6210328340530396,0.030258547514677048,0.9999860525131226,0.6543189883232117,0.6239466071128845,-0.030483391135931015,0.9999804496765137,0.7342588901519775,0.7497516870498657,-0.0513453334569931,0.7644232511520386,0.6082113981246948,0.7513344883918762,-0.1455809324979782,0.8320371508598328,0.7006150484085083,0.8865756988525391,0.03846045210957527,0.8531889915466309,0.5472882986068726,0.8699775338172913,-0.18100270628929138,0.9436763525009155,0.6896905899047852,0.9119586944580078,0.04214293137192726,0.8575053215026855,0.5398234724998474,0.8979712128639221,-0.18860666453838348,0.7860202789306641,0.7349395751953125,0.9221590757369995,-0.04678740352392197,0.8752256631851196,0.5280423760414124,0.886053204536438,-0.2968199551105499,0.9362130761146545
143,0.6472851037979126,0.3600771129131317,-0.02988182194530964,0.9999441504478455,0.6490844488143921,0.3504039943218231,-0.009879795834422112,0.9998875260353088,0.6522961258888245,0.35023409128189087,-0.01004339661449194,0.999814510345459,0.6552278399467468,0.3503240942955017,-0.009998568333685398,0.9999024271965027,0.6415250301361084,0.35413050651550293,-0.01591889001429081,0.9999358057975769,0.6388553977012634,0.35670167207717896,-0.016107086092233658,0.9999299645423889,0.6354447603225708,0.35983502864837646,-0.016143810003995895,0.9999366402626038,0.658272922039032,0.3566315174102783,0.07019131630659103,0.9999067783355713,0.6322969198226929,0.368156760931015,0.04197273030877113,0.9997779726982117,0.6546539068222046,0.3736395239830017,-0.0011562325526028872,0.9998721480369568,0.6443735361099243,0.378722220659256,-0.010207351297140121,0.9998302459716797,0.6885660290718079,0.4321599304676056,0.09608851373195648,0.9999356865882874,0.630662739276886,0.4490974247455597,0.009100476279854774,0.9997483491897583,0.7217479944229126,0.387683242559433,-0.03456795588135719,0.8014411330223083,0.6197172403335571,0.42813682556152344,-0.1834186166524887,0.9353275895118713,0.7243489623069763,0.31408900022506714,-0.20110242068767548,0.9326104521751404,0.6216606497764587,0.33464863896369934,-0.3618527352809906,0.9770652055740356,0.7253128290176392,0.2870872914791107,-0.2329048067331314,0.9278439283370972,0.6268002390861511,0.3079453408718109,-0.4052010476589203,0.9686832427978516,0.7227529287338257,0.285530149936676,-0.23002418875694275,0.9245703816413879,0.6247899532318115,0.29981932044029236,-0.3901444971561432,0.9624847173690796,0.7211564779281616,0.29690098762512207,-0.20517678558826447,0.8994404673576355,0.6243312954902649,0.3096977174282074,-0.3626863360404968,0.9328121542930603,0.6978803873062134,0.6246669888496399,0.030197080224752426,0.9999863505363464,0.6543664932250977,0.626795768737793,-0.03042604960501194,0.9999809265136719,0.7354002594947815,0.7526481747627258,-0.052475687116384506,0.7579033970832825,0.6084115505218506,0.7522000074386597,-0.14535202085971832,0.8334271907806396,0.7003666758537292,0.8877852559089661,0.03379051014780998,0.8503507375717163,0.5469627380371094,0.8701306581497192,-0.17783762514591217,0.9457930326461792,0.6890041828155518,0.9124981164932251,0.03759677708148956,0.8584334850311279,0.5395328402519226,0.8994033336639404,-0.18542510271072388,0.790764570236206,0.7348979711532593,0.9232413172721863,-0.05141372233629227,0.8740379214286804,0.5284874439239502,0.8868580460548401,-0.29485946893692017,0.9384093284606934
144,0.6478453278541565,0.36192116141319275,-0.029221434146165848,0.999946653842926,0.6492089033126831,0.3521491587162018,-0.008919497951865196,0.9998922944068909,0.6523624062538147,0.3518754839897156,-0.009084908291697502,0.9998224973678589,0.6553688049316406,0.35184556245803833,-0.009042665362358093,0.9999063611030579,0.642405092716217,0.35579031705856323,-0.015433818101882935,0.9999386072158813,0.6397851705551147,0.35830339789390564,-0.015620054677128792,0.9999330043792725,0.6364038586616516,0.3614090383052826,-0.01565634086728096,0.9999392032623291,0.6591550707817078,0.35800305008888245,0.07116807252168655,0.9999105334281921,0.6337459683418274,0.36958956718444824,0.043245766311883926,0.9997862577438354,0.6549269556999207,0.3752163052558899,-0.0004516368790064007,0.9998762607574463,0.6454141139984131,0.3806712329387665,-0.010039595887064934,0.999835729598999,0.6898873448371887,0.43483465909957886,0.096199169754982,0.9999363422393799,0.6321903467178345,0.4500472843647003,0.00959246139973402,0.9997516870498657,0.7233689427375793,0.3893778324127197,-0.03006567247211933,0.8033375144004822,0.6214457154273987,0.43010762333869934,-0.183279886841774,0.9316410422325134,0.7257349491119385,0.31320297718048096,-0.188569575548172,0.93459153175354,0.6222351789474487,0.33553987741470337,-0.36184394359588623,0.9763280749320984,0.726974368095398,0.2863766849040985,-0.21864409744739532,0.9303632974624634,0.6267734169960022,0.30802831053733826,-0.4053855538368225,0.9682533740997314,0.7257598638534546,0.285074383020401,-0.21608160436153412,0.9272427558898926,0.6250370144844055,0.30103054642677307,-0.3907105028629303,0.9619719982147217,0.7239929437637329,0.29661327600479126,-0.19245250523090363,0.902757465839386,0.6249469518661499,0.3118053078651428,-0.36284253001213074,0.9320405721664429,0.6982738375663757,0.625110924243927,0.03012549877166748,0.9999867081642151,0.6549577116966248,0.627119243144989,-0.030355457216501236,0.9999815225601196,0.736362099647522,0.7542923092842102,-0.05383557826280594,0.7543386220932007,0.6086663603782654,0.7543983459472656,-0.14471755921840668,0.8367248773574829,0.7003193497657776,0.8875589966773987,0.039260562509298325,0.8478068709373474,0.547187089920044,0.8719229102134705,-0.18209953606128693,0.9483346343040466,0.6889559626579285,0.9123533368110657,0.043501127511262894,0.8597251176834106,0.53944331407547,0.9030952453613281,-0.19051839411258698,0.7992917895317078,0.7349385619163513,0.923960268497467,-0.04107103869318962,0.8723822236061096,0.5266383290290833,0.8867051005363464,-0.2982584834098816,0.9410721063613892
145,0.6499955058097839,0.3619697690010071,-0.00655410485342145,0.9999487996101379,0.6516681909561157,0.3526172637939453,0.0139589449390769,0.9998960494995117,0.654705822467804,0.3524613082408905,0.013802510686218739,0.9998287558555603,0.6574787497520447,0.35253602266311646,0.013848481699824333,0.9999094605445862,0.6447852253913879,0.3559916913509369,0.007011785637587309,0.9999410510063171,0.6420642137527466,0.35857143998146057,0.006824816111475229,0.9999358057975769,0.6386171579360962,0.3616918921470642,0.006796105299144983,0.9999415874481201,0.6606771349906921,0.35914039611816406,0.09289458394050598,0.99991375207901,0.6357187032699585,0.3703167736530304,0.061959441751241684,0.9997947812080383,0.6569324135780334,0.37538325786590576,0.0214186143130064,0.9998817443847656,0.647485077381134,0.3803642988204956,0.011235659010708332,0.9998435974121094,0.6909632086753845,0.43700137734413147,0.11464901268482208,0.9999381899833679,0.6331052780151367,0.4507855176925659,0.020890815183520317,0.9997628927230835,0.724672257900238,0.39170515537261963,-0.0042876494117081165,0.8071684837341309,0.6216771602630615,0.43017446994781494,-0.17275895178318024,0.9321609735488892,0.727934718132019,0.31485188007354736,-0.16446556150913239,0.9376529455184937,0.6225029826164246,0.3384941518306732,-0.3556370139122009,0.9770917892456055,0.7294052839279175,0.2876215875148773,-0.1944391131401062,0.9338309168815613,0.6267468333244324,0.311749666929245,-0.4000049829483032,0.969429075717926,0.7279110550880432,0.28493788838386536,-0.19328132271766663,0.930892825126648,0.6250717639923096,0.3052661418914795,-0.3856198489665985,0.9633783102035522,0.7260353565216064,0.2963472902774811,-0.16897368431091309,0.9073496460914612,0.6250563263893127,0.31580519676208496,-0.35676249861717224,0.9343354105949402,0.6983656287193298,0.625648558139801,0.03126788139343262,0.9999871850013733,0.6554802060127258,0.6277503371238708,-0.03150148689746857,0.9999823570251465,0.7377345561981201,0.7572624683380127,-0.05458761379122734,0.7548850774765015,0.6086689829826355,0.7544587850570679,-0.15056629478931427,0.8421208262443542,0.7001606822013855,0.8878671526908875,0.04308317229151726,0.8475725650787354,0.5472453236579895,0.8721312880516052,-0.1879311501979828,0.9507531523704529,0.688355028629303,0.9123170971870422,0.047981686890125275,0.8631608486175537,0.5391598343849182,0.9017306566238403,-0.19585981965065002,0.8072504997253418,0.7353017926216125,0.9255630373954773,-0.036302004009485245,0.872604489326477,0.5273645520210266,0.8868950009346008,-0.3046572506427765,0.9436058402061462
146,0.6510371565818787,0.36314043402671814,-0.0105664674192667,0.9999523758888245,0.6527677774429321,0.35416749119758606,0.00820663757622242,0.9999030232429504,0.655796229839325,0.35397934913635254,0.00805271603167057,0.999840497970581,0.6586511731147766,0.3540264964103699,0.008110828697681427,0.9999154210090637,0.6460044384002686,0.3576613962650299,0.0044835275039076805,0.9999451041221619,0.6431971788406372,0.3603017032146454,0.0043020714074373245,0.9999402761459351,0.6396698355674744,0.36356616020202637,0.00430297339335084,0.9999455213546753,0.6621730327606201,0.3605569005012512,0.0822310522198677,0.9999194145202637,0.6369895339012146,0.3719625473022461,0.05985813960433006,0.9998089075088501,0.6578711867332458,0.3767746686935425,0.014909866265952587,0.9998896718025208,0.6487036347389221,0.38191989064216614,0.008601102977991104,0.9998543858528137,0.6923877596855164,0.4387490153312683,0.09826353192329407,0.9999406337738037,0.6343808770179749,0.45231154561042786,0.019460849463939667,0.9997758865356445,0.7254229784011841,0.3953831195831299,-0.037275832146406174,0.8157914876937866,0.6223853230476379,0.43235284090042114,-0.1742858588695526,0.9322952628135681,0.7296143174171448,0.3192421793937683,-0.20443731546401978,0.9413816928863525,0.622372031211853,0.34051695466041565,-0.3581341505050659,0.9781289100646973,0.7311766147613525,0.2916480600833893,-0.2367410659790039,0.9379001259803772,0.625793993473053,0.3130154311656952,-0.4025900661945343,0.9710015058517456,0.7289315462112427,0.28897637128829956,-0.23464469611644745,0.9351640343666077,0.6248743534088135,0.30676931142807007,-0.38897091150283813,0.9652603268623352,0.7270500063896179,0.3001515567302704,-0.20890673995018005,0.912915825843811,0.6250438094139099,0.31740817427635193,-0.3598421514034271,0.9377099275588989,0.6984664797782898,0.6287294030189514,0.030921611934900284,0.9999876618385315,0.6554020047187805,0.629607617855072,-0.03115454502403736,0.9999831914901733,0.7380801439285278,0.7591096758842468,-0.05419057235121727,0.753239631652832,0.6083366274833679,0.7548586130142212,-0.14986589550971985,0.8479883670806885,0.6996739506721497,0.8877506852149963,0.050710730254650116,0.8455504775047302,0.547231137752533,0.8746640682220459,-0.18616965413093567,0.9536491632461548,0.687717854976654,0.9122090339660645,0.05604119971394539,0.8643745183944702,0.5390939712524414,0.9029906392097473,-0.1946035921573639,0.8157546520233154,0.7349380254745483,0.9258003234863281,-0.02807401679456234,0.8727729320526123,0.5284988880157471,0.891231894493103,-0.3058019280433655,0.9467478394508362
147,0.6518352031707764,0.36394673585891724,-0.013318640179932117,0.9999550580978394,0.6534783244132996,0.35505884885787964,0.004675600212067366,0.9999078512191772,0.6566020250320435,0.3547290563583374,0.0045195952989161015,0.9998487830162048,0.6595842242240906,0.35462522506713867,0.004578778985887766,0.9999194741249084,0.6464536190032959,0.3591730296611786,0.0033088461495935917,0.9999479651451111,0.6435801982879639,0.3620796203613281,0.00313583598472178,0.9999435544013977,0.6403748393058777,0.36534401774406433,0.003145471913740039,0.9999483823776245,0.6635125875473022,0.3611362874507904,0.07713377475738525,0.9999234080314636,0.6387289762496948,0.37338393926620483,0.05728805810213089,0.9998191595077515,0.6589813232421875,0.3775213956832886,0.010948709212243557,0.9998956918716431,0.6503708362579346,0.38289234042167664,0.007246431428939104,0.9998626708984375,0.694049060344696,0.4409179985523224,0.09484370797872543,0.9999421238899231,0.6362404227256775,0.45373502373695374,0.01771778240799904,0.9997859001159668,0.7268749475479126,0.39708223938941956,-0.03176383674144745,0.8227205276489258,0.6234374642372131,0.4346981644630432,-0.16999581456184387,0.9321308732032776,0.7311761379241943,0.32093238830566406,-0.20200657844543457,0.9446109533309937,0.6223326325416565,0.34145888686180115,-0.35064125061035156,0.979221761226654,0.7329620122909546,0.29317811131477356,-0.23390153050422668,0.9415296912193298,0.6237239241600037,0.313597172498703,-0.3942616879940033,0.9726541042327881,0.7307103872299194,0.2901209890842438,-0.22828789055347443,0.9390090703964233,0.6238333582878113,0.3071575164794922,-0.3824520707130432,0.9672707915306091,0.7286713123321533,0.30121827125549316,-0.20527486503124237,0.9180165529251099,0.6245752573013306,0.3178679645061493,-0.3530314564704895,0.94138103723526,0.6995658874511719,0.631363570690155,0.030493002384901047,0.9999879002571106,0.6560835242271423,0.631301999092102,-0.03072459064424038,0.9999837875366211,0.7379044890403748,0.7605409026145935,-0.054278019815683365,0.7556392550468445,0.6081215143203735,0.7547169923782349,-0.14507272839546204,0.8533199429512024,0.6995818614959717,0.8878113627433777,0.05069355666637421,0.8458464741706848,0.547235369682312,0.8742567896842957,-0.17651323974132538,0.9562947154045105,0.6874002814292908,0.9121755957603455,0.056388165801763535,0.8669938445091248,0.5390369892120361,0.9027475118637085,-0.18424217402935028,0.8237951397895813,0.7348917126655579,0.9256678223609924,-0.026988914236426353,0.8742994666099548,0.5293422937393188,0.89309161901474,-0.29513388872146606,0.9495699405670166
148,0.6530997157096863,0.36521121859550476,-0.0012370585463941097,0.9999580383300781,0.6550092697143555,0.3563721179962158,0.01814461499452591,0.9999134540557861,0.6582002639770508,0.35618317127227783,0.01798292063176632,0.9998583197593689,0.6613321304321289,0.35618704557418823,0.018036145716905594,0.9999242424964905,0.6478793621063232,0.3601645827293396,0.014780014753341675,0.9999512434005737,0.6449000835418701,0.3630550801753998,0.014600911177694798,0.9999472498893738,0.6415975689888,0.36625975370407104,0.014585514552891254,0.9999516606330872,0.6654815673828125,0.3628261089324951,0.09276167303323746,0.9999279379844666,0.6399577856063843,0.37446117401123047,0.07609330117702484,0.9998309016227722,0.6599622964859009,0.3787131905555725,0.024758072569966316,0.9999015927314758,0.6513086557388306,0.3841450810432434,0.019229449331760406,0.9998708963394165,0.6949189305305481,0.44145339727401733,0.10788983851671219,0.9999433159828186,0.6375647783279419,0.45440229773521423,0.03705526888370514,0.9997965693473816,0.7273260951042175,0.39920732378959656,-0.019194362685084343,0.8283637762069702,0.6237898468971252,0.4366060495376587,-0.1419690102338791,0.9334972500801086,0.7328539490699768,0.32377803325653076,-0.184610053896904,0.9479154348373413,0.6222811937332153,0.34179043769836426,-0.3154872953891754,0.9805654883384705,0.7352672219276428,0.2960689961910248,-0.21719609200954437,0.9452036619186401,0.6225870847702026,0.3142631947994232,-0.3574260175228119,0.9745409488677979,0.7325515747070312,0.29297465085983276,-0.21426701545715332,0.9428706169128418,0.6231457591056824,0.3075720965862274,-0.34566351771354675,0.9695518016815186,0.7302719354629517,0.30383434891700745,-0.18895664811134338,0.9230982661247253,0.6243986487388611,0.31849128007888794,-0.31770655512809753,0.9454837441444397,0.6999061703681946,0.6331564784049988,0.029711315408349037,0.9999881386756897,0.6563414931297302,0.6311976909637451,-0.029939591884613037,0.9999843835830688,0.7383206486701965,0.7637835741043091,-0.04979205131530762,0.7579309940338135,0.6077566146850586,0.754723846912384,-0.14207880198955536,0.8590127825737,0.6995760202407837,0.8887847065925598,0.050685346126556396,0.8461700081825256,0.5472152233123779,0.8753018975257874,-0.17746594548225403,0.9585846066474915,0.6871455907821655,0.9125422835350037,0.055599644780159,0.8700823783874512,0.5384634137153625,0.9040488004684448,-0.18556375801563263,0.8318904638290405,0.7348766922950745,0.9262761473655701,-0.027004675939679146,0.8757666945457458,0.5289779305458069,0.8926570415496826,-0.2951540946960449,0.952099621295929
149,0.6548665761947632,0.365846186876297,-0.018321888521313667,0.9999598264694214,0.6565342545509338,0.3568554222583771,-8.052081830101088e-05,0.9999162554740906,0.6596550345420837,0.356653094291687,-0.00024321558885276318,0.9998636245727539,0.6627614498138428,0.35662928223609924,-0.0001916172623168677,0.9999262690544128,0.6494423151016235,0.36067208647727966,-0.00261975871399045,0.999953031539917,0.6464419960975647,0.3636109530925751,-0.0028046262450516224,0.9999495148658752,0.6431049704551697,0.3668493628501892,-0.002829513745382428,0.99995356798172,0.6665326356887817,0.36333757638931274,0.07284705340862274,0.9999300241470337,0.6413112282752991,0.3755453824996948,0.061475906521081924,0.9998387098312378,0.6616191267967224,0.37895795702934265,0.007154998369514942,0.999904453754425,0.6532852053642273,0.38437724113464355,0.002777346409857273,0.9998757839202881,0.6958643794059753,0.44219669699668884,0.08938788622617722,0.9999423623085022,0.6387919783592224,0.4551214575767517,0.025169730186462402,0.9998044371604919,0.7278369069099426,0.4013306200504303,-0.04364681616425514,0.8333300948143005,0.6245184540748596,0.43635645508766174,-0.15260256826877594,0.9350930452346802,0.7343953251838684,0.3250577449798584,-0.2041221559047699,0.9502756595611572,0.6222061514854431,0.3423190414905548,-0.3255153000354767,0.9819323420524597,0.7368754148483276,0.29790034890174866,-0.23586486279964447,0.9479672312736511,0.6220742464065552,0.3147868514060974,-0.36841949820518494,0.9764126539230347,0.734834611415863,0.2940630614757538,-0.23405537009239197,0.9458257555961609,0.6224797964096069,0.30828291177749634,-0.3462938666343689,0.971813976764679,0.7325972318649292,0.30481642484664917,-0.20871838927268982,0.9271091222763062,0.6239995360374451,0.3193736970424652,-0.3231273889541626,0.949561595916748,0.699765145778656,0.6344006061553955,0.029479404911398888,0.9999880194664001,0.6561513543128967,0.6318404674530029,-0.029703369364142418,0.999984622001648,0.7383889555931091,0.7619221210479736,-0.050055764615535736,0.7551649212837219,0.6075162291526794,0.7547117471694946,-0.13517895340919495,0.8636453151702881,0.6995754241943359,0.8886884450912476,0.05108070746064186,0.8467816114425659,0.5472939014434814,0.8734116554260254,-0.1655382364988327,0.9606701731681824,0.6868757605552673,0.9125805497169495,0.05593115836381912,0.8714420795440674,0.5383864641189575,0.902001678943634,-0.17305701971054077,0.8369592428207397,0.7345999479293823,0.9261758923530579,-0.02982228435575962,0.8777015805244446,0.5317142009735107,0.8949986696243286,-0.285706102848053,0.9543045163154602
150,0.6560420393943787,0.366997092962265,-0.05453311651945114,0.9999610781669617,0.6584135890007019,0.35800179839134216,-0.03596291318535805,0.9999182820320129,0.6615503430366516,0.3580089211463928,-0.03613153472542763,0.9998672008514404,0.6647816300392151,0.3581700921058655,-0.03608478233218193,0.9999275207519531,0.650448739528656,0.3615078628063202,-0.04001612588763237,0.9999542236328125,0.6473120450973511,0.3644862174987793,-0.04020853713154793,0.9999509453773499,0.6442099213600159,0.36779215931892395,-0.04024903103709221,0.9999547600746155,0.6681351065635681,0.3650103509426117,0.041042182594537735,0.9999310374259949,0.6432751417160034,0.3772513270378113,0.022999590262770653,0.9998431205749512,0.6629806756973267,0.3802136480808258,-0.027039064094424248,0.9999053478240967,0.6541045308113098,0.38554027676582336,-0.033397432416677475,0.9998778104782104,0.6971889734268188,0.44385117292404175,0.06648503243923187,0.9999394416809082,0.6400663256645203,0.45691150426864624,-0.007108152378350496,0.9998044371604919,0.7292776703834534,0.40081533789634705,-0.05233011767268181,0.8353204727172852,0.6250960230827332,0.4359852969646454,-0.18391957879066467,0.9353882670402527,0.7358046770095825,0.3237980902194977,-0.20164023339748383,0.9510530829429626,0.6222267150878906,0.34245288372039795,-0.3595203459262848,0.9826172590255737,0.7382999062538147,0.29672545194625854,-0.231624573469162,0.949176549911499,0.6219767332077026,0.3156278133392334,-0.40265873074531555,0.9774230122566223,0.7369743585586548,0.2934720516204834,-0.23125123977661133,0.9472697377204895,0.6223087310791016,0.3094797730445862,-0.391082763671875,0.9731037616729736,0.7345893979072571,0.30432453751564026,-0.20651961863040924,0.9293142557144165,0.6238859295845032,0.32009899616241455,-0.36193332076072693,0.952057957649231,0.6997591257095337,0.6351757049560547,0.02946391887962818,0.9999876618385315,0.6563706994056702,0.6328564882278442,-0.02968888357281685,0.9999845027923584,0.7382006049156189,0.7607730031013489,-0.043089110404253006,0.7477129101753235,0.6074806451797485,0.7548380494117737,-0.1317654252052307,0.8658440113067627,0.69952791929245,0.8886604905128479,0.05772506818175316,0.846566915512085,0.5476183295249939,0.86925208568573,-0.15134944021701813,0.9620727300643921,0.6864940524101257,0.9125941395759583,0.06238441541790962,0.8706083297729492,0.5381497144699097,0.8952362537384033,-0.1576075404882431,0.8389638066291809,0.734592616558075,0.9263193607330322,-0.025165611878037453,0.8787433505058289,0.5326240658760071,0.8989593982696533,-0.2686375677585602,0.9557774066925049
151,0.6577842831611633,0.3680914044380188,-0.05700505152344704,0.9999639987945557,0.6601992845535278,0.35852473974227905,-0.0382089801132679,0.9999239444732666,0.6634761691093445,0.35848748683929443,-0.038376741111278534,0.9998767971992493,0.6666656732559204,0.3587120771408081,-0.038329627364873886,0.9999322891235352,0.6518083810806274,0.36198070645332336,-0.04170161485671997,0.9999574422836304,0.6486818194389343,0.3648844063282013,-0.04188944771885872,0.9999545812606812,0.6456111669540405,0.368181973695755,-0.04191725328564644,0.9999579787254333,0.6699600219726562,0.36576876044273376,0.038486115634441376,0.999935507774353,0.644787609577179,0.3782910406589508,0.023177040740847588,0.9998546242713928,0.6646817326545715,0.38148000836372375,-0.029778463765978813,0.999910831451416,0.6554825305938721,0.3867800831794739,-0.03534338250756264,0.999885618686676,0.6985180377960205,0.4457056224346161,0.05732704699039459,0.9999397993087769,0.6406877040863037,0.4576225280761719,-0.006600128952413797,0.9998127818107605,0.7295379042625427,0.4036133289337158,-0.07968521118164062,0.8434371948242188,0.625999391078949,0.4370613694190979,-0.18411679565906525,0.9380536079406738,0.7378008961677551,0.32654356956481934,-0.24123911559581757,0.9535059332847595,0.6221977472305298,0.34560057520866394,-0.3589152991771698,0.983849823474884,0.7401543259620667,0.29965054988861084,-0.2740205228328705,0.9517260193824768,0.6214442849159241,0.31842246651649475,-0.401546835899353,0.9790551066398621,0.7386312484741211,0.29514849185943604,-0.27286750078201294,0.949985682964325,0.6216859817504883,0.3114526867866516,-0.3909839391708374,0.9750766754150391,0.7360718250274658,0.30634161829948425,-0.24633106589317322,0.933093249797821,0.6232832670211792,0.32204899191856384,-0.3618352711200714,0.9556299448013306,0.6998649835586548,0.6347302198410034,0.027445130050182343,0.9999876618385315,0.6564371585845947,0.6329151391983032,-0.027666088193655014,0.999984860420227,0.7380714416503906,0.7604497075080872,-0.04757899418473244,0.7523084282875061,0.6104726791381836,0.7549140453338623,-0.12615546584129333,0.8717793226242065,0.6995291113853455,0.8875404000282288,0.053758151829242706,0.8496944904327393,0.5480836629867554,0.8693505525588989,-0.1551136076450348,0.9643120169639587,0.6862640976905823,0.9124661087989807,0.05820848420262337,0.8725174069404602,0.5383256673812866,0.8954776525497437,-0.16257715225219727,0.8447248935699463,0.7342021465301514,0.9262824654579163,-0.027812398970127106,0.8825202584266663,0.531427800655365,0.8937243819236755,-0.2742270231246948,0.9582960605621338
152,0.658554196357727,0.3693789839744568,-0.076148122549057,0.9999667406082153,0.6611397862434387,0.35907477140426636,-0.0580885149538517,0.9999294877052307,0.664369523525238,0.35891279578208923,-0.05825943499803543,0.9998859763145447,0.6676034331321716,0.3591234087944031,-0.05821293592453003,0.9999369978904724,0.6525927782058716,0.362690806388855,-0.061447903513908386,0.9999606013298035,0.649478554725647,0.36563217639923096,-0.06164070591330528,0.9999580383300781,0.6466659307479858,0.36890557408332825,-0.06166835501790047,0.9999611377716064,0.6715177893638611,0.36639514565467834,0.01929412968456745,0.9999399781227112,0.6463558077812195,0.3791344463825226,0.004749060142785311,0.9998655915260315,0.6655706167221069,0.38274699449539185,-0.048271145671606064,0.9999160766601562,0.6563016772270203,0.3883652091026306,-0.05364155396819115,0.9998928904533386,0.7001001238822937,0.44661495089530945,0.03954540193080902,0.9999403357505798,0.6418631672859192,0.4583623707294464,-0.021463284268975258,0.9998197555541992,0.7302656173706055,0.4041813313961029,-0.09962373226881027,0.8485325574874878,0.627242922782898,0.4383849501609802,-0.20064489543437958,0.9387124180793762,0.7393214106559753,0.3269745707511902,-0.2584924101829529,0.954033613204956,0.6221641302108765,0.34575045108795166,-0.37474995851516724,0.9844220876693726,0.7421995401382446,0.3001846373081207,-0.291415810585022,0.9522004127502441,0.6207734942436218,0.31873461604118347,-0.41716399788856506,0.9798852205276489,0.740400493144989,0.2952573597431183,-0.28990399837493896,0.9505704045295715,0.620686411857605,0.3118962347507477,-0.40764445066452026,0.976107656955719,0.7374931573867798,0.3065345287322998,-0.26346462965011597,0.9341620206832886,0.6224890947341919,0.3221288025379181,-0.37824746966362,0.9576204419136047,0.70060133934021,0.6361040472984314,0.02653908170759678,0.999987781047821,0.6571511030197144,0.6342083811759949,-0.02675151638686657,0.9999853372573853,0.7390041947364807,0.7600709795951843,-0.04848646745085716,0.7499092817306519,0.6119336485862732,0.7554547786712646,-0.12111614644527435,0.8749631643295288,0.6996198892593384,0.8874965906143188,0.06144401803612709,0.8468472957611084,0.5484250783920288,0.8694490790367126,-0.1501355767250061,0.9658682346343994,0.6862621307373047,0.9124471545219421,0.067049540579319,0.8702647686004639,0.5384577512741089,0.8989013433456421,-0.1577988564968109,0.8470838069915771,0.7341829538345337,0.9263855218887329,-0.018455391749739647,0.882111668586731,0.5310903787612915,0.8935075402259827,-0.27132847905158997,0.9600083827972412
153,0.6592265367507935,0.37052327394485474,-0.07082929462194443,0.9999692440032959,0.6619559526443481,0.3597174286842346,-0.05203244835138321,0.9999344944953918,0.6652242541313171,0.3595293164253235,-0.05219677463173866,0.9998941421508789,0.6685053706169128,0.35977956652641296,-0.052145346999168396,0.9999411702156067,0.6533473134040833,0.3632608652114868,-0.056139443069696426,0.9999635219573975,0.6503461599349976,0.3661479949951172,-0.056333277374506,0.999961256980896,0.647657573223114,0.3693769872188568,-0.05636056885123253,0.9999640583992004,0.6724057793617249,0.3672506809234619,0.02748379111289978,0.9999438524246216,0.6472671627998352,0.3798639178276062,0.009556395001709461,0.9998757839202881,0.6665151119232178,0.38400548696517944,-0.042180001735687256,0.9999209046363831,0.6570730209350586,0.38958218693733215,-0.048529092222452164,0.9998997449874878,0.7010098695755005,0.4478308856487274,0.04998219013214111,0.9999403357505798,0.6424887180328369,0.4587080478668213,-0.018093515187501907,0.9998271465301514,0.7319763898849487,0.4039480686187744,-0.08559367805719376,0.8509032726287842,0.6279569864273071,0.43810540437698364,-0.19708497822284698,0.9394437670707703,0.7408939003944397,0.326199471950531,-0.24831965565681458,0.9540728330612183,0.6220786571502686,0.34552282094955444,-0.3735607862472534,0.9851564764976501,0.7438820600509644,0.2993730902671814,-0.2815672755241394,0.9524462223052979,0.62031090259552,0.3183186948299408,-0.41685357689857483,0.9809306859970093,0.7426329851150513,0.2946740984916687,-0.2809120714664459,0.9509443044662476,0.6205000281333923,0.31180357933044434,-0.4075813889503479,0.9773814082145691,0.7396341562271118,0.3060482442378998,-0.253753125667572,0.9349155426025391,0.6223409175872803,0.3222687542438507,-0.3771184980869293,0.9599059820175171,0.70063716173172,0.636583685874939,0.026626762002706528,0.9999880194664001,0.6575631499290466,0.6340393424034119,-0.02684098295867443,0.9999858736991882,0.7389751672744751,0.7597078680992126,-0.050188157707452774,0.7497597932815552,0.6121755242347717,0.7565996646881104,-0.12383658438920975,0.879023015499115,0.6996137499809265,0.8871986269950867,0.05913015455007553,0.84552401304245,0.5484520196914673,0.8706362843513489,-0.153545543551445,0.9674997329711914,0.6859661340713501,0.912386417388916,0.06476041674613953,0.8693353533744812,0.5384591817855835,0.9024100303649902,-0.16125035285949707,0.8506331443786621,0.73378586769104,0.9264193177223206,-0.02167641930282116,0.8823516368865967,0.5296416878700256,0.8916142582893372,-0.27468809485435486,0.9617336988449097
154,0.660112202167511,0.371192991733551,-0.08404915034770966,0.9999717473983765,0.663045346736908,0.36004623770713806,-0.06551621854305267,0.9999396800994873,0.6662799119949341,0.3598301112651825,-0.06569372117519379,0.9999025464057922,0.6695241332054138,0.3601366877555847,-0.06564050167798996,0.9999455809593201,0.6541398167610168,0.3637027442455292,-0.0689115822315216,0.9999664425849915,0.6510705351829529,0.3666847050189972,-0.06910767406225204,0.9999644160270691,0.6484339237213135,0.3699647784233093,-0.06912755966186523,0.9999669194221497,0.6734304428100586,0.3677752614021301,0.013892188668251038,0.9999480247497559,0.6478410959243774,0.38064417243003845,-0.000787139346357435,0.9998858571052551,0.6675218939781189,0.3846299946308136,-0.05539337545633316,0.9999257922172546,0.6578614711761475,0.3903382420539856,-0.06079724058508873,0.9999064803123474,0.7018468379974365,0.4491186738014221,0.03319726884365082,0.9999403357505798,0.6430675387382507,0.4596445858478546,-0.027404963970184326,0.9998332858085632,0.7321737408638,0.4059290289878845,-0.11998192965984344,0.8519193530082703,0.6285759210586548,0.43788307905197144,-0.2109912484884262,0.9392133951187134,0.7430533766746521,0.3274540305137634,-0.2939647138118744,0.9540782570838928,0.6218836307525635,0.34569185972213745,-0.38875195384025574,0.9858178496360779,0.7459935545921326,0.3009404242038727,-0.3298419117927551,0.9527670741081238,0.6193491220474243,0.31808626651763916,-0.432557612657547,0.9818822145462036,0.7443265914916992,0.2953784167766571,-0.3281964659690857,0.9513520002365112,0.6197859644889832,0.31183868646621704,-0.4233053922653198,0.9785330295562744,0.741372287273407,0.30651065707206726,-0.29945141077041626,0.9353832602500916,0.6218305826187134,0.32253512740135193,-0.39261361956596375,0.9619778990745544,0.7009168267250061,0.6381297707557678,0.026001330465078354,0.9999880790710449,0.6577526926994324,0.6350401043891907,-0.02621048502624035,0.9999862313270569,0.7391805052757263,0.7602550983428955,-0.0503392294049263,0.7412365078926086,0.6124122738838196,0.7574882507324219,-0.11770784109830856,0.8780131936073303,0.6994390487670898,0.887435793876648,0.06380775570869446,0.8397015929222107,0.5485289096832275,0.8723131418228149,-0.14720459282398224,0.9684210419654846,0.6857367753982544,0.9127452969551086,0.06963647902011871,0.8644764423370361,0.5384524464607239,0.9055140614509583,-0.15518999099731445,0.8506292700767517,0.7334926128387451,0.9264482855796814,-0.017787782475352287,0.8791549801826477,0.527410089969635,0.8887624144554138,-0.2711133062839508,0.9626124501228333
155,0.6617112755775452,0.3713878393173218,-0.07652938365936279,0.9999738931655884,0.6642488837242126,0.3601369857788086,-0.057791948318481445,0.9999439120292664,0.6674275994300842,0.359822541475296,-0.05798795446753502,0.9999094605445862,0.6705991625785828,0.36005908250808716,-0.05794505029916763,0.9999491572380066,0.6556950211524963,0.36381959915161133,-0.06459935009479523,0.9999688863754272,0.6526238322257996,0.3667772710323334,-0.06480898708105087,0.999967098236084,0.6498231887817383,0.37009894847869873,-0.06486477702856064,0.9999693632125854,0.674545168876648,0.3678096830844879,0.023731883615255356,0.9999513626098633,0.648847758769989,0.38132938742637634,0.006081520114094019,0.9998944401741028,0.6689777970314026,0.3847830593585968,-0.04661940783262253,0.9999299049377441,0.6593433618545532,0.39049428701400757,-0.05625195801258087,0.9999122619628906,0.7025784850120544,0.4498041272163391,0.04888194426894188,0.9999399185180664,0.6437190771102905,0.46002575755119324,-0.01672816090285778,0.9998390078544617,0.7327050566673279,0.4072299003601074,-0.09071765840053558,0.8534659743309021,0.6283193230628967,0.43944528698921204,-0.17935331165790558,0.9400957226753235,0.7443588972091675,0.3289102613925934,-0.25553473830223083,0.9541797637939453,0.6213951706886292,0.34742680191993713,-0.34169942140579224,0.9865686893463135,0.74770188331604,0.3015752136707306,-0.28882071375846863,0.9530697464942932,0.6183950304985046,0.31857672333717346,-0.38178423047065735,0.9829012155532837,0.7456063032150269,0.2960549294948578,-0.28717929124832153,0.9517228603363037,0.6192691922187805,0.31269481778144836,-0.373921275138855,0.9797711968421936,0.7425386309623718,0.3075811266899109,-0.2605808675289154,0.9360749125480652,0.621307909488678,0.324405699968338,-0.345601350069046,0.9642619490623474,0.7021201848983765,0.6390694975852966,0.026016706600785255,0.9999881386756897,0.6587435603141785,0.6361108422279358,-0.026228388771414757,0.9999865889549255,0.7403689026832581,0.7617135047912598,-0.049839239567518234,0.73896723985672,0.6128152012825012,0.7583173513412476,-0.12124840915203094,0.8801431059837341,0.6994348764419556,0.8890476822853088,0.06262858211994171,0.8383828401565552,0.548674464225769,0.8717941045761108,-0.15026162564754486,0.969380795955658,0.6857478022575378,0.9137248992919922,0.06763014942407608,0.8644174933433533,0.5382509231567383,0.9038897156715393,-0.15801577270030975,0.8529300689697266,0.7334979176521301,0.9268803596496582,-0.019470155239105225,0.8791951537132263,0.5251954793930054,0.9092004895210266,-0.27323484420776367,0.9636372327804565
156,0.6630392074584961,0.3716227412223816,-0.07068933546543121,0.9999752044677734,0.6653264164924622,0.36038365960121155,-0.04947393387556076,0.9999462366104126,0.6683785915374756,0.36001843214035034,-0.04965152591466904,0.9999132752418518,0.6714813709259033,0.3602138161659241,-0.049601536244153976,0.9999508857727051,0.6574881076812744,0.36388668417930603,-0.05537671968340874,0.9999704360961914,0.6544049978256226,0.36678552627563477,-0.05559074133634567,0.9999688267707825,0.6513789892196655,0.3701322674751282,-0.055646494030952454,0.9999709725379944,0.6753941178321838,0.3681459426879883,0.03605307638645172,0.9999527335166931,0.6498864889144897,0.381857305765152,0.01846221648156643,0.9998999238014221,0.6698884963989258,0.3850613236427307,-0.03906804323196411,0.9999307990074158,0.6604841351509094,0.3905695676803589,-0.047498419880867004,0.9999145865440369,0.703285276889801,0.4513787031173706,0.056880246847867966,0.9999361634254456,0.644255518913269,0.4606143534183502,-0.006264459807425737,0.999839186668396,0.7341874837875366,0.407248854637146,-0.07997274398803711,0.8473176956176758,0.6284733414649963,0.44131067395210266,-0.16942749917507172,0.9382582306861877,0.7455012202262878,0.32915887236595154,-0.24531599879264832,0.9501048922538757,0.6208371520042419,0.350792795419693,-0.33365118503570557,0.9866358637809753,0.7486247420310974,0.3019781708717346,-0.2783207297325134,0.9495433568954468,0.6178500056266785,0.3202648162841797,-0.37412014603614807,0.983164370059967,0.7475109100341797,0.2962401211261749,-0.27804186940193176,0.9481825828552246,0.6187006831169128,0.3152930438518524,-0.36662590503692627,0.9801484942436218,0.7445475459098816,0.30785372853279114,-0.25149333477020264,0.9320477843284607,0.6206032037734985,0.32770809531211853,-0.3376387059688568,0.9650644063949585,0.7024919986724854,0.6403665542602539,0.026089705526828766,0.999988317489624,0.6592006087303162,0.6373053193092346,-0.026301147416234016,0.999987006187439,0.7411340475082397,0.7627586722373962,-0.049299705773591995,0.7366933822631836,0.6127696633338928,0.758245587348938,-0.12399276345968246,0.8819069266319275,0.6994565725326538,0.8890174627304077,0.05975502356886864,0.8358763456344604,0.5486628413200378,0.870911180973053,-0.15993477404117584,0.9701958298683167,0.6857364773750305,0.9137470722198486,0.06468810141086578,0.8636093735694885,0.5381651520729065,0.903067946434021,-0.16808609664440155,0.8552266359329224,0.7336747646331787,0.9281282424926758,-0.022486450150609016,0.8772335052490234,0.525545060634613,0.8947038650512695,-0.2809460461139679,0.9643452763557434
157,0.6640846729278564,0.37231409549713135,-0.07471723854541779,0.9999762773513794,0.6665955781936646,0.360842764377594,-0.05505926162004471,0.9999478459358215,0.6697546243667603,0.36050257086753845,-0.05522862821817398,0.999916136264801,0.6727293729782104,0.360725462436676,-0.05517634004354477,0.999951958656311,0.6585891842842102,0.364274263381958,-0.059298086911439896,0.9999715089797974,0.655447244644165,0.3671499788761139,-0.0594957210123539,0.9999700784683228,0.6523988842964172,0.37048619985580444,-0.05953165516257286,0.9999720454216003,0.6764774322509766,0.36887773871421814,0.026425732299685478,0.99995356798172,0.6510549187660217,0.38219088315963745,0.009400125592947006,0.9999041557312012,0.6708771586418152,0.3858771026134491,-0.045379552990198135,0.9999306201934814,0.6613094806671143,0.39111319184303284,-0.05184246599674225,0.9999155402183533,0.7040318250656128,0.4525482952594757,0.04713096469640732,0.9999319314956665,0.6450037360191345,0.4612753093242645,-0.017054593190550804,0.9998369812965393,0.7350001931190491,0.4075441360473633,-0.0936768501996994,0.8419538736343384,0.6285275816917419,0.44115692377090454,-0.1856982707977295,0.9362925291061401,0.7464936375617981,0.32936471700668335,-0.25954267382621765,0.9458535313606262,0.61991286277771,0.35135677456855774,-0.3461228311061859,0.986509382724762,0.7495396733283997,0.3029026985168457,-0.2933678925037384,0.9462357759475708,0.6171823143959045,0.3213660717010498,-0.3859018087387085,0.9831809401512146,0.7488964200019836,0.29691600799560547,-0.29236581921577454,0.9450204372406006,0.6177460551261902,0.31630074977874756,-0.38131874799728394,0.9802464842796326,0.7460256814956665,0.3084161579608917,-0.2651427984237671,0.9285674095153809,0.6193705201148987,0.3288086950778961,-0.351394385099411,0.9655064940452576,0.7023993134498596,0.6425250172615051,0.026131562888622284,0.9999882578849792,0.6591755151748657,0.6387667059898376,-0.026342708617448807,0.9999871253967285,0.7414752244949341,0.7650038003921509,-0.05092023313045502,0.7313575744628906,0.612564742565155,0.7589192986488342,-0.12174042314291,0.8803113698959351,0.6994339227676392,0.890116274356842,0.06029282137751579,0.8335424661636353,0.5486533045768738,0.8697890639305115,-0.1364678293466568,0.9704200029373169,0.6857444643974304,0.9145687818527222,0.06602760404348373,0.8619161248207092,0.537908136844635,0.8984523415565491,-0.14229503273963928,0.8538666367530823,0.7337071895599365,0.9283563494682312,-0.020392002537846565,0.8760647773742676,0.5264182686805725,0.8935549259185791,-0.2533038854598999,0.9644181728363037
158,0.6641919016838074,0.3728107810020447,-0.15663696825504303,0.9999774098396301,0.6667850017547607,0.36120155453681946,-0.13914626836776733,0.9999499320983887,0.6698330044746399,0.36082473397254944,-0.1393510401248932,0.9999197721481323,0.6728147864341736,0.360947847366333,-0.13930486142635345,0.9999532699584961,0.6589167714118958,0.36465638875961304,-0.14388206601142883,0.9999727606773376,0.6558220982551575,0.3675507605075836,-0.1440863162279129,0.9999715685844421,0.6528423428535461,0.3709009885787964,-0.14413204789161682,0.9999732375144958,0.6771088242530823,0.36917397379875183,-0.05628082528710365,0.9999549388885498,0.6517598032951355,0.38277897238731384,-0.07700324803590775,0.9999089241027832,0.6709950566291809,0.3861737847328186,-0.126131072640419,0.9999306797981262,0.6615357995033264,0.3915286958217621,-0.1332569122314453,0.9999168515205383,0.7048285603523254,0.45289620757102966,-0.025919193401932716,0.9999302625656128,0.6454192996025085,0.46127796173095703,-0.09521562606096268,0.9998379349708557,0.7356297969818115,0.4085816740989685,-0.17290472984313965,0.8342320919036865,0.6290486454963684,0.43979209661483765,-0.28239357471466064,0.9336552619934082,0.7477428317070007,0.3302898406982422,-0.34403619170188904,0.9404324889183044,0.6187195181846619,0.35206058621406555,-0.46682479977607727,0.986436665058136,0.7505837678909302,0.30428650975227356,-0.38002723455429077,0.9423655271530151,0.6166380643844604,0.3219609260559082,-0.5132825970649719,0.9832730293273926,0.7497168779373169,0.2977454364299774,-0.38115784525871277,0.9415068626403809,0.6164411902427673,0.3176347315311432,-0.5063369274139404,0.9804682731628418,0.7468162178993225,0.3092198371887207,-0.3506845533847809,0.9239896535873413,0.6176416277885437,0.33035576343536377,-0.4719545245170593,0.9659456014633179,0.7023062109947205,0.6422047019004822,0.02629837766289711,0.9999873638153076,0.6590803265571594,0.6389256715774536,-0.026498712599277496,0.9999865293502808,0.7415931820869446,0.764520525932312,-0.039576806128025055,0.7048707604408264,0.6125097870826721,0.7592865228652954,-0.11585542559623718,0.8676007986068726,0.6996037364006042,0.8887046575546265,0.07653619349002838,0.8216547966003418,0.5485514402389526,0.8692507147789001,-0.12843070924282074,0.9691148996353149,0.6857948303222656,0.913559079170227,0.08218570798635483,0.851956844329834,0.5373254418373108,0.8970693349838257,-0.13475528359413147,0.845580518245697,0.7336282134056091,0.9283334612846375,-0.007069223560392857,0.8680727481842041,0.5275134444236755,0.8925715684890747,-0.2502965033054352,0.9626536965370178
159,0.6650338768959045,0.3732185363769531,-0.1458892822265625,0.9999789595603943,0.6677129864692688,0.36144623160362244,-0.12806583940982819,0.999953031539917,0.6707755923271179,0.36105307936668396,-0.12826023995876312,0.9999249577522278,0.6738055944442749,0.3611403703689575,-0.12820889055728912,0.9999557733535767,0.6598724722862244,0.3649042546749115,-0.13189275562763214,0.9999745488166809,0.6568222045898438,0.36775946617126465,-0.13209764659404755,0.9999735951423645,0.6538714170455933,0.3710540235042572,-0.13213545083999634,0.9999750256538391,0.6780180335044861,0.36958739161491394,-0.04560044780373573,0.9999573826789856,0.652790904045105,0.38296031951904297,-0.06222901865839958,0.999915599822998,0.6718640923500061,0.3866233229637146,-0.11568602174520493,0.9999335408210754,0.6624624729156494,0.39175528287887573,-0.12161211669445038,0.9999212026596069,0.705480694770813,0.45337578654289246,-0.018009470775723457,0.9999290704727173,0.6459890007972717,0.461513876914978,-0.08069626241922379,0.9998440146446228,0.7359277606010437,0.41006848216056824,-0.1677839159965515,0.8329762816429138,0.6291154026985168,0.43805503845214844,-0.2597642242908478,0.9361201524734497,0.7491503357887268,0.3325338065624237,-0.340598464012146,0.9394011497497559,0.6183335185050964,0.35165807604789734,-0.4373408854007721,0.9873303174972534,0.7521679997444153,0.30774417519569397,-0.37713584303855896,0.9421380162239075,0.6160683035850525,0.3208039402961731,-0.4821653366088867,0.984384298324585,0.7512527704238892,0.29977378249168396,-0.3777458071708679,0.9415018558502197,0.6156740188598633,0.3174671530723572,-0.4752187728881836,0.9817925691604614,0.7483726739883423,0.3107353150844574,-0.34714043140411377,0.9238986968994141,0.6169231534004211,0.3298279643058777,-0.4422377645969391,0.9682649970054626,0.7025390863418579,0.6432422399520874,0.026057031005620956,0.9999867081642151,0.6592397093772888,0.6401832699775696,-0.026255423203110695,0.9999863505363464,0.7419794201850891,0.7647813558578491,-0.041302163153886795,0.6937025785446167,0.6124811768531799,0.760463535785675,-0.11350550502538681,0.865671694278717,0.6996240615844727,0.8886290192604065,0.0755237564444542,0.8166394233703613,0.54847252368927,0.8690226078033447,-0.12082814425230026,0.9693108201026917,0.6858158707618713,0.9127976298332214,0.08186771720647812,0.8477477431297302,0.5368439555168152,0.8962386846542358,-0.12660494446754456,0.8434727787971497,0.7335414290428162,0.9283161163330078,-0.006849043071269989,0.8657010793685913,0.5288264155387878,0.8928906321525574,-0.2425091415643692,0.9627025127410889
160,0.6654500961303711,0.37353843450546265,-0.16103364527225494,0.9999805092811584,0.6680282354354858,0.3615715801715851,-0.14343135058879852,0.9999562501907349,0.6710525155067444,0.36110299825668335,-0.14363251626491547,0.9999303221702576,0.6740930080413818,0.3611277639865875,-0.14358492195606232,0.9999585151672363,0.6603060364723206,0.3651038110256195,-0.14711250364780426,0.999976396560669,0.6573485136032104,0.3678933382034302,-0.14731964468955994,0.9999756217002869,0.6545405983924866,0.37111660838127136,-0.14735759794712067,0.9999768137931824,0.6787030696868896,0.3696456849575043,-0.06018080934882164,0.99996018409729,0.6536495089530945,0.38300448656082153,-0.07601574808359146,0.9999221563339233,0.6723130345344543,0.38684991002082825,-0.1303928941488266,0.9999369382858276,0.6631848216056824,0.3919373154640198,-0.1361011415719986,0.9999259114265442,0.7064292430877686,0.4540325701236725,-0.03297712653875351,0.9999290704727173,0.6464903354644775,0.4618383049964905,-0.09080047160387039,0.9998496770858765,0.7366966009140015,0.41098880767822266,-0.18596771359443665,0.8337041139602661,0.6290978193283081,0.435806542634964,-0.27375805377960205,0.9372714161872864,0.7504212856292725,0.33355870842933655,-0.3584012985229492,0.938068151473999,0.6178368926048279,0.3514304459095001,-0.45505189895629883,0.9879390001296997,0.7537444829940796,0.30820897221565247,-0.39558669924736023,0.9414733648300171,0.6151207685470581,0.32092851400375366,-0.5003421306610107,0.9851793646812439,0.7531229257583618,0.2999799847602844,-0.3959350287914276,0.9409955143928528,0.6147747039794922,0.3177644610404968,-0.49364757537841797,0.9827459454536438,0.7503268718719482,0.3107851445674896,-0.3648935854434967,0.9231491088867188,0.6162795424461365,0.33031991124153137,-0.460187166929245,0.9699631333351135,0.7029617428779602,0.6441442370414734,0.02493095025420189,0.9999863505363464,0.6597562432289124,0.6415831446647644,-0.025128426030278206,0.9999863505363464,0.7429278492927551,0.7658047080039978,-0.046197544783353806,0.6870951056480408,0.6109592914581299,0.7609546184539795,-0.11022009700536728,0.8626391291618347,0.6995878219604492,0.8884172439575195,0.07704991847276688,0.8116051554679871,0.5484145879745483,0.8693276047706604,-0.11531035602092743,0.969561755657196,0.6857782006263733,0.9125831127166748,0.08406548947095871,0.8437948822975159,0.5371248722076416,0.8989006280899048,-0.12106999009847641,0.8428007960319519,0.733416736125946,0.9280433654785156,-0.0026243410538882017,0.8627252578735352,0.5276281833648682,0.8869487047195435,-0.23594540357589722,0.9626991748809814
161,0.6665926575660706,0.3735004663467407,-0.13441769778728485,0.9999818801879883,0.6688650250434875,0.3615564703941345,-0.11592210084199905,0.999958872795105,0.6719251275062561,0.36107826232910156,-0.1161048635840416,0.9999347925186157,0.6749879121780396,0.3610880672931671,-0.11605434119701385,0.9999606609344482,0.6615044474601746,0.3650556206703186,-0.12032207101583481,0.9999780058860779,0.6584910750389099,0.3678438067436218,-0.12052381783723831,0.9999774098396301,0.6555061936378479,0.37106814980506897,-0.12057171761989594,0.9999784231185913,0.6796340942382812,0.3697117865085602,-0.03145262971520424,0.9999622702598572,0.6542485356330872,0.383176326751709,-0.05070216581225395,0.9999279379844666,0.6734282970428467,0.3869151473045349,-0.10337159037590027,0.999939501285553,0.6642715334892273,0.39204490184783936,-0.11008439213037491,0.9999298453330994,0.7075050473213196,0.4543384611606598,-0.000713716319296509,0.9999275803565979,0.6471366286277771,0.4621231257915497,-0.06733734160661697,0.9998536705970764,0.7391789555549622,0.4105966091156006,-0.13066747784614563,0.8327210545539856,0.6291750073432922,0.4356105625629425,-0.244003564119339,0.9373505711555481,0.752394437789917,0.32787537574768066,-0.26416242122650146,0.9370583891868591,0.6168220043182373,0.3516974449157715,-0.4217754304409027,0.9884615540504456,0.7565576434135437,0.30186501145362854,-0.29416078329086304,0.9414680004119873,0.6131415963172913,0.32094594836235046,-0.46600142121315,0.9859318733215332,0.7563731074333191,0.29493504762649536,-0.2985820472240448,0.941368579864502,0.612993061542511,0.3175598680973053,-0.45702049136161804,0.9836715459823608,0.7535573840141296,0.3046654164791107,-0.271328866481781,0.9243106245994568,0.614973247051239,0.3301874101161957,-0.42565101385116577,0.9717112183570862,0.7033750414848328,0.6457151770591736,0.02508477121591568,0.9999863505363464,0.6600788235664368,0.6426146626472473,-0.02527914009988308,0.9999865293502808,0.7437021136283875,0.7664672136306763,-0.04372572898864746,0.6929908394813538,0.6103324890136719,0.7614113688468933,-0.11296799778938293,0.8666115403175354,0.6996277570724487,0.8878951668739319,0.07747757434844971,0.8171026110649109,0.5484064817428589,0.8693879842758179,-0.1228446289896965,0.9706820845603943,0.6857842803001404,0.9124153852462769,0.08399371057748795,0.8468916416168213,0.5371107459068298,0.8988041281700134,-0.1283978372812271,0.8468641042709351,0.7333890199661255,0.9276949763298035,-0.0014572333311662078,0.8668381571769714,0.5274707078933716,0.8859493732452393,-0.24028600752353668,0.9638936519622803
162,0.6675959229469299,0.3734642565250397,-0.12635236978530884,0.9999833703041077,0.6700713634490967,0.36156514286994934,-0.10724902153015137,0.9999619126319885,0.6733260750770569,0.3610970079898834,-0.10742654651403427,0.9999397993087769,0.6764330267906189,0.36110997200012207,-0.1073751449584961,0.9999633431434631,0.6624562740325928,0.36502212285995483,-0.11125940829515457,0.9999797344207764,0.65940922498703,0.3678041994571686,-0.1114567294716835,0.9999792575836182,0.65635746717453,0.3710298240184784,-0.11149810999631882,0.999980092048645,0.6808722019195557,0.369951993227005,-0.022164952009916306,0.9999648928642273,0.6549515128135681,0.3832305371761322,-0.03995079919695854,0.9999337792396545,0.6747158765792847,0.3870845437049866,-0.09529446065425873,0.9999430179595947,0.6650499105453491,0.39208993315696716,-0.10153600573539734,0.9999344944953918,0.7081973552703857,0.45457133650779724,0.008102933876216412,0.999927282333374,0.6479253768920898,0.46224814653396606,-0.058184895664453506,0.9998593330383301,0.7398872971534729,0.4105490446090698,-0.11890056729316711,0.8372749090194702,0.6292344331741333,0.43512675166130066,-0.23560555279254913,0.9397470951080322,0.7536696791648865,0.32784608006477356,-0.2592707574367523,0.9385061860084534,0.6161161065101624,0.3521752953529358,-0.40322962403297424,0.9891725778579712,0.7578060626983643,0.3015998303890228,-0.2903420627117157,0.9430675506591797,0.6119880080223083,0.3210403025150299,-0.4452704191207886,0.9868201613426208,0.75795978307724,0.2948957085609436,-0.2934354543685913,0.9431849122047424,0.6120928525924683,0.3174877166748047,-0.4415769577026367,0.9847410917282104,0.7550898790359497,0.30472734570503235,-0.26603633165359497,0.9270855784416199,0.6143829822540283,0.3305021822452545,-0.4090675711631775,0.9736713767051697,0.7035067081451416,0.6462802290916443,0.025122322142124176,0.9999863505363464,0.6607147455215454,0.6434051990509033,-0.02531769871711731,0.9999866485595703,0.7441734671592712,0.7670315504074097,-0.04835900291800499,0.7021040320396423,0.6105660200119019,0.7614926695823669,-0.11305847764015198,0.8716048002243042,0.6996039152145386,0.8880852460861206,0.07260114699602127,0.8225201368331909,0.5482662320137024,0.8693362474441528,-0.12629111111164093,0.9718299508094788,0.6857170462608337,0.9124947786331177,0.0792672336101532,0.8509339094161987,0.537154495716095,0.8984349966049194,-0.13189640641212463,0.8515856862068176,0.7333840131759644,0.9273227453231812,-0.004880700726062059,0.8714147210121155,0.5270153880119324,0.8845381736755371,-0.24332156777381897,0.9652449488639832
163,0.6684440970420837,0.37347090244293213,-0.13900677859783173,0.9999848008155823,0.67103511095047,0.36162975430488586,-0.12089286744594574,0.9999650716781616,0.674393355846405,0.36119344830513,-0.12107890099287033,0.9999449253082275,0.6775040030479431,0.36122599244117737,-0.12102825194597244,0.9999662041664124,0.6630954146385193,0.3650337755680084,-0.12400302290916443,0.9999814629554749,0.6599451303482056,0.3678002953529358,-0.12419461458921432,0.9999810457229614,0.6568539142608643,0.3710634410381317,-0.1242271363735199,0.9999817609786987,0.6817971467971802,0.37029996514320374,-0.03729752451181412,0.999967634677887,0.6553935408592224,0.3834780156612396,-0.0508435033261776,0.999939501285553,0.6756776571273804,0.3873801827430725,-0.10835853964090347,0.9999470114707947,0.6656334400177002,0.3922477066516876,-0.11342331022024155,0.9999394416809082,0.7084380984306335,0.4550214409828186,-0.009175336919724941,0.9999298453330994,0.6485846042633057,0.4623911678791046,-0.06266706436872482,0.9998670816421509,0.7398586273193359,0.4121277928352356,-0.14013640582561493,0.844608724117279,0.6297996044158936,0.4352551996707916,-0.2316221445798874,0.9413687586784363,0.7543751001358032,0.33049699664115906,-0.2952920198440552,0.9413105249404907,0.615230917930603,0.35485750436782837,-0.40418699383735657,0.9898778796195984,0.7586658596992493,0.30337804555892944,-0.3287965953350067,0.9457881450653076,0.6113183498382568,0.3238556683063507,-0.44670847058296204,0.987729012966156,0.7586286067962646,0.2970324456691742,-0.33202677965164185,0.9460568428039551,0.6108819246292114,0.3203309178352356,-0.44347503781318665,0.9858288764953613,0.7555610537528992,0.3079357445240021,-0.3023321032524109,0.9309260249137878,0.6130968928337097,0.3332984745502472,-0.41036757826805115,0.9756269454956055,0.7035953998565674,0.6466847658157349,0.023810358718037605,0.9999861717224121,0.6607286930084229,0.643462061882019,-0.02401062101125717,0.9999865889549255,0.7442103624343872,0.7668636441230774,-0.05200040712952614,0.7054318785667419,0.6110007166862488,0.7614313960075378,-0.11173227429389954,0.8726349472999573,0.6996548175811768,0.8874170184135437,0.07042240351438522,0.8221380710601807,0.5487427115440369,0.8691959977149963,-0.11671177297830582,0.9720836877822876,0.6857202649116516,0.9119958281517029,0.07734110951423645,0.8503592610359192,0.5377616882324219,0.898405134677887,-0.1220269650220871,0.8529840111732483,0.7332482933998108,0.9262809157371521,-0.0064903865568339825,0.872836172580719,0.5265269875526428,0.8813926577568054,-0.23187261819839478,0.9656586647033691
164,0.6691974401473999,0.37354913353919983,-0.1408831626176834,0.9999861717224121,0.6718060970306396,0.3616619408130646,-0.12244302779436111,0.9999679923057556,0.6752110719680786,0.3612646460533142,-0.12262599170207977,0.9999496340751648,0.6783195734024048,0.361328661441803,-0.12257388234138489,0.999968945980072,0.6636882424354553,0.3650527894496918,-0.1261858344078064,0.999983012676239,0.6604522466659546,0.36782145500183105,-0.1263783723115921,0.9999827146530151,0.6573211550712585,0.3711461126804352,-0.1264113038778305,0.9999833106994629,0.6826648712158203,0.37062737345695496,-0.037525154650211334,0.9999702572822571,0.6558552980422974,0.3838667869567871,-0.05394886061549187,0.9999446272850037,0.6764758825302124,0.3876563608646393,-0.10966514050960541,0.9999507665634155,0.6661860942840576,0.392528235912323,-0.11557339876890182,0.9999439120292664,0.7087154388427734,0.4554019272327423,-0.006186733487993479,0.9999321699142456,0.6489335894584656,0.4624647796154022,-0.06558682024478912,0.999871551990509,0.7405882477760315,0.4124468266963959,-0.1316748410463333,0.8511202335357666,0.6297823786735535,0.43371114134788513,-0.23013752698898315,0.9427418112754822,0.7555767297744751,0.33123964071273804,-0.28984758257865906,0.9436749219894409,0.614439845085144,0.35452377796173096,-0.39417579770088196,0.9901715517044067,0.76038658618927,0.30354806780815125,-0.3243025243282318,0.9479686617851257,0.6100274920463562,0.3238179087638855,-0.4351756274700165,0.9881196618080139,0.7599223256111145,0.29738524556159973,-0.324436753988266,0.9484077095985413,0.6097573637962341,0.3211107552051544,-0.4337084889411926,0.9863594174385071,0.7565454840660095,0.3086816668510437,-0.2958444058895111,0.9341199398040771,0.6120119094848633,0.33323368430137634,-0.4009183645248413,0.9767638444900513,0.7041734457015991,0.6465396881103516,0.0240981113165617,0.9999859929084778,0.6615972518920898,0.6433166265487671,-0.024297654628753662,0.999986469745636,0.7442594766616821,0.7669214606285095,-0.05157414823770523,0.7083688378334045,0.6117162704467773,0.7613840699195862,-0.11337380856275558,0.8744286894798279,0.699721097946167,0.8876762390136719,0.06977889686822891,0.8236890435218811,0.5490243434906006,0.868756115436554,-0.1223001778125763,0.972364604473114,0.6857441067695618,0.9121236801147461,0.07632129639387131,0.8514235019683838,0.5378355383872986,0.8974435329437256,-0.12798073887825012,0.8539049625396729,0.733242928981781,0.9256349205970764,-0.010667708702385426,0.874923825263977,0.5278791785240173,0.8821980953216553,-0.23924608528614044,0.9660879373550415
165,0.6699149012565613,0.37358391284942627,-0.13766278326511383,0.9999873638153076,0.6726123094558716,0.3616788387298584,-0.1192893460392952,0.999970555305481,0.6761442422866821,0.3613125681877136,-0.11947523802518845,0.9999538064002991,0.6792361736297607,0.36140960454940796,-0.11942452937364578,0.999971330165863,0.6642192006111145,0.3650456666946411,-0.12268238514661789,0.9999844431877136,0.6609407067298889,0.3678046762943268,-0.12287727743387222,0.9999841451644897,0.6577774882316589,0.37113359570503235,-0.12290831655263901,0.9999846816062927,0.6835946440696716,0.3708844482898712,-0.0351431630551815,0.9999725818634033,0.6563012599945068,0.384018212556839,-0.05003470182418823,0.9999492168426514,0.6772629022598267,0.38802918791770935,-0.10684674233198166,0.9999539852142334,0.6666057705879211,0.39285457134246826,-0.11230438202619553,0.9999479055404663,0.7092540860176086,0.4557197093963623,-0.007453086320310831,0.9999339580535889,0.6493985056877136,0.4626258909702301,-0.06378895789384842,0.9998763203620911,0.7407700419425964,0.41289272904396057,-0.1463918387889862,0.8572919964790344,0.6299912929534912,0.4337475299835205,-0.2295123040676117,0.9441795349121094,0.7563760280609131,0.33209654688835144,-0.31512635946273804,0.9459333419799805,0.6139897704124451,0.3567161560058594,-0.39732125401496887,0.9905383586883545,0.761816143989563,0.30414819717407227,-0.3509134352207184,0.9500309228897095,0.6092880964279175,0.32557159662246704,-0.43889179825782776,0.988594114780426,0.7612589001655579,0.29808712005615234,-0.3531450033187866,0.9505557417869568,0.6090478897094727,0.32313409447669983,-0.4374091923236847,0.986955463886261,0.7578141093254089,0.3090469539165497,-0.3222295939922333,0.936924159526825,0.6113870143890381,0.33536526560783386,-0.40422528982162476,0.9779041409492493,0.7045565843582153,0.6474308967590332,0.02421957440674305,0.9999861121177673,0.6618554592132568,0.643967866897583,-0.024421710520982742,0.9999866485595703,0.7451228499412537,0.7671465277671814,-0.04782506451010704,0.7108367681503296,0.6125298142433167,0.7613563537597656,-0.11335916817188263,0.8764516115188599,0.6997402310371399,0.8877089619636536,0.07541029900312424,0.8245670199394226,0.5495063662528992,0.8686662316322327,-0.1199997141957283,0.9729226231575012,0.6857503056526184,0.9121225476264954,0.08193822205066681,0.8523451685905457,0.5381831526756287,0.8974016904830933,-0.12556500732898712,0.8562641739845276,0.7332442402839661,0.9254347085952759,-0.0032663987949490547,0.8763605356216431,0.5277869701385498,0.8821209073066711,-0.23649874329566956,0.9667752981185913
166,0.6704367995262146,0.3738842010498047,-0.14457322657108307,0.999988317489624,0.6734853386878967,0.36183732748031616,-0.12666958570480347,0.9999726414680481,0.6771739721298218,0.36155134439468384,-0.12685750424861908,0.999957263469696,0.6801079511642456,0.3617313802242279,-0.12680569291114807,0.9999732375144958,0.6646568179130554,0.3651945888996124,-0.12956131994724274,0.9999855756759644,0.6613250374794006,0.3679156005382538,-0.1297585517168045,0.9999853372573853,0.6582164764404297,0.3712264597415924,-0.1297895461320877,0.9999857544898987,0.6842057108879089,0.3713808059692383,-0.044032320380210876,0.9999743103981018,0.6567547917366028,0.38416263461112976,-0.0564565546810627,0.9999529719352722,0.6777490973472595,0.38858914375305176,-0.11428714543581009,0.9999561905860901,0.6668072938919067,0.39319270849227905,-0.11905985325574875,0.9999507665634155,0.709876298904419,0.45581623911857605,-0.018320387229323387,0.9999345541000366,0.6496462225914001,0.4628736972808838,-0.06922074407339096,0.9998794198036194,0.7407184839248657,0.41457971930503845,-0.16238713264465332,0.862610399723053,0.6302359700202942,0.4339742660522461,-0.22867512702941895,0.9456334114074707,0.7576476335525513,0.33579546213150024,-0.3340905010700226,0.9474078416824341,0.613684892654419,0.35872405767440796,-0.3941022455692291,0.9908267855644226,0.7633306980133057,0.306978315114975,-0.370364785194397,0.9513601064682007,0.6083586812019348,0.33126556873321533,-0.43510517477989197,0.9889599680900574,0.7625344395637512,0.30093565583229065,-0.37377849221229553,0.952027440071106,0.6078492999076843,0.3272537887096405,-0.435021311044693,0.9874469637870789,0.7588836550712585,0.31245604157447815,-0.3418187201023102,0.9389939904212952,0.6104558706283569,0.3378649353981018,-0.4015599191188812,0.9789037108421326,0.7046496868133545,0.648007869720459,0.02412344701588154,0.9999858140945435,0.6618325710296631,0.6446840167045593,-0.024327952414751053,0.999986469745636,0.7454642653465271,0.7670803070068359,-0.049459826201200485,0.7130783200263977,0.6131230592727661,0.7610449194908142,-0.11311938613653183,0.8774811625480652,0.6998245716094971,0.8876742720603943,0.06775234639644623,0.8257427215576172,0.5499083995819092,0.8681862354278564,-0.1201605275273323,0.9731209874153137,0.6859408020973206,0.9121266007423401,0.07338907569646835,0.8526912927627563,0.5382362008094788,0.8966470956802368,-0.1259170025587082,0.8564664125442505,0.7331980466842651,0.9250941276550293,-0.014349428005516529,0.8780573010444641,0.5299923419952393,0.8829652070999146,-0.23802347481250763,0.967083752155304
167,0.6704961061477661,0.3743491470813751,-0.13991664350032806,0.9999892115592957,0.6736335754394531,0.3621627688407898,-0.12324207276105881,0.9999744296073914,0.6772764325141907,0.36189278960227966,-0.12346026301383972,0.99996018409729,0.6803139448165894,0.3621338903903961,-0.12342988699674606,0.99997478723526,0.6649665236473083,0.36545485258102417,-0.12849685549736023,0.9999865889549255,0.66172856092453,0.3680601716041565,-0.1286853700876236,0.9999864101409912,0.6587088108062744,0.37129050493240356,-0.1287289559841156,0.9999867677688599,0.6845538020133972,0.37189608812332153,-0.03820687532424927,0.9999756813049316,0.657329261302948,0.3841724991798401,-0.04242461547255516,0.9999562501907349,0.677628219127655,0.3893021047115326,-0.11211533844470978,0.9999578595161438,0.6668084263801575,0.3934517204761505,-0.1156526431441307,0.9999531507492065,0.710469663143158,0.45582303404808044,-0.0009847342735156417,0.9999330043792725,0.6497800350189209,0.4630544185638428,-0.047778960317373276,0.9998807907104492,0.7420390844345093,0.41428160667419434,-0.1113542839884758,0.863085150718689,0.6301572322845459,0.43163231015205383,-0.1889265924692154,0.9452061057090759,0.7592692971229553,0.33445465564727783,-0.2612197995185852,0.9476193785667419,0.612657368183136,0.35848328471183777,-0.34872710704803467,0.9911147952079773,0.7650888562202454,0.305571973323822,-0.2928145229816437,0.9522461891174316,0.6072632670402527,0.3309308588504791,-0.38864392042160034,0.989419162273407,0.7646626234054565,0.2998848259449005,-0.2981930673122406,0.9531800150871277,0.6068900227546692,0.3265676200389862,-0.3882855176925659,0.9880375862121582,0.7611188292503357,0.31039777398109436,-0.26883581280708313,0.9407998919487,0.6095191836357117,0.3376353085041046,-0.35575973987579346,0.9800852537155151,0.7047699689865112,0.6478133201599121,0.024053629487752914,0.9999852776527405,0.6622536778450012,0.6446293592453003,-0.024261130020022392,0.9999859929084778,0.7458884716033936,0.7670183777809143,-0.05687860772013664,0.7130849361419678,0.6125868558883667,0.7610355615615845,-0.12052633613348007,0.877713143825531,0.7000613808631897,0.8870541453361511,0.046881984919309616,0.8267282843589783,0.550184965133667,0.8673968315124512,-0.13151921331882477,0.9730780720710754,0.6861801743507385,0.9119924902915955,0.05148954316973686,0.8529271483421326,0.5382950305938721,0.8961448669433594,-0.1374199241399765,0.8574885129928589,0.7331250905990601,0.9245054125785828,-0.038025934249162674,0.8790611028671265,0.5299951434135437,0.881217896938324,-0.249263733625412,0.9670560359954834
168,0.6705703139305115,0.3748989999294281,-0.13490863144397736,0.9999900460243225,0.6736473441123962,0.3623882532119751,-0.11725788563489914,0.9999762773513794,0.6771754026412964,0.3620997965335846,-0.1174536868929863,0.9999631643295288,0.6802963018417358,0.3623596131801605,-0.11741050332784653,0.9999765157699585,0.6653738617897034,0.3656744062900543,-0.1220676526427269,0.9999875426292419,0.6622873544692993,0.36819592118263245,-0.12226080894470215,0.9999873638153076,0.6593030095100403,0.37134143710136414,-0.12231170386075974,0.9999876618385315,0.6849581003189087,0.3721500039100647,-0.03464183956384659,0.999977171421051,0.6580850481987,0.38416463136672974,-0.040801454335451126,0.9999591112136841,0.6775535345077515,0.3900817930698395,-0.10582944005727768,0.9999598264694214,0.667025625705719,0.39377927780151367,-0.11048424988985062,0.999955415725708,0.7110159993171692,0.45594522356987,-0.009710529819130898,0.9999330043792725,0.6501262187957764,0.46332699060440063,-0.045228373259305954,0.9998798370361328,0.7424951195716858,0.41450828313827515,-0.15067097544670105,0.8709642291069031,0.6302109956741333,0.43169546127319336,-0.1655597984790802,0.9468838572502136,0.7599107623100281,0.33575090765953064,-0.32297882437705994,0.9494770765304565,0.6122034192085266,0.3591171205043793,-0.2959500551223755,0.9909384250640869,0.7663800716400146,0.30629897117614746,-0.3594275116920471,0.9533664584159851,0.6067559123039246,0.3315841257572174,-0.33072012662887573,0.9890772104263306,0.7656469345092773,0.30067574977874756,-0.3629140853881836,0.9543717503547668,0.6065152287483215,0.3280073404312134,-0.3331277668476105,0.9877972602844238,0.7617945075035095,0.3117744028568268,-0.3306785821914673,0.9425497651100159,0.6091746091842651,0.3389003872871399,-0.3035593628883362,0.9802348017692566,0.7047612071037292,0.6477154493331909,0.02146984450519085,0.999984860420227,0.6622465252876282,0.6445140838623047,-0.021682828664779663,0.9999856948852539,0.7461398243904114,0.7669135332107544,-0.06654134392738342,0.7155993580818176,0.6134164929389954,0.7600103616714478,-0.11995269358158112,0.8786181807518005,0.7002488374710083,0.8865227103233337,0.036745987832546234,0.8206995725631714,0.5503240823745728,0.8674092888832092,-0.13221286237239838,0.9722693562507629,0.6863259077072144,0.9118843078613281,0.04132761433720589,0.8460374474525452,0.5384565591812134,0.8961506485939026,-0.1385701596736908,0.8549020886421204,0.7331250309944153,0.923931360244751,-0.047001104801893234,0.8753122687339783,0.5299564003944397,0.879361093044281,-0.25011900067329407,0.9663320779800415
169,0.6708348393440247,0.37513983249664307,-0.12961527705192566,0.999990701675415,0.6739654541015625,0.3625774383544922,-0.11203953623771667,0.9999775290489197,0.6774412393569946,0.36230790615081787,-0.11221475899219513,0.9999651908874512,0.680621862411499,0.362600177526474,-0.11216448992490768,0.9999776482582092,0.665985107421875,0.36584708094596863,-0.11347467452287674,0.9999881982803345,0.6630860567092896,0.3682847321033478,-0.1136690154671669,0.9999880194664001,0.6601405739784241,0.37136492133140564,-0.11370150744915009,0.999988317489624,0.6853345632553101,0.37235069274902344,-0.0343121774494648,0.9999778866767883,0.6589024662971497,0.3841204345226288,-0.03322622552514076,0.9999609589576721,0.6777271628379822,0.3902321755886078,-0.1017589271068573,0.9999606609344482,0.6674423217773438,0.3938492238521576,-0.10316281765699387,0.9999565482139587,0.7117764353752136,0.4559188187122345,-0.006405051331967115,0.999931275844574,0.6506130695343018,0.46344152092933655,-0.038393840193748474,0.9998778104782104,0.7432172894477844,0.4145682156085968,-0.14315375685691833,0.8745381832122803,0.6303913593292236,0.4327124357223511,-0.15491677820682526,0.9466432929039001,0.7612163424491882,0.3357139229774475,-0.30985721945762634,0.9482454061508179,0.6121195554733276,0.36109137535095215,-0.28724944591522217,0.9902677536010742,0.7679856419563293,0.3063336908817291,-0.3451618552207947,0.9515156149864197,0.6062875986099243,0.33444130420684814,-0.32262831926345825,0.9881740212440491,0.7675358653068542,0.3006320595741272,-0.3488318622112274,0.9527258276939392,0.606096625328064,0.33096253871917725,-0.32587677240371704,0.9869875907897949,0.7636058926582336,0.3116709589958191,-0.3173709511756897,0.9410545825958252,0.6089168190956116,0.3415633738040924,-0.29519912600517273,0.9795286059379578,0.7053276896476746,0.6476662158966064,0.020067717880010605,0.999984622001648,0.6627542972564697,0.6444153189659119,-0.020281251519918442,0.9999855160713196,0.7461740970611572,0.7669603824615479,-0.06430340558290482,0.7136985063552856,0.6140448451042175,0.7589578628540039,-0.11857625842094421,0.8767675757408142,0.7002743482589722,0.8865248560905457,0.04271260276436806,0.8093110918998718,0.5503253936767578,0.8679758906364441,-0.13362431526184082,0.9707465767860413,0.6863270998001099,0.9120581746101379,0.047702450305223465,0.8353539109230042,0.5386727452278137,0.8972930312156677,-0.14048205316066742,0.8508040308952332,0.7331724166870117,0.9238604307174683,-0.03952646628022194,0.8662618398666382,0.527819812297821,0.874707818031311,-0.25161102414131165,0.9646251797676086
170,0.6712795495986938,0.37554195523262024,-0.1379954218864441,0.9999912977218628,0.6744052767753601,0.3628251552581787,-0.1203976422548294,0.9999786019325256,0.677783727645874,0.3625822961330414,-0.12057072669267654,0.9999670386314392,0.6809180974960327,0.36294201016426086,-0.12052372097969055,0.99997878074646,0.6665785908699036,0.36614659428596497,-0.12154778838157654,0.9999886751174927,0.6637417674064636,0.3685445189476013,-0.12174221873283386,0.9999884963035583,0.6608041524887085,0.37154677510261536,-0.12176282703876495,0.9999887943267822,0.6856555938720703,0.3728329837322235,-0.042343009263277054,0.9999786615371704,0.6597214341163635,0.3841240704059601,-0.04458697885274887,0.9999619722366333,0.6780773401260376,0.3906159996986389,-0.10947063565254211,0.9999615550041199,0.6680029630661011,0.39402663707733154,-0.11158827692270279,0.9999573230743408,0.7121864557266235,0.45614832639694214,-0.01911134645342827,0.9999309778213501,0.6507576107978821,0.46362754702568054,-0.04248855262994766,0.9998711347579956,0.7435612082481384,0.4150436520576477,-0.1547994762659073,0.8803251385688782,0.6293290853500366,0.42489737272262573,-0.1535521000623703,0.9478467106819153,0.7624595761299133,0.33819976449012756,-0.32335996627807617,0.9482322335243225,0.6104581952095032,0.3546854257583618,-0.26453715562820435,0.9888721704483032,0.7693811058998108,0.3087421953678131,-0.35929611325263977,0.9499262571334839,0.6034371256828308,0.32837536931037903,-0.2962445616722107,0.985791027545929,0.7684858441352844,0.30294787883758545,-0.36318764090538025,0.951208770275116,0.6036990284919739,0.3275616466999054,-0.30039218068122864,0.9846413731575012,0.7644434571266174,0.31458404660224915,-0.3311154544353485,0.9395992755889893,0.6070632338523865,0.33542466163635254,-0.27241724729537964,0.9770975112915039,0.7060427069664001,0.6476923823356628,0.019460530951619148,0.9999841451644897,0.6635391116142273,0.6443914771080017,-0.019673766568303108,0.9999850392341614,0.7467385530471802,0.7669258117675781,-0.0698397308588028,0.706635057926178,0.6146358847618103,0.7588669657707214,-0.11856262385845184,0.8730370998382568,0.7003203630447388,0.8865311741828918,0.03934323415160179,0.7891514897346497,0.5503261089324951,0.8685840964317322,-0.13533145189285278,0.9676967263221741,0.6863267421722412,0.9122547507286072,0.04461565986275673,0.8194335103034973,0.5387471914291382,0.8980264663696289,-0.14236599206924438,0.8423119783401489,0.7333019971847534,0.9238246083259583,-0.042382024228572845,0.8508498072624207,0.526978611946106,0.8737107515335083,-0.2538711130619049,0.9613242745399475
171,0.6719847321510315,0.3760892152786255,-0.1615355908870697,0.9999917149543762,0.6752921342849731,0.3635016083717346,-0.14418154954910278,0.9999792575836182,0.6788631081581116,0.36342450976371765,-0.14436663687229156,0.9999683499336243,0.68184494972229,0.3638385534286499,-0.1443166434764862,0.9999793171882629,0.6672702431678772,0.3666427731513977,-0.1461697220802307,0.9999890327453613,0.6644599437713623,0.3690322935581207,-0.1463729590177536,0.9999889731407166,0.6614896059036255,0.3720003068447113,-0.14640431106090546,0.9999891519546509,0.686436116695404,0.3735431432723999,-0.0634288340806961,0.9999790787696838,0.6603385806083679,0.3843509256839752,-0.0711127445101738,0.9999634027481079,0.6789951324462891,0.3910939693450928,-0.13177596032619476,0.9999616742134094,0.668696403503418,0.39438217878341675,-0.1352512389421463,0.9999579191207886,0.7129172086715698,0.4567408561706543,-0.037511665374040604,0.9999300241470337,0.6512401103973389,0.46389609575271606,-0.07636305689811707,0.9998716711997986,0.7441961765289307,0.41518434882164,-0.18325231969356537,0.8842862248420715,0.6294835805892944,0.42555490136146545,-0.20101122558116913,0.94840407371521,0.7638003826141357,0.33785688877105713,-0.3615659177303314,0.9477071166038513,0.6103554368019104,0.35767871141433716,-0.33342868089675903,0.9887285232543945,0.7705997824668884,0.3086550831794739,-0.39975592494010925,0.9492678046226501,0.6028310656547546,0.3323271870613098,-0.36963292956352234,0.9856884479522705,0.7699331641197205,0.3027993142604828,-0.4043704867362976,0.9507333636283875,0.6033324003219604,0.330720990896225,-0.3772077262401581,0.9846251606941223,0.7661076188087463,0.31444495916366577,-0.370067298412323,0.9393784999847412,0.606924831867218,0.3404574692249298,-0.34334710240364075,0.9772636294364929,0.7060974836349487,0.6480858325958252,0.019621802493929863,0.9999838471412659,0.6637408137321472,0.6444849371910095,-0.019835561513900757,0.9999848008155823,0.7467822432518005,0.7666050791740417,-0.06650856882333755,0.7105631828308105,0.6149098873138428,0.7592765092849731,-0.1133727878332138,0.8740016222000122,0.7005717158317566,0.8865270614624023,0.04410292208194733,0.7879860401153564,0.5503670573234558,0.8685754537582397,-0.12408564239740372,0.9677420258522034,0.6865726113319397,0.9122394323348999,0.05011530965566635,0.8185852766036987,0.5386767983436584,0.8978293538093567,-0.1305212527513504,0.8411408066749573,0.733640730381012,0.9237828850746155,-0.03970492631196976,0.8505767583847046,0.5270673036575317,0.8747282028198242,-0.2447488009929657,0.961259663105011
172,0.6727895140647888,0.3762023150920868,-0.1493343710899353,0.9999921917915344,0.676396369934082,0.363970011472702,-0.1315096914768219,0.9999802112579346,0.6800287365913391,0.3642520606517792,-0.13169069588184357,0.999970018863678,0.6828267574310303,0.36488035321235657,-0.13163991272449493,0.9999802708625793,0.668138325214386,0.3666944205760956,-0.13375093042850494,0.9999895095825195,0.665393054485321,0.3690331280231476,-0.13395006954669952,0.9999895095825195,0.6623398065567017,0.3719979226589203,-0.13398012518882751,0.9999896287918091,0.6871684193611145,0.3746888339519501,-0.0504007413983345,0.9999799728393555,0.6609348654747009,0.3843725323677063,-0.0595972016453743,0.9999648928642273,0.6797998547554016,0.3913571536540985,-0.11954053491353989,0.9999629259109497,0.6691967844963074,0.3944748342037201,-0.12341128289699554,0.9999593496322632,0.7131528854370117,0.45726191997528076,-0.02471885271370411,0.9999315142631531,0.6516201496124268,0.46412304043769836,-0.07164433598518372,0.9998717308044434,0.7447758316993713,0.4154874384403229,-0.17904002964496613,0.8898167610168457,0.6300147771835327,0.42891207337379456,-0.1783052533864975,0.9471948742866516,0.7652443051338196,0.3377077877521515,-0.3504999577999115,0.9494646787643433,0.6102619171142578,0.3602187931537628,-0.31470564007759094,0.9882436990737915,0.7724364995956421,0.3084661364555359,-0.39045095443725586,0.950812041759491,0.6020391583442688,0.33249431848526,-0.3510270118713379,0.9852878451347351,0.7716171145439148,0.3025990426540375,-0.38781437277793884,0.9523915648460388,0.6026923060417175,0.3307667076587677,-0.35625216364860535,0.9843263626098633,0.7675005793571472,0.31419768929481506,-0.36945074796676636,0.9416247010231018,0.606613278388977,0.34187179803848267,-0.3236672580242157,0.9771807193756104,0.7064140439033508,0.6492271423339844,0.01995953544974327,0.9999837279319763,0.6639928221702576,0.6454561352729797,-0.02017282322049141,0.9999845623970032,0.7467487454414368,0.7665606737136841,-0.06369173526763916,0.7152737975120544,0.6152002811431885,0.7599256038665771,-0.10955233126878738,0.8740234971046448,0.7007617950439453,0.8864662647247314,0.05710442736744881,0.7824515104293823,0.5504076480865479,0.8694141507148743,-0.12266650050878525,0.9673523306846619,0.6867812275886536,0.9121639132499695,0.06370282918214798,0.8130792379379272,0.5389693975448608,0.9005061388015747,-0.12925471365451813,0.8400099873542786,0.7336980700492859,0.9236412048339844,-0.02052966319024563,0.8467239737510681,0.5256334543228149,0.8710446953773499,-0.24098794162273407,0.960739016532898
173,0.6733643412590027,0.3764764964580536,-0.14879710972309113,0.9999926090240479,0.6771719455718994,0.36437323689460754,-0.13122399151325226,0.9999809861183167,0.6808091402053833,0.3647941052913666,-0.13141003251075745,0.9999714493751526,0.6834771037101746,0.3654530942440033,-0.13136395812034607,0.9999809861183167,0.6687350869178772,0.3669200539588928,-0.13330496847629547,0.999989926815033,0.6659389734268188,0.3692189157009125,-0.13350017368793488,0.9999899864196777,0.6628707647323608,0.37217065691947937,-0.13352982699871063,0.9999900460243225,0.6877021193504333,0.37519770860671997,-0.05111097916960716,0.9999806880950928,0.6615491509437561,0.38454657793045044,-0.0595710352063179,0.9999663233757019,0.680539071559906,0.39163556694984436,-0.11933577060699463,0.9999639391899109,0.6697728037834167,0.3946487009525299,-0.12303002178668976,0.9999606013298035,0.7137084603309631,0.4577127695083618,-0.026745827868580818,0.9999328255653381,0.6519643068313599,0.4645339846611023,-0.06797726452350616,0.9998729228973389,0.7454202771186829,0.4159615635871887,-0.16432738304138184,0.8946624398231506,0.6303345561027527,0.43004199862480164,-0.19012406468391418,0.9469380378723145,0.7662201523780823,0.3384305238723755,-0.33289235830307007,0.9508635401725769,0.6102457642555237,0.36302411556243896,-0.336357980966568,0.9880558252334595,0.7741478085517883,0.3094467222690582,-0.3697223365306854,0.9520271420478821,0.601110577583313,0.3349147140979767,-0.3745458424091339,0.9852033853530884,0.7729902267456055,0.30350202322006226,-0.3741072416305542,0.9537244439125061,0.6019455790519714,0.33344754576683044,-0.38072559237480164,0.9843299984931946,0.7686080932617188,0.31505101919174194,-0.3435516655445099,0.943500816822052,0.6062367558479309,0.3450285494327545,-0.3462029993534088,0.9773715138435364,0.7067662477493286,0.6505197882652283,0.02016606554389,0.999983549118042,0.6641616225242615,0.6466131806373596,-0.020379366353154182,0.9999843239784241,0.7468361258506775,0.7665373086929321,-0.06278131902217865,0.7208329439163208,0.6151418685913086,0.7616159319877625,-0.10531101375818253,0.8739672303199768,0.7013682723045349,0.8865340352058411,0.058433737605810165,0.7806229591369629,0.5504122972488403,0.8700589537620544,-0.11748798191547394,0.9674234986305237,0.6872670650482178,0.9121463298797607,0.06492713838815689,0.8110674023628235,0.5391336679458618,0.9013378024101257,-0.12413094192743301,0.8398186564445496,0.7340384721755981,0.9235486388206482,-0.02059861831367016,0.8458818793296814,0.5255722403526306,0.8713918924331665,-0.23718762397766113,0.9607170224189758
174,0.6735764145851135,0.3774945139884949,-0.15966281294822693,0.9999929666519165,0.6774712800979614,0.36520516872406006,-0.14294402301311493,0.9999815821647644,0.6811109781265259,0.3656601011753082,-0.14313587546348572,0.9999725818634033,0.6837607026100159,0.3663511574268341,-0.14309611916542053,0.9999815821647644,0.6690908670425415,0.3676244020462036,-0.1446639448404312,0.9999901652336121,0.6662809252738953,0.36986348032951355,-0.14486216008663177,0.9999902248382568,0.6632747054100037,0.37268537282943726,-0.14489777386188507,0.9999902248382568,0.6880750060081482,0.3759792149066925,-0.06487725675106049,0.9999812841415405,0.6621426343917847,0.384754478931427,-0.0717131569981575,0.9999668002128601,0.6806231737136841,0.39272138476371765,-0.1307229995727539,0.9999645948410034,0.6699793934822083,0.39543434977531433,-0.13397009670734406,0.9999610185623169,0.7139631509780884,0.45842617750167847,-0.03880103677511215,0.9999342560768127,0.6521254777908325,0.4648837745189667,-0.07423097640275955,0.9998690485954285,0.7463228106498718,0.4162338078022003,-0.1623988300561905,0.9002889394760132,0.6298896074295044,0.4280777871608734,-0.19216325879096985,0.9461907744407654,0.7675720453262329,0.3389156758785248,-0.3255528509616852,0.9520244002342224,0.6090496778488159,0.3621767461299896,-0.3340519666671753,0.9861161708831787,0.7756574749946594,0.31022873520851135,-0.361908495426178,0.9526351690292358,0.5994046926498413,0.3344036936759949,-0.37054359912872314,0.9828734397888184,0.7744987607002258,0.30436113476753235,-0.36604899168014526,0.9544813632965088,0.6005144715309143,0.33304300904273987,-0.3770856559276581,0.982110321521759,0.7701801061630249,0.31585994362831116,-0.3345779776573181,0.9447720050811768,0.6047706604003906,0.34419435262680054,-0.3437119722366333,0.9751149415969849,0.7069529294967651,0.6516016125679016,0.020124047994613647,0.9999833106994629,0.6642696857452393,0.6476004123687744,-0.020334677770733833,0.9999837875366211,0.7472139000892639,0.767003059387207,-0.06439545005559921,0.7281642556190491,0.615045964717865,0.7628368735313416,-0.10007493197917938,0.8730074763298035,0.7013991475105286,0.8878265619277954,0.04851321876049042,0.781381368637085,0.5504153370857239,0.8702494502067566,-0.10415616631507874,0.9668187499046326,0.6873396039009094,0.9128555655479431,0.05390186607837677,0.8105209469795227,0.5393391847610474,0.9013822078704834,-0.1099383607506752,0.8383269309997559,0.7341036200523376,0.9235926270484924,-0.03548196703195572,0.8462783098220825,0.5255986452102661,0.8721535205841064,-0.22179634869098663,0.9599009156227112
175,0.6737564206123352,0.37826913595199585,-0.16786906123161316,0.9999929070472717,0.677712082862854,0.3659800589084625,-0.1511969417333603,0.9999809265136719,0.681352436542511,0.3664921522140503,-0.15138602256774902,0.9999720454216003,0.6839855909347534,0.3672785758972168,-0.1513483077287674,0.9999812245368958,0.669407308101654,0.3683432936668396,-0.1525668054819107,0.9999895095825195,0.6666645407676697,0.3705171048641205,-0.15276901423931122,0.9999894499778748,0.6637088060379028,0.3732108473777771,-0.15280570089817047,0.99998939037323,0.6885399222373962,0.3770301043987274,-0.07239219546318054,0.999980628490448,0.6627293825149536,0.38494977355003357,-0.0773966982960701,0.9999629855155945,0.6806390285491943,0.39351797103881836,-0.13839323818683624,0.9999631643295288,0.6700693368911743,0.3959525525569916,-0.1411622017621994,0.9999583959579468,0.714352011680603,0.45890331268310547,-0.04259044677019119,0.999934196472168,0.6523148417472839,0.46534302830696106,-0.07350862771272659,0.9998530745506287,0.7469116449356079,0.41706812381744385,-0.15889409184455872,0.9052317142486572,0.6281053423881531,0.4240061640739441,-0.17246097326278687,0.9455377459526062,0.7683015465736389,0.3399065136909485,-0.32393309473991394,0.9525499939918518,0.6062381863594055,0.3576066493988037,-0.2858181297779083,0.981393575668335,0.7765153646469116,0.31155815720558167,-0.3590562641620636,0.9518198370933533,0.5959072113037109,0.327764093875885,-0.31783249974250793,0.9759149551391602,0.7755225896835327,0.3056061863899231,-0.3637654483318329,0.9538196325302124,0.5967562794685364,0.32741013169288635,-0.324779212474823,0.9752496480941772,0.7712780833244324,0.3170517683029175,-0.33406925201416016,0.9443323016166687,0.6011919379234314,0.33772480487823486,-0.2949637174606323,0.9678753614425659,0.7070618867874146,0.6531392335891724,0.0196541678160429,0.9999828934669495,0.6644183993339539,0.6489866375923157,-0.019860008731484413,0.9999829530715942,0.7480946779251099,0.7670400738716125,-0.06936363875865936,0.7323265671730042,0.6149898171424866,0.7647236585617065,-0.0985586941242218,0.8717692494392395,0.7016221284866333,0.8881167769432068,0.049382373690605164,0.7747615575790405,0.5504027009010315,0.8707062602043152,-0.08920633047819138,0.9649585485458374,0.6875336766242981,0.913074254989624,0.05411014333367348,0.803286612033844,0.539337158203125,0.9012452363967896,-0.09334729611873627,0.8326042890548706,0.7343177795410156,0.9236407279968262,-0.03363461047410965,0.8401168584823608,0.5260677933692932,0.8757489323616028,-0.20436419546604156,0.9574027061462402
176,0.6742601990699768,0.3792266547679901,-0.16451047360897064,0.9999934434890747,0.6784806847572327,0.36707600951194763,-0.14755839109420776,0.9999821186065674,0.6821735501289368,0.36777588725090027,-0.14775198698043823,0.9999739527702332,0.6846423745155334,0.3687058389186859,-0.14770817756652832,0.9999823570251465,0.6699694395065308,0.36926987767219543,-0.14942814409732819,0.9999901652336121,0.6673094630241394,0.3713715672492981,-0.14962409436702728,0.9999901652336121,0.6643761992454529,0.3739185333251953,-0.14965921640396118,0.9999900460243225,0.6891742944717407,0.37833309173583984,-0.0664614886045456,0.9999818801879883,0.6631249189376831,0.3852979242801666,-0.07424114644527435,0.9999653697013855,0.6809727549552917,0.39437729120254517,-0.13436372578144073,0.9999653697013855,0.6704463958740234,0.39645281434059143,-0.13786807656288147,0.9999609589576721,0.7145267724990845,0.45939716696739197,-0.03658531978726387,0.9999377131462097,0.6526079177856445,0.46577632427215576,-0.07277229428291321,0.9998601675033569,0.7473378777503967,0.41808921098709106,-0.15712472796440125,0.9092416167259216,0.628067672252655,0.4246443212032318,-0.20182262361049652,0.943789005279541,0.7694422006607056,0.34096020460128784,-0.3217448890209198,0.9546477794647217,0.6062185168266296,0.3608943819999695,-0.36435210704803467,0.9816389083862305,0.7775853872299194,0.31248563528060913,-0.3571414351463318,0.9541853666305542,0.5956747531890869,0.33195042610168457,-0.40478765964508057,0.9767091274261475,0.7768346667289734,0.30649930238723755,-0.3636297881603241,0.9562251567840576,0.5964053869247437,0.33115145564079285,-0.4093375504016876,0.9761247038841248,0.7728914022445679,0.31803011894226074,-0.33115819096565247,0.947228729724884,0.6011041402816772,0.34321486949920654,-0.37374556064605713,0.9690132737159729,0.7073049545288086,0.6546280980110168,0.019678007811307907,0.999983012676239,0.6646479964256287,0.6502169966697693,-0.019883358851075172,0.999983012676239,0.7480794787406921,0.767089307308197,-0.055197764188051224,0.7358885407447815,0.6152254343032837,0.7651787996292114,-0.10085226595401764,0.8731356263160706,0.7018156051635742,0.8883243799209595,0.06628574430942535,0.7775862216949463,0.5503167510032654,0.8746013045310974,-0.09208440035581589,0.9658815860748291,0.6877545118331909,0.9133216738700867,0.07221720367670059,0.806365430355072,0.5393579602241516,0.903424084186554,-0.0944148451089859,0.8366485238075256,0.7343159317970276,0.9236390590667725,-0.014961457811295986,0.8436458706855774,0.5259529948234558,0.876202404499054,-0.21294191479682922,0.9585575461387634
177,0.674926221370697,0.379822701215744,-0.16806825995445251,0.9999937415122986,0.6792408227920532,0.36774560809135437,-0.15118154883384705,0.9999827146530151,0.6828905940055847,0.3684767782688141,-0.15137478709220886,0.9999749660491943,0.6852356791496277,0.3693806827068329,-0.15133501589298248,0.999983012676239,0.6705135703086853,0.3699800968170166,-0.15298984944820404,0.9999903440475464,0.6678648591041565,0.3720771372318268,-0.15318678319454193,0.9999903440475464,0.6649008989334106,0.3746296465396881,-0.15321721136569977,0.9999901652336121,0.6898301243782043,0.3792743980884552,-0.07163584232330322,0.9999823570251465,0.6634655594825745,0.3859316408634186,-0.07879582047462463,0.9999653697013855,0.6815842986106873,0.39497560262680054,-0.1384294480085373,0.9999660849571228,0.6709648966789246,0.3969763219356537,-0.14183244109153748,0.9999614357948303,0.7148963212966919,0.4599398076534271,-0.04355090856552124,0.9999396204948425,0.6529271602630615,0.4663875997066498,-0.07501617819070816,0.9998555183410645,0.7479817271232605,0.41855379939079285,-0.16527779400348663,0.9143228530883789,0.6278213858604431,0.42520055174827576,-0.18483082950115204,0.9430181980133057,0.7702614068984985,0.3414502441883087,-0.33077019453048706,0.956111490726471,0.6050777435302734,0.36130064725875854,-0.3065667450428009,0.9777137041091919,0.7788779139518738,0.3129093050956726,-0.36681482195854187,0.9547473788261414,0.5941546559333801,0.3319321870803833,-0.3400523066520691,0.9712454676628113,0.7778151631355286,0.3068268895149231,-0.3744402825832367,0.9568347334861755,0.5945952534675598,0.330951064825058,-0.3474671542644501,0.9707909226417542,0.7735618352890015,0.3183477818965912,-0.3401649296283722,0.9481238722801208,0.5993881225585938,0.3429860770702362,-0.31617259979248047,0.963371217250824,0.7073625922203064,0.6564615368843079,0.01959441974759102,0.9999831914901733,0.6646997332572937,0.6514496803283691,-0.019796879962086678,0.999983012676239,0.7480630874633789,0.7682730555534363,-0.05192292109131813,0.7380281090736389,0.6154253482818604,0.765753448009491,-0.10126297920942307,0.874210000038147,0.7018280029296875,0.889587938785553,0.0698179379105568,0.7738624215126038,0.5503170490264893,0.8773732781410217,-0.10139120370149612,0.9658600687980652,0.6877897381782532,0.9141672849655151,0.07596413791179657,0.801856279373169,0.5403293371200562,0.907707929611206,-0.1049271747469902,0.8367339968681335,0.7342970967292786,0.9236583709716797,-0.011583121493458748,0.8408690094947815,0.5253062844276428,0.8760887980461121,-0.21993260085582733,0.9585863351821899
178,0.6755655407905579,0.3803071677684784,-0.15961672365665436,0.9999939203262329,0.6799358129501343,0.3684929609298706,-0.14227358996868134,0.999983012676239,0.6835294365882874,0.3693847060203552,-0.14245392382144928,0.9999754428863525,0.6858476400375366,0.37042903900146484,-0.14241138100624084,0.9999834299087524,0.6711539626121521,0.3704213500022888,-0.14463631808757782,0.9999904036521912,0.6685285568237305,0.3724234700202942,-0.14484190940856934,0.9999903440475464,0.6655353903770447,0.37497133016586304,-0.14486776292324066,0.9999901652336121,0.6903459429740906,0.38055652379989624,-0.06161339208483696,0.9999822974205017,0.6638609170913696,0.3866419494152069,-0.0711115151643753,0.9999642372131348,0.6819997429847717,0.39591673016548157,-0.12925061583518982,0.9999663829803467,0.6714109778404236,0.3975941240787506,-0.13342007994651794,0.9999614953994751,0.7151775360107422,0.4607221484184265,-0.02727343514561653,0.9999412298202515,0.6531126499176025,0.46697062253952026,-0.06061812862753868,0.9998519420623779,0.7487332224845886,0.4190068244934082,-0.13044299185276031,0.9156074523925781,0.6260769963264465,0.4230896532535553,-0.14547684788703918,0.9411739706993103,0.7717756032943726,0.3422394394874573,-0.2936069667339325,0.9558749198913574,0.6029306650161743,0.3604402542114258,-0.25288522243499756,0.9727745652198792,0.7804054021835327,0.313684344291687,-0.32794275879859924,0.9536444544792175,0.5924283266067505,0.3310287594795227,-0.2835153043270111,0.9643608331680298,0.7793148159980774,0.3074973523616791,-0.33703723549842834,0.9559020400047302,0.5924763083457947,0.32936549186706543,-0.29209887981414795,0.9640614986419678,0.7751907110214233,0.3191905915737152,-0.3031880557537079,0.9471242427825928,0.5973074436187744,0.3420833349227905,-0.2623834013938904,0.9559071063995361,0.7076049447059631,0.6564132571220398,0.019619008526206017,0.9999832510948181,0.6648799777030945,0.6514393091201782,-0.019820401445031166,0.9999828934669495,0.7489295601844788,0.7696890234947205,-0.056950073689222336,0.7287116646766663,0.6153945326805115,0.7658472061157227,-0.11334455013275146,0.8690441846847534,0.7018263339996338,0.8903899788856506,0.06012082099914551,0.7547256350517273,0.5503110885620117,0.8786396980285645,-0.131918266415596,0.9628279805183411,0.6877374053001404,0.9152023196220398,0.0661952942609787,0.7871098518371582,0.5408754348754883,0.9109215140342712,-0.13865512609481812,0.8288220763206482,0.7344189286231995,0.9243980646133423,-0.01607748307287693,0.8250322341918945,0.523781418800354,0.8742216229438782,-0.24867716431617737,0.9552058577537537
179,0.6760997772216797,0.3811075985431671,-0.15934565663337708,0.999994158744812,0.6806017756462097,0.3699199855327606,-0.14212647080421448,0.9999836087226868,0.6841564774513245,0.3712938725948334,-0.14229325950145721,0.9999761581420898,0.6865509748458862,0.37280401587486267,-0.14224585890769958,0.999984085559845,0.6716982126235962,0.3709656596183777,-0.14391034841537476,0.999990701675415,0.6690890789031982,0.37276819348335266,-0.1441059708595276,0.9999905228614807,0.6660888195037842,0.3752176761627197,-0.14413262903690338,0.9999904632568359,0.6908078789710999,0.3821650445461273,-0.06093258410692215,0.9999823570251465,0.6642099618911743,0.38707512617111206,-0.0692422017455101,0.9999639987945557,0.6823696494102478,0.3972878158092499,-0.12892195582389832,0.9999670386314392,0.6717156767845154,0.3984472453594208,-0.13267798721790314,0.9999621510505676,0.7155095338821411,0.461388498544693,-0.024268843233585358,0.9999421834945679,0.6534415483474731,0.4675305187702179,-0.060868341475725174,0.9998495578765869,0.7499579191207886,0.4191891849040985,-0.1278003305196762,0.9163408875465393,0.6263625621795654,0.42552343010902405,-0.14530904591083527,0.9401176571846008,0.7734931707382202,0.34242698550224304,-0.2894848585128784,0.9541762471199036,0.6027962565422058,0.3643924295902252,-0.24844786524772644,0.9657611846923828,0.781874418258667,0.3141235113143921,-0.32332879304885864,0.9500687718391418,0.5924774408340454,0.33746957778930664,-0.27873894572257996,0.9530541896820068,0.7809113264083862,0.30797886848449707,-0.333096981048584,0.9525811672210693,0.5922263264656067,0.33536452054977417,-0.28814634680747986,0.9530196785926819,0.7769888639450073,0.3195134103298187,-0.2993082106113434,0.9434532523155212,0.5971993207931519,0.3480716347694397,-0.2580709159374237,0.9429651498794556,0.7077804803848267,0.6564499139785767,0.020064350217580795,0.9999834895133972,0.6651474237442017,0.6515506505966187,-0.02026350423693657,0.999983012676239,0.7496972680091858,0.770233690738678,-0.05812942981719971,0.7212346792221069,0.6153716444969177,0.7659342288970947,-0.11854062229394913,0.8633251786231995,0.701824963092804,0.8908783793449402,0.051616549491882324,0.7351502776145935,0.5503308773040771,0.8785971999168396,-0.1416502445936203,0.9591110944747925,0.687724769115448,0.9157254099845886,0.05687868595123291,0.7707440853118896,0.5412474870681763,0.9109771847724915,-0.1491832137107849,0.8188501596450806,0.7345830202102661,0.9250022768974304,-0.02656489796936512,0.8076913952827454,0.5230788588523865,0.8739426732063293,-0.25951290130615234,0.9511735439300537
180,0.6765841245651245,0.3817313015460968,-0.17070452868938446,0.9999942183494568,0.6810320615768433,0.3706703186035156,-0.153533473610878,0.999983549118042,0.6845524907112122,0.37204116582870483,-0.15371383726596832,0.9999761581420898,0.6869089007377625,0.37348824739456177,-0.15366922318935394,0.9999841451644897,0.672114908695221,0.3716576397418976,-0.15570847690105438,0.9999905228614807,0.6695322394371033,0.37340444326400757,-0.15591111779212952,0.9999902248382568,0.666533350944519,0.37586238980293274,-0.1559441089630127,0.9999902248382568,0.6911256313323975,0.38295978307724,-0.07154543697834015,0.9999819397926331,0.6645142436027527,0.3877328336238861,-0.08045630902051926,0.9999619126319885,0.6828067302703857,0.39795494079589844,-0.13989652693271637,0.9999666810035706,0.6720432639122009,0.39909055829048157,-0.14384578168392181,0.9999613761901855,0.7158570885658264,0.46201395988464355,-0.034076105803251266,0.9999427795410156,0.6537045240402222,0.46782517433166504,-0.07087026536464691,0.9998432397842407,0.7506862282752991,0.4195193946361542,-0.13302643597126007,0.9190855026245117,0.6257811188697815,0.42550739645957947,-0.15511968731880188,0.9403074383735657,0.774672269821167,0.34382328391075134,-0.29462146759033203,0.9544697999954224,0.6005716323852539,0.36337825655937195,-0.26191070675849915,0.9620655179023743,0.7831367254257202,0.3157014548778534,-0.329280823469162,0.9492620229721069,0.5898639559745789,0.3357780873775482,-0.2928142249584198,0.9470535516738892,0.781972348690033,0.3093017637729645,-0.3351961672306061,0.951911211013794,0.5890825390815735,0.33169135451316833,-0.3023134768009186,0.9472087621688843,0.7779697775840759,0.32084521651268005,-0.3020990490913391,0.9428390264511108,0.5941407680511475,0.3449035584926605,-0.2717677354812622,0.9365208148956299,0.7078602910041809,0.6572095155715942,0.020497139543294907,0.9999832510948181,0.6651901006698608,0.6518429517745972,-0.020692110061645508,0.9999825954437256,0.749683678150177,0.7707237601280212,-0.05656057968735695,0.7188044786453247,0.6154685616493225,0.7660223245620728,-0.11681021004915237,0.8637120127677917,0.7018651366233826,0.8910878300666809,0.0619581900537014,0.7251563668251038,0.5503348112106323,0.8796682953834534,-0.13479287922382355,0.9580315351486206,0.6877084970474243,0.9163646101951599,0.06819595396518707,0.7627972364425659,0.5416076183319092,0.9111472368240356,-0.14179883897304535,0.8146496415138245,0.7346192598342896,0.9255664348602295,-0.017493627965450287,0.7989320755004883,0.5231353640556335,0.874514102935791,-0.2537538409233093,0.9497427940368652
181,0.6770195364952087,0.3825247585773468,-0.16602978110313416,0.9999942779541016,0.6815337538719177,0.37146663665771484,-0.14866545796394348,0.9999834895133972,0.6849848031997681,0.37282583117485046,-0.14884747564792633,0.9999760389328003,0.6873008012771606,0.37422430515289307,-0.14880318939685822,0.9999842643737793,0.6725552082061768,0.3723970949649811,-0.15120550990104675,0.9999904036521912,0.6699971556663513,0.37408646941185,-0.1514093279838562,0.999989926815033,0.6670330166816711,0.3765053153038025,-0.15144461393356323,0.9999899864196777,0.6914489269256592,0.38373732566833496,-0.0669463500380516,0.9999815225601196,0.664994478225708,0.38826823234558105,-0.07738593965768814,0.9999595284461975,0.6831495761871338,0.398771733045578,-0.13536067306995392,0.9999663829803467,0.6724168062210083,0.3998064696788788,-0.13968878984451294,0.9999605417251587,0.7162418961524963,0.46271273493766785,-0.029447458684444427,0.9999433755874634,0.6537845730781555,0.4682829976081848,-0.07001379877328873,0.9998334646224976,0.751589834690094,0.4196075201034546,-0.1165250614285469,0.9207707643508911,0.6248264312744141,0.424582302570343,-0.15117518603801727,0.9394415616989136,0.775810956954956,0.3438783288002014,-0.2704020142555237,0.9547747373580933,0.5977413654327393,0.3611322343349457,-0.254772812128067,0.9555438160896301,0.7848270535469055,0.315631240606308,-0.30263131856918335,0.948602020740509,0.5870322585105896,0.33305492997169495,-0.28518912196159363,0.9371588230133057,0.7835540175437927,0.30919814109802246,-0.31353962421417236,0.9514447450637817,0.5862604379653931,0.3287133276462555,-0.2949711084365845,0.9376028776168823,0.7791529297828674,0.320966899394989,-0.28036394715309143,0.9424051642417908,0.5911979079246521,0.34143078327178955,-0.2646406590938568,0.925686240196228,0.7080974578857422,0.6576700806617737,0.022157810628414154,0.999983012676239,0.6653220057487488,0.6524952054023743,-0.02235039696097374,0.9999820590019226,0.749745786190033,0.7714629769325256,-0.04999006167054176,0.7123509645462036,0.6155568957328796,0.766796350479126,-0.11907541006803513,0.8623224496841431,0.7019817233085632,0.8914585113525391,0.06897205859422684,0.712359607219696,0.5503308773040771,0.880714476108551,-0.13914889097213745,0.9561741948127747,0.6877257823944092,0.9167463183403015,0.07523079961538315,0.7537334561347961,0.5417068004608154,0.9116571545600891,-0.14632047712802887,0.8092009425163269,0.7346621751785278,0.9258498549461365,-0.010040465742349625,0.7867987751960754,0.523173987865448,0.8751333951950073,-0.25889480113983154,0.9473462700843811
182,0.6775434017181396,0.3835459351539612,-0.16211213171482086,0.9999944567680359,0.6820218563079834,0.3724147081375122,-0.14400535821914673,0.9999838471412659,0.6854204535484314,0.37376290559768677,-0.14418287575244904,0.999976396560669,0.6877558827400208,0.3751395344734192,-0.14413650333881378,0.9999846816062927,0.6729627847671509,0.3733471930027008,-0.14898265898227692,0.9999905824661255,0.6704030632972717,0.3750239908695221,-0.14920112490653992,0.9999900460243225,0.6674537062644958,0.37737587094306946,-0.14925475418567657,0.9999901652336121,0.6917082071304321,0.38445398211479187,-0.05909194424748421,0.9999814629554749,0.665296733379364,0.3890191912651062,-0.07505001127719879,0.999958872795105,0.6836203336715698,0.39967963099479675,-0.12991686165332794,0.9999667406082153,0.6729075312614441,0.4006393849849701,-0.1373036652803421,0.999960720539093,0.7166211605072021,0.46325376629829407,-0.014804490841925144,0.9999442100524902,0.6540298461914062,0.4692354202270508,-0.06945768743753433,0.9998273849487305,0.7522134780883789,0.4197406768798828,-0.08748092502355576,0.9223536849021912,0.6249237656593323,0.42627501487731934,-0.15281958878040314,0.9391968250274658,0.7771314978599548,0.34393852949142456,-0.22924502193927765,0.955612063407898,0.5969753265380859,0.36296507716178894,-0.2618449628353119,0.9501771330833435,0.7857814431190491,0.3159186840057373,-0.25822558999061584,0.9487096667289734,0.5867393612861633,0.33630749583244324,-0.29318755865097046,0.9288990497589111,0.7847317457199097,0.3095259368419647,-0.27137404680252075,0.9517676830291748,0.5859799981117249,0.331617146730423,-0.3029063045978546,0.9297000765800476,0.7804725170135498,0.32137948274612427,-0.23980171978473663,0.9429989457130432,0.5909513235092163,0.3443495035171509,-0.2717563211917877,0.9164092540740967,0.7082864046096802,0.6590331792831421,0.025600973516702652,0.999983012676239,0.6656284332275391,0.6540213227272034,-0.025792589411139488,0.9999817609786987,0.7502214312553406,0.7724756598472595,-0.042935557663440704,0.7083951234817505,0.6155524849891663,0.7687582969665527,-0.12095083296298981,0.8609514236450195,0.7021253705024719,0.8915205001831055,0.07296289503574371,0.7023307085037231,0.5503289103507996,0.8814502954483032,-0.1414029896259308,0.9541012644767761,0.6878122091293335,0.9168099761009216,0.07900805026292801,0.7476105690002441,0.5418199896812439,0.9119985699653625,-0.14847397804260254,0.8030418157577515,0.7346746325492859,0.9260748028755188,-0.004990706220269203,0.7767482399940491,0.5232372879981995,0.8755400776863098,-0.25994083285331726,0.9447628855705261
183,0.6780288219451904,0.3845887780189514,-0.14784930646419525,0.9999946355819702,0.6823878884315491,0.3729920983314514,-0.12915731966495514,0.9999841451644897,0.6857765316963196,0.3743375539779663,-0.12932756543159485,0.999976634979248,0.6881159543991089,0.3756934404373169,-0.12927623093128204,0.9999849796295166,0.6733774542808533,0.37377381324768066,-0.1347961276769638,0.9999907612800598,0.6708475351333618,0.3752819299697876,-0.13501212000846863,0.9999901652336121,0.6679307222366333,0.3775448501110077,-0.13506247103214264,0.9999903440475464,0.6920225620269775,0.3850971758365631,-0.04283156618475914,0.9999812841415405,0.6655489802360535,0.3891487121582031,-0.06604649126529694,0.9999586343765259,0.6839975714683533,0.40082356333732605,-0.11527960002422333,0.9999671578407288,0.6733728647232056,0.40151724219322205,-0.12367446720600128,0.9999611377716064,0.7167218327522278,0.4635811746120453,0.0028444109484553337,0.9999446868896484,0.6542628407478333,0.4697783589363098,-0.06464759260416031,0.9998241662979126,0.7525889873504639,0.41997942328453064,-0.0630301684141159,0.9222909808158875,0.6250147223472595,0.4280600845813751,-0.15180253982543945,0.939285933971405,0.7779409289360046,0.34517693519592285,-0.20096586644649506,0.9559774398803711,0.5963883996009827,0.3639771044254303,-0.26385629177093506,0.9465785622596741,0.7870864868164062,0.31776362657546997,-0.2284410148859024,0.948542594909668,0.5861575603485107,0.33763906359672546,-0.29587268829345703,0.923412024974823,0.78569096326828,0.3105269968509674,-0.24251660704612732,0.951866626739502,0.5851775407791138,0.33269500732421875,-0.3049529790878296,0.9244121313095093,0.7811307311058044,0.3222827911376953,-0.21175912022590637,0.9433488845825195,0.589920699596405,0.3447015583515167,-0.273480623960495,0.909819483757019,0.7082750201225281,0.6607733368873596,0.028609203174710274,0.9999831318855286,0.6656256914138794,0.6553490161895752,-0.02880612201988697,0.9999816417694092,0.7504681348800659,0.7727195024490356,-0.0462227538228035,0.7083579301834106,0.6154811978340149,0.7706701755523682,-0.1250128298997879,0.8601621389389038,0.7022499442100525,0.8915449976921082,0.07049868255853653,0.6975923180580139,0.5503421425819397,0.8815693259239197,-0.1403093785047531,0.9523307681083679,0.6878370642662048,0.9167971611022949,0.07653055340051651,0.7454614639282227,0.5419833064079285,0.9116675853729248,-0.1468086540699005,0.7973830699920654,0.7348694205284119,0.9262639284133911,-0.008856581524014473,0.7710118889808655,0.5248100757598877,0.8776001930236816,-0.25763434171676636,0.9424210786819458
184,0.6782245635986328,0.38544514775276184,-0.14079593122005463,0.9999948143959045,0.6825845837593079,0.37354761362075806,-0.12233259528875351,0.9999845027923584,0.6860161423683167,0.3748876750469208,-0.12250370532274246,0.9999771118164062,0.6883909702301025,0.3762858211994171,-0.12245310842990875,0.99998539686203,0.6736105680465698,0.37428298592567444,-0.12706996500492096,0.9999909996986389,0.6710809469223022,0.375676691532135,-0.12728285789489746,0.9999904036521912,0.6681362390518188,0.37785547971725464,-0.12733258306980133,0.9999905824661255,0.6924462914466858,0.38594818115234375,-0.03682762756943703,0.9999815821647644,0.6658573150634766,0.389446884393692,-0.057500001043081284,0.9999590516090393,0.6841400861740112,0.40195050835609436,-0.10859239846467972,0.9999677538871765,0.6735163331031799,0.40228262543678284,-0.11593247950077057,0.999961793422699,0.7168065905570984,0.4637708067893982,0.00785080436617136,0.9999458193778992,0.6543420553207397,0.47004908323287964,-0.05510576441884041,0.9998230934143066,0.7527583241462708,0.42029136419296265,-0.04726786911487579,0.9224638342857361,0.6232675313949585,0.42645323276519775,-0.1500360518693924,0.9374620914459229,0.7794181704521179,0.34583690762519836,-0.16864562034606934,0.9567283987998962,0.5933124423027039,0.36162126064300537,-0.26964396238327026,0.9431315660476685,0.7885487079620361,0.31808072328567505,-0.19351325929164886,0.9493411183357239,0.5831530094146729,0.336978554725647,-0.30217936635017395,0.9198095202445984,0.7873052358627319,0.3106699585914612,-0.2076563686132431,0.9528504014015198,0.5824804902076721,0.331208735704422,-0.31042683124542236,0.920922040939331,0.782932460308075,0.3224513530731201,-0.1789465844631195,0.9446954727172852,0.5869213938713074,0.3416316509246826,-0.27910321950912476,0.9057208895683289,0.7083297371864319,0.6604892611503601,0.028528016060590744,0.9999834299087524,0.665608286857605,0.6552545428276062,-0.02873276360332966,0.9999816417694092,0.7515087127685547,0.7731342911720276,-0.05390733480453491,0.7120077610015869,0.615286111831665,0.7717181444168091,-0.1325761377811432,0.861146867275238,0.7023997902870178,0.8920828104019165,0.06472830474376678,0.6993474364280701,0.5502737164497375,0.8813949823379517,-0.1467628926038742,0.9525009393692017,0.6879739165306091,0.9168717265129089,0.07135993987321854,0.7491228580474854,0.5418804287910461,0.9115687012672424,-0.15291455388069153,0.7989354729652405,0.7349511384963989,0.9264724254608154,-0.011842947453260422,0.7707566022872925,0.5250219702720642,0.8790193796157837,-0.26319509744644165,0.9422879219055176
185,0.6786004900932312,0.38606905937194824,-0.14366459846496582,0.999994695186615,0.6829426884651184,0.3739902973175049,-0.12557916343212128,0.9999839067459106,0.6863648891448975,0.3752981126308441,-0.12575335800647736,0.9999762773513794,0.6887860894203186,0.3766491115093231,-0.1257021129131317,0.9999850392341614,0.6738751530647278,0.37463903427124023,-0.128014475107193,0.9999906420707703,0.6713054180145264,0.375943124294281,-0.12820445001125336,0.9999899864196777,0.6683356165885925,0.37807244062423706,-0.12821176648139954,0.9999902248382568,0.6926186680793762,0.3863604664802551,-0.04181770980358124,0.9999811053276062,0.6660441756248474,0.3895788788795471,-0.0627657100558281,0.9999567866325378,0.6844622492790222,0.4025794565677643,-0.112522192299366,0.9999667406082153,0.6737076044082642,0.40269652009010315,-0.11781857162714005,0.9999603629112244,0.7168413996696472,0.46400880813598633,0.00522648124024272,0.9999455809593201,0.6543358564376831,0.4702155590057373,-0.05616451054811478,0.9998111128807068,0.7537532448768616,0.42021048069000244,-0.027248570695519447,0.9233533143997192,0.6179473400115967,0.41906774044036865,-0.14800415933132172,0.9362974166870117,0.7812367677688599,0.34486404061317444,-0.12353736907243729,0.957970380783081,0.5892959237098694,0.3532099723815918,-0.25813576579093933,0.939055860042572,0.7904314398765564,0.3171673119068146,-0.1435370296239853,0.9503456354141235,0.5792461633682251,0.33051303029060364,-0.2884434163570404,0.9146966338157654,0.7895628809928894,0.30940720438957214,-0.15880179405212402,0.9539963603019714,0.5788910984992981,0.3252682685852051,-0.29651615023612976,0.9159547090530396,0.7853425145149231,0.32098808884620667,-0.13358408212661743,0.9462494254112244,0.5830079913139343,0.3330038785934448,-0.2671685218811035,0.899986207485199,0.7084744572639465,0.660329282283783,0.029763204976916313,0.9999832510948181,0.6656656861305237,0.6554123759269714,-0.029965635389089584,0.9999809265136719,0.751675009727478,0.7730985879898071,-0.051450349390506744,0.7184765934944153,0.6147124171257019,0.7728852033615112,-0.13511475920677185,0.8649294972419739,0.7025969624519348,0.8923797011375427,0.06999984383583069,0.704509437084198,0.5501881837844849,0.8812660574913025,-0.14489926397800446,0.9531382322311401,0.6880733966827393,0.9169235825538635,0.07708504796028137,0.7555533647537231,0.5416380763053894,0.9109340906143188,-0.15054146945476532,0.802179753780365,0.7350557446479797,0.9269312024116516,-0.005541205871850252,0.7718498110771179,0.525600016117096,0.8823060989379883,-0.26047971844673157,0.9423806071281433
186,0.6790364384651184,0.3867782950401306,-0.1608116775751114,0.9999947547912598,0.6835422515869141,0.3747742772102356,-0.14312347769737244,0.9999838471412659,0.6868044137954712,0.37608394026756287,-0.14330919086933136,0.9999763369560242,0.6893317103385925,0.3774680197238922,-0.14327101409435272,0.9999851584434509,0.6743383407592773,0.3752231299877167,-0.1479663997888565,0.9999906420707703,0.671735405921936,0.37638232111930847,-0.14817588031291962,0.999989926815033,0.6688467860221863,0.37838712334632874,-0.14823108911514282,0.9999901652336121,0.6931095123291016,0.3870631158351898,-0.056940313428640366,0.9999812841415405,0.666473925113678,0.3897849917411804,-0.08055281639099121,0.999955952167511,0.6847344636917114,0.40331098437309265,-0.12798327207565308,0.9999669790267944,0.6740265488624573,0.4032592177391052,-0.13567589223384857,0.9999602437019348,0.7170063853263855,0.4641614556312561,0.0025431306567043066,0.9999471306800842,0.65440434217453,0.4706254005432129,-0.06863892078399658,0.9998041391372681,0.7545111775398254,0.4203576445579529,-0.044245991855859756,0.926153302192688,0.6177355647087097,0.41903021931648254,-0.15719197690486908,0.9350684285163879,0.7830001711845398,0.344825804233551,-0.14743676781654358,0.9600710272789001,0.5885312557220459,0.3531428873538971,-0.2743312120437622,0.9348775148391724,0.7920295000076294,0.3169998824596405,-0.16929461061954498,0.9525262713432312,0.5784103870391846,0.32989683747291565,-0.30528709292411804,0.9098520874977112,0.7914428114891052,0.3092154860496521,-0.1850471794605255,0.9561652541160583,0.5780737400054932,0.3251798748970032,-0.3149239718914032,0.9112851619720459,0.7870796918869019,0.3209695518016815,-0.15780755877494812,0.9488282203674316,0.5821632146835327,0.3329508900642395,-0.2840687334537506,0.8948288559913635,0.7086663842201233,0.6602062582969666,0.029183359816670418,0.9999832510948181,0.6658055186271667,0.6553168296813965,-0.029385646805167198,0.9999803304672241,0.7518730163574219,0.7730516791343689,-0.05156750604510307,0.7260051369667053,0.6146987676620483,0.7731427550315857,-0.1336059272289276,0.8674408197402954,0.7027313113212585,0.8927026987075806,0.07005158811807632,0.7106358408927917,0.5501765608787537,0.8817217350006104,-0.14313560724258423,0.9538428783416748,0.6881468892097473,0.917114794254303,0.0770178884267807,0.7623960971832275,0.5415977835655212,0.9109766483306885,-0.14882150292396545,0.8071539402008057,0.7351032495498657,0.9273850917816162,-0.005524848587810993,0.7740537524223328,0.5256006717681885,0.8820928335189819,-0.2589288353919983,0.9427481293678284
187,0.6791039705276489,0.38719674944877625,-0.1447734236717224,0.9999947547912598,0.6837493181228638,0.3751749098300934,-0.1264609545469284,0.9999836087226868,0.6870126724243164,0.376505583524704,-0.12663546204566956,0.9999759197235107,0.6895884275436401,0.377922922372818,-0.12659135460853577,0.9999850988388062,0.674460768699646,0.37560299038887024,-0.13179133832454681,0.9999905228614807,0.6718815565109253,0.37673529982566833,-0.13200709223747253,0.9999897480010986,0.6690194606781006,0.3787018954753876,-0.13206909596920013,0.9999900460243225,0.6934910416603088,0.3874061107635498,-0.04076473414897919,0.9999809861183167,0.6666943430900574,0.3899866044521332,-0.06526058912277222,0.9999544024467468,0.6848124861717224,0.4036831259727478,-0.11236763745546341,0.9999668002128601,0.6741021275520325,0.40365880727767944,-0.12055366486310959,0.9999597668647766,0.7171649932861328,0.4642591178417206,0.009932794608175755,0.9999478459358215,0.6546661853790283,0.47092825174331665,-0.06040522828698158,0.9997985363006592,0.7550428509712219,0.42056962847709656,-0.029846956953406334,0.9274545311927795,0.6186814904212952,0.4208221733570099,-0.15217375755310059,0.9339897632598877,0.7840709686279297,0.34487366676330566,-0.1392005980014801,0.9612187147140503,0.5889914035797119,0.35646629333496094,-0.27162784337997437,0.9292402863502502,0.7929334044456482,0.3169812560081482,-0.1612851619720459,0.9535322785377502,0.5790858864784241,0.3340880870819092,-0.30324307084083557,0.9025455713272095,0.7927477955818176,0.3094188868999481,-0.17701640725135803,0.9572817087173462,0.5783596038818359,0.32904425263404846,-0.31245240569114685,0.9042326807975769,0.7885869145393372,0.3211437165737152,-0.14973889291286469,0.9502406716346741,0.5826375484466553,0.33759093284606934,-0.28129854798316956,0.8866106271743774,0.7087159752845764,0.660529613494873,0.029819080606102943,0.9999833703041077,0.6658493876457214,0.6557198166847229,-0.030024826526641846,0.999980092048645,0.7523306608200073,0.7731069922447205,-0.05398978665471077,0.730406641960144,0.61471027135849,0.7732076048851013,-0.13949881494045258,0.8692737817764282,0.702754020690918,0.8932684063911438,0.06144876033067703,0.7137273550033569,0.5501819849014282,0.8816278576850891,-0.15261012315750122,0.9539279937744141,0.6880982518196106,0.9174048900604248,0.06772807985544205,0.7666414976119995,0.5415875315666199,0.9104565382003784,-0.15850716829299927,0.8088429570198059,0.7352393865585327,0.9276732802391052,-0.01671004109084606,0.7741451263427734,0.5258862972259521,0.8831084966659546,-0.2686951458454132,0.9425264596939087
188,0.6792048811912537,0.387866348028183,-0.15074239671230316,0.9999948740005493,0.6837853789329529,0.37582603096961975,-0.13234207034111023,0.9999838471412659,0.6870869398117065,0.37716910243034363,-0.13252125680446625,0.9999762177467346,0.6896314024925232,0.3785991668701172,-0.1324775367975235,0.9999853372573853,0.6746193170547485,0.37622350454330444,-0.13837867975234985,0.9999906420707703,0.6720807552337646,0.377314954996109,-0.13859735429286957,0.9999898672103882,0.6692730784416199,0.3791828155517578,-0.13866578042507172,0.9999901652336121,0.6935976147651672,0.38780638575553894,-0.04455884173512459,0.999981164932251,0.6669896245002747,0.39012542366981506,-0.07193596661090851,0.9999541640281677,0.684838056564331,0.4041665196418762,-0.11759543418884277,0.9999670386314392,0.6742887496948242,0.4040619134902954,-0.1267739236354828,0.9999598860740662,0.7172035574913025,0.4644019901752472,0.0035123340785503387,0.9999489784240723,0.6548101305961609,0.4711601436138153,-0.06679543107748032,0.9997947812080383,0.7550444006919861,0.4211650490760803,-0.0379943884909153,0.9284859895706177,0.6192507147789001,0.4222228527069092,-0.15771512687206268,0.9328030943870544,0.7844390273094177,0.34710097312927246,-0.14651820063591003,0.9621918201446533,0.5883229970932007,0.3593672215938568,-0.27645865082740784,0.923297107219696,0.7932482361793518,0.31871142983436584,-0.16842418909072876,0.9543933868408203,0.5776424407958984,0.33540669083595276,-0.3082466423511505,0.8947411179542542,0.793282151222229,0.31186118721961975,-0.18481166660785675,0.9582939147949219,0.576785147190094,0.3305777311325073,-0.31805023550987244,0.8968476057052612,0.7891424298286438,0.3240116238594055,-0.15733574330806732,0.9515670537948608,0.5816431641578674,0.340406209230423,-0.2864059805870056,0.8784635663032532,0.7088804841041565,0.6604271531105042,0.030572211369872093,0.9999833703041077,0.6660572290420532,0.6557488441467285,-0.03077423758804798,0.9999797344207764,0.7523284554481506,0.7730916142463684,-0.0423293337225914,0.7268438339233398,0.6150070428848267,0.7730661034584045,-0.14121831953525543,0.8694269061088562,0.7027985453605652,0.8940019011497498,0.0687536969780922,0.7114094495773315,0.5501944422721863,0.8816303610801697,-0.16367866098880768,0.9535778164863586,0.6881557703018188,0.9177635312080383,0.07440084964036942,0.7675827145576477,0.5415827631950378,0.9103697538375854,-0.170704647898674,0.8093516230583191,0.7352742552757263,0.9280713200569153,-0.010687296278774738,0.7707154750823975,0.5259009003639221,0.8830223083496094,-0.2830095887184143,0.9419931173324585
189,0.6792234182357788,0.388386607170105,-0.14779168367385864,0.9999950528144836,0.6839109063148499,0.37615206837654114,-0.1293959766626358,0.9999842047691345,0.6872298121452332,0.37751340866088867,-0.12957431375980377,0.9999768137931824,0.6898044943809509,0.3789474070072174,-0.12952820956707,0.9999856948852539,0.6746935248374939,0.3765610158443451,-0.13507956266403198,0.9999908804893494,0.6721634268760681,0.3776281476020813,-0.13529609143733978,0.9999901652336121,0.6693427562713623,0.3794688880443573,-0.13536185026168823,0.9999904036521912,0.6937495470046997,0.3882758319377899,-0.0422116294503212,0.9999816417694092,0.6671632528305054,0.3902035355567932,-0.06782124191522598,0.9999551177024841,0.684827446937561,0.40461716055870056,-0.11479319632053375,0.9999680519104004,0.6742912530899048,0.4044909179210663,-0.1234058365225792,0.9999610185623169,0.7173503637313843,0.4645061492919922,0.008852887898683548,0.9999505877494812,0.6549395322799683,0.4713963568210602,-0.06280093640089035,0.9997977018356323,0.7557612061500549,0.42116281390190125,-0.02125454507768154,0.930915355682373,0.6190459728240967,0.4223008453845978,-0.15523266792297363,0.9338774681091309,0.7857383489608765,0.34796297550201416,-0.12426925450563431,0.9642175436019897,0.5870479345321655,0.35954880714416504,-0.27713480591773987,0.9252100586891174,0.7948986291885376,0.32036635279655457,-0.14502134919166565,0.9567097425460815,0.5744672417640686,0.33536297082901,-0.30960169434547424,0.8976736068725586,0.7948426008224487,0.31325167417526245,-0.16211621463298798,0.9605550169944763,0.574237048625946,0.3305504322052002,-0.31935685873031616,0.8998332023620605,0.7907366156578064,0.3248058259487152,-0.13514195382595062,0.9542535543441772,0.5798786282539368,0.3405129313468933,-0.2871687710285187,0.8817362785339355,0.7089546918869019,0.6606478095054626,0.03073372133076191,0.9999834895133972,0.666172444820404,0.6562747359275818,-0.030938785523176193,0.9999796152114868,0.7527733445167542,0.7734110355377197,-0.0446915440261364,0.7331804633140564,0.6150486469268799,0.7729405164718628,-0.13993017375469208,0.873469889163971,0.7028194665908813,0.894226610660553,0.07050703465938568,0.7170198559761047,0.5501852035522461,0.8816516995429993,-0.1577928513288498,0.9548104405403137,0.6881827116012573,0.9178479313850403,0.07685854285955429,0.7745972871780396,0.5415331721305847,0.9103530049324036,-0.16426919400691986,0.8146687746047974,0.7353533506393433,0.9282059073448181,-0.007194384466856718,0.7744711637496948,0.5259865522384644,0.8833497166633606,-0.2757335305213928,0.9432997703552246
190,0.6792462468147278,0.3886869549751282,-0.1550825983285904,0.9999948143959045,0.6839102506637573,0.3762931823730469,-0.13737568259239197,0.999983012676239,0.6872608065605164,0.37766870856285095,-0.13755552470684052,0.9999752640724182,0.6898291707038879,0.3790983557701111,-0.13751216232776642,0.9999848008155823,0.6747477054595947,0.37672439217567444,-0.14253228902816772,0.9999901652336121,0.6722560524940491,0.37777337431907654,-0.1427541822195053,0.9999894499778748,0.6694403290748596,0.37961557507514954,-0.1428266018629074,0.9999896883964539,0.6938232779502869,0.38843289017677307,-0.05132533982396126,0.9999806880950928,0.6673344969749451,0.39024481177330017,-0.07423941045999527,0.9999514222145081,0.6848083138465881,0.40474721789360046,-0.12224177271127701,0.9999666810035706,0.6743115186691284,0.40470680594444275,-0.13017167150974274,0.9999588131904602,0.7178223133087158,0.4646610617637634,0.006482969503849745,0.9999507665634155,0.655195951461792,0.4716588258743286,-0.06609182059764862,0.9997908473014832,0.7564215064048767,0.42123159766197205,-0.029169030487537384,0.9324740767478943,0.6186056137084961,0.422445148229599,-0.151875838637352,0.933872401714325,0.7877763509750366,0.3481594920158386,-0.13126035034656525,0.9655290842056274,0.5849020481109619,0.358341246843338,-0.2666569948196411,0.923891007900238,0.796580970287323,0.320716917514801,-0.15202650427818298,0.958013117313385,0.5718246698379517,0.332709401845932,-0.297459214925766,0.8959019184112549,0.7966147661209106,0.3134136199951172,-0.16911858320236206,0.9619141817092896,0.5714525580406189,0.3289586305618286,-0.30833831429481506,0.8982883095741272,0.7928191423416138,0.3246958553791046,-0.1421741396188736,0.9559428691864014,0.5766400694847107,0.33772706985473633,-0.2769692838191986,0.8801149129867554,0.7089752554893494,0.6608484387397766,0.03088472969830036,0.999983012676239,0.6664567589759827,0.6565314531326294,-0.03108849748969078,0.9999786615371704,0.7530383467674255,0.773393452167511,-0.04427703469991684,0.7357314825057983,0.6150439977645874,0.7732837200164795,-0.13369542360305786,0.8756714463233948,0.7029489278793335,0.8942244052886963,0.07685642689466476,0.7184850573539734,0.5501884818077087,0.8819727301597595,-0.1414160281419754,0.954878568649292,0.6882944107055664,0.9177957773208618,0.08389497548341751,0.7786980867385864,0.5415287613868713,0.9103139042854309,-0.1466609537601471,0.8156359195709229,0.7353983521461487,0.9282030463218689,0.00030096358386799693,0.7744038105010986,0.5259892344474792,0.8832839131355286,-0.257425457239151,0.9429577589035034
191,0.6793553829193115,0.3890356421470642,-0.1593567281961441,0.9999948740005493,0.6841022968292236,0.3766001760959625,-0.14170874655246735,0.999983012676239,0.6874628067016602,0.3779599368572235,-0.14188943803310394,0.9999754428863525,0.6900453567504883,0.37934812903404236,-0.1418459564447403,0.999984860420227,0.6749202609062195,0.377036988735199,-0.14657428860664368,0.9999902248382568,0.6724380254745483,0.37809163331985474,-0.14679540693759918,0.9999895095825195,0.6696234941482544,0.37994185090065,-0.14686650037765503,0.9999897480010986,0.6940584182739258,0.38867878913879395,-0.05607156828045845,0.9999808669090271,0.6676093339920044,0.3903924226760864,-0.07758010178804398,0.9999516606330872,0.6848281025886536,0.4049549996852875,-0.12676629424095154,0.9999671578407288,0.674423098564148,0.4049346446990967,-0.13427899777889252,0.9999592304229736,0.7181662321090698,0.4649011194705963,0.0032077478244900703,0.9999518990516663,0.6555858850479126,0.47212332487106323,-0.06856587529182434,0.9997932314872742,0.7568113207817078,0.42138129472732544,-0.03029482439160347,0.9357162714004517,0.6188040971755981,0.4235881567001343,-0.15122920274734497,0.9362431764602661,0.7890912890434265,0.34943217039108276,-0.12748321890830994,0.9676696062088013,0.5847181081771851,0.3603081703186035,-0.26541581749916077,0.9265044331550598,0.7975414991378784,0.3215036690235138,-0.14732959866523743,0.9604154229164124,0.571155846118927,0.3345509171485901,-0.2959935963153839,0.8991895318031311,0.7977669835090637,0.3147245943546295,-0.165272057056427,0.9642134308815002,0.5706043243408203,0.33104586601257324,-0.3073696494102478,0.9016839265823364,0.7941286563873291,0.3261333405971527,-0.13858693838119507,0.9586707949638367,0.576438844203949,0.3408891260623932,-0.2759142816066742,0.8841757774353027,0.7090637683868408,0.6611584424972534,0.030721424147486687,0.9999826550483704,0.6668682098388672,0.6569564342498779,-0.030924763530492783,0.9999780654907227,0.7531970143318176,0.7734739780426025,-0.043895233422517776,0.7436536550521851,0.6150640845298767,0.7734104990959167,-0.13156931102275848,0.8805738091468811,0.7029708027839661,0.8945098519325256,0.07681538164615631,0.7251908183097839,0.5501958727836609,0.882281482219696,-0.14121124148368835,0.9561291933059692,0.6882918477058411,0.918028712272644,0.08368490636348724,0.7853596806526184,0.541523277759552,0.9103001356124878,-0.1467440128326416,0.8200370073318481,0.7357223629951477,0.9283683896064758,0.000495613319799304,0.7791783809661865,0.5260231494903564,0.8833994269371033,-0.2573723793029785,0.9442885518074036
192,0.6794265508651733,0.38958802819252014,-0.17330937087535858,0.9999951124191284,0.6842501759529114,0.37681904435157776,-0.15601776540279388,0.9999836087226868,0.6876612901687622,0.37812113761901855,-0.1562006175518036,0.9999764561653137,0.6902664303779602,0.37945303320884705,-0.15615729987621307,0.99998539686203,0.67502760887146,0.37736743688583374,-0.15988215804100037,0.9999905824661255,0.672562837600708,0.3784436285495758,-0.1600993424654007,0.999989926815033,0.6697195172309875,0.380298376083374,-0.16016234457492828,0.9999901056289673,0.6944433450698853,0.38883599638938904,-0.07128127664327621,0.9999815821647644,0.667859673500061,0.3905249536037445,-0.08808089792728424,0.9999532699584961,0.6848974227905273,0.4052005708217621,-0.1411644071340561,0.9999682903289795,0.6745170950889587,0.4053352475166321,-0.14728447794914246,0.9999605417251587,0.7187843918800354,0.4651784598827362,-0.017892146483063698,0.9999533891677856,0.6558021306991577,0.4728904664516449,-0.07807227224111557,0.9997974634170532,0.7574338316917419,0.42137765884399414,-0.05545812472701073,0.9387282729148865,0.6187936067581177,0.4239102900028229,-0.1587861180305481,0.9386597275733948,0.7910028100013733,0.3508491814136505,-0.16365598142147064,0.969467043876648,0.5840616226196289,0.36043208837509155,-0.27489203214645386,0.9286537170410156,0.799336314201355,0.3231179118156433,-0.18633785843849182,0.9625252485275269,0.5703138113021851,0.33540812134742737,-0.30580779910087585,0.9018694758415222,0.7997552752494812,0.3162270784378052,-0.20611192286014557,0.9662588834762573,0.5694857835769653,0.33182552456855774,-0.31942281126976013,0.904535174369812,0.7961949110031128,0.32774651050567627,-0.1760304868221283,0.9611027836799622,0.5755312442779541,0.3420172333717346,-0.2865539491176605,0.8879351615905762,0.7093284130096436,0.6611965894699097,0.030400393530726433,0.9999823570251465,0.6673184037208557,0.6569821238517761,-0.030605817213654518,0.9999776482582092,0.7533352375030518,0.7735385298728943,-0.044087283313274384,0.7444847822189331,0.6152387261390686,0.7732360363006592,-0.12758582830429077,0.8826920986175537,0.7029857635498047,0.8948078751564026,0.07591917365789413,0.7254438996315002,0.5502720475196838,0.8829011917114258,-0.13961996138095856,0.9563208222389221,0.6882875561714172,0.9181453585624695,0.08258353173732758,0.788391649723053,0.54173743724823,0.9110639691352844,-0.14551228284835815,0.821978747844696,0.7359911799430847,0.9285032153129578,-0.001207058783620596,0.7803910374641418,0.5259827375411987,0.8828880190849304,-0.2566225826740265,0.9446075558662415
193,0.6795747876167297,0.38961002230644226,-0.19101586937904358,0.9999952912330627,0.6844007968902588,0.37678468227386475,-0.17462298274040222,0.9999839663505554,0.6878894567489624,0.37807875871658325,-0.17481069266796112,0.999977171421051,0.6905838251113892,0.3794066905975342,-0.17477096617221832,0.9999857544898987,0.675258219242096,0.3774518072605133,-0.17835897207260132,0.9999908208847046,0.6727965474128723,0.3785652220249176,-0.17857927083969116,0.9999902248382568,0.6699321866035461,0.38044673204421997,-0.17864972352981567,0.9999903440475464,0.6948720216751099,0.3889724016189575,-0.09092351794242859,0.9999821782112122,0.6682529449462891,0.3907763361930847,-0.10722597688436508,0.9999545812606812,0.685035765171051,0.4053361713886261,-0.15894873440265656,0.9999692440032959,0.6746755838394165,0.4055403470993042,-0.16492365300655365,0.9999616742134094,0.7191001772880554,0.46577543020248413,-0.035174932330846786,0.9999547004699707,0.6559877395629883,0.4731554687023163,-0.09265784919261932,0.9998019933700562,0.7582600712776184,0.42194539308547974,-0.06373553723096848,0.9423935413360596,0.6168708801269531,0.42335692048072815,-0.16921761631965637,0.9416391849517822,0.7930103540420532,0.3507557511329651,-0.16370129585266113,0.9715418815612793,0.5815858840942383,0.35907119512557983,-0.2841953635215759,0.9321829080581665,0.8007813096046448,0.3228601813316345,-0.186854287981987,0.9649670720100403,0.5678499937057495,0.3351655900478363,-0.31513512134552,0.9065303206443787,0.8018777966499329,0.3160392642021179,-0.20621004700660706,0.9685527682304382,0.5673250555992126,0.331709086894989,-0.3285163640975952,0.9092234969139099,0.7982720136642456,0.3275442123413086,-0.17635950446128845,0.9638019800186157,0.5730641484260559,0.3413752615451813,-0.2957364618778229,0.893724799156189,0.7093287110328674,0.6616502404212952,0.029806362465023994,0.999981701374054,0.667286217212677,0.657427191734314,-0.030006788671016693,0.9999767541885376,0.753319501876831,0.7735443711280823,-0.04220876842737198,0.7489668130874634,0.6153570413589478,0.7727649211883545,-0.12169791013002396,0.8859178423881531,0.703245997428894,0.8948140740394592,0.08110316842794418,0.7292901873588562,0.5503518581390381,0.8835108280181885,-0.12694337964057922,0.9567752480506897,0.6885358691215515,0.9181554317474365,0.088107630610466,0.7938576340675354,0.5418961048126221,0.9122657179832458,-0.13206055760383606,0.8252766132354736,0.7362728118896484,0.9285292625427246,0.0053347195498645306,0.7836846709251404,0.5257449746131897,0.8820168375968933,-0.2409851998090744,0.9450289011001587
194,0.6797744035720825,0.3898252844810486,-0.19343294203281403,0.9999955296516418,0.6846679449081421,0.3768331706523895,-0.177089661359787,0.999984622001648,0.6881981492042542,0.3780936896800995,-0.1772780418395996,0.999978244304657,0.6909601092338562,0.37942859530448914,-0.17723959684371948,0.9999863505363464,0.6756272912025452,0.37767478823661804,-0.18186356127262115,0.999991238117218,0.6731771230697632,0.37883883714675903,-0.1820814311504364,0.999990701675415,0.6703503727912903,0.38075384497642517,-0.18215066194534302,0.9999907612800598,0.6953859925270081,0.3891105055809021,-0.09444621205329895,0.999983012676239,0.6688478589057922,0.39118632674217224,-0.11534498631954193,0.9999567270278931,0.6852162480354309,0.40560340881347656,-0.16178056597709656,0.999970555305481,0.6749714612960815,0.4058339595794678,-0.1690542846918106,0.9999633431434631,0.719646692276001,0.46643295884132385,-0.038298025727272034,0.9999564290046692,0.656535804271698,0.4732552170753479,-0.10468068718910217,0.9998092651367188,0.7591317892074585,0.4221138060092926,-0.06384201347827911,0.9460753202438354,0.6170403361320496,0.4250955879688263,-0.18105003237724304,0.9452988505363464,0.7946596145629883,0.35122254490852356,-0.1596372276544571,0.9735458493232727,0.5824910998344421,0.36376458406448364,-0.29001909494400024,0.9362735748291016,0.8021031022071838,0.3236948549747467,-0.17942921817302704,0.9672699570655823,0.5692046284675598,0.34172484278678894,-0.32026207447052,0.9116858839988708,0.8032201528549194,0.31712606549263,-0.19931326806545258,0.9707047343254089,0.5683922171592712,0.3383776843547821,-0.33334702253341675,0.9143608808517456,0.7994788289070129,0.3285079896450043,-0.17174755036830902,0.9663538932800293,0.5742077231407166,0.3485705256462097,-0.3012102246284485,0.8998302817344666,0.7092791199684143,0.661629319190979,0.030036401003599167,0.9999812245368958,0.6672775745391846,0.6574177742004395,-0.030229995027184486,0.9999760985374451,0.7533206939697266,0.7734860181808472,-0.038450874388217926,0.7559998631477356,0.6155503392219543,0.7727156281471252,-0.12280145287513733,0.890549898147583,0.7033289074897766,0.8948140740394592,0.08032765239477158,0.7344370484352112,0.5504461526870728,0.8838744163513184,-0.13037608563899994,0.95755934715271,0.6885436177253723,0.9182378053665161,0.0869813784956932,0.8008425235748291,0.5423171520233154,0.9131206274032593,-0.1359053999185562,0.8295122385025024,0.7363061904907227,0.9285324811935425,0.007714494131505489,0.7876538038253784,0.525722324848175,0.8808273077011108,-0.24478422105312347,0.9458975195884705
195,0.6802413463592529,0.39107608795166016,-0.21034248173236847,0.9999956488609314,0.6850268840789795,0.3772830665111542,-0.19395078718662262,0.9999849796295166,0.6885704398155212,0.37844032049179077,-0.19413797557353973,0.9999787211418152,0.6912955045700073,0.3797231912612915,-0.194098100066185,0.9999866485595703,0.6758366227149963,0.3781599700450897,-0.19904713332653046,0.9999914169311523,0.6732938885688782,0.37924379110336304,-0.19927863776683807,0.9999909400939941,0.670383870601654,0.38105249404907227,-0.19935791194438934,0.9999909400939941,0.6956062316894531,0.3892735242843628,-0.10669679939746857,0.9999834895133972,0.6688692569732666,0.39121437072753906,-0.1294941008090973,0.9999575018882751,0.6854318976402283,0.4065437912940979,-0.17663492262363434,0.9999708533287048,0.6754150986671448,0.40690502524375916,-0.18445321917533875,0.9999635815620422,0.7197961211204529,0.46652188897132874,-0.041941653937101364,0.9999562501907349,0.6565238237380981,0.47305983304977417,-0.11581025272607803,0.9998070001602173,0.7601400017738342,0.42243877053260803,-0.0632360652089119,0.948576033115387,0.6130804419517517,0.4221115708351135,-0.19122213125228882,0.949226438999176,0.796441912651062,0.3515986204147339,-0.15624235570430756,0.9748382568359375,0.579788088798523,0.36177197098731995,-0.3033156394958496,0.9393925070762634,0.8044118881225586,0.324042946100235,-0.17560173571109772,0.9685195088386536,0.5647388100624084,0.3404277563095093,-0.3342137932777405,0.9149322509765625,0.8053606748580933,0.31741252541542053,-0.19418078660964966,0.9719341993331909,0.5638302564620972,0.33695313334465027,-0.3474392294883728,0.9177988767623901,0.8013197183609009,0.3287375867366791,-0.1677265763282776,0.9678869247436523,0.5703181624412537,0.34627005457878113,-0.31464216113090515,0.9038162231445312,0.7092377543449402,0.6615672707557678,0.032450370490550995,0.9999802112579346,0.6673067808151245,0.6574639678001404,-0.03262484073638916,0.9999749064445496,0.7534129619598389,0.7734362483024597,-0.02621527947485447,0.7596563696861267,0.6155422329902649,0.7737905383110046,-0.13071602582931519,0.8966331481933594,0.7036489248275757,0.8947874307632446,0.08592917770147324,0.7444342970848083,0.5505119562149048,0.8813983201980591,-0.12502679228782654,0.95810866355896,0.6893948912620544,0.9182959198951721,0.09205237776041031,0.8110224604606628,0.5395112633705139,0.9006143808364868,-0.12798096239566803,0.8317641615867615,0.7365652322769165,0.928545355796814,0.0084180673584342,0.7955996990203857,0.533377468585968,0.8971835374832153,-0.23513354361057281,0.946619987487793
196,0.6807252764701843,0.391329288482666,-0.2031426876783371,0.9999956488609314,0.685521125793457,0.3773558437824249,-0.18636555969715118,0.9999847412109375,0.6889855265617371,0.3784831762313843,-0.18655279278755188,0.9999784231185913,0.6916784644126892,0.3797414004802704,-0.18651095032691956,0.9999864101409912,0.6761693954467773,0.37834611535072327,-0.19181030988693237,0.9999912977218628,0.6735519766807556,0.3794260025024414,-0.19204121828079224,0.9999908804893494,0.6705582141876221,0.3812023997306824,-0.19212430715560913,0.9999908208847046,0.6959512829780579,0.38937026262283325,-0.09901101887226105,0.9999833703041077,0.668983519077301,0.3912331163883209,-0.1234179437160492,0.9999570250511169,0.6860393285751343,0.4067689776420593,-0.16960284113883972,0.9999701976776123,0.67582768201828,0.4072512686252594,-0.1778610795736313,0.9999626278877258,0.7198382616043091,0.4665191173553467,-0.03504294157028198,0.9999552369117737,0.6567649841308594,0.4724031984806061,-0.11288101971149445,0.9998034834861755,0.7603063583374023,0.42373502254486084,-0.05292890593409538,0.9497659802436829,0.6138030290603638,0.42215484380722046,-0.18951429426670074,0.9524097442626953,0.7972457408905029,0.353561133146286,-0.13944673538208008,0.9756633043289185,0.579606831073761,0.3627359867095947,-0.3020029366016388,0.9417287111282349,0.8053423762321472,0.3261038064956665,-0.15750940144062042,0.9692798852920532,0.564470112323761,0.34049710631370544,-0.3329075276851654,0.9173043370246887,0.8061401844024658,0.3200152814388275,-0.17637577652931213,0.9727677702903748,0.5632622241973877,0.33655545115470886,-0.3459872901439667,0.9204172492027283,0.8021442294120789,0.33128049969673157,-0.15090438723564148,0.9690103530883789,0.5698188543319702,0.34612688422203064,-0.31325680017471313,0.9068626761436462,0.7092360258102417,0.6612388491630554,0.03446054831147194,0.9999790787696838,0.6678456664085388,0.6574580073356628,-0.03463124856352806,0.9999736547470093,0.7534030079841614,0.7727893590927124,-0.02048720233142376,0.7579724788665771,0.6172487139701843,0.7738022804260254,-0.13086357712745667,0.9010264277458191,0.7037948966026306,0.8947951793670654,0.08587922155857086,0.7520540952682495,0.5505397915840149,0.8806473612785339,-0.1244601160287857,0.9583637118339539,0.6896791458129883,0.918519914150238,0.09149236232042313,0.8194334506988525,0.5381895303726196,0.896835207939148,-0.12755127251148224,0.8327429890632629,0.7373450994491577,0.9285479784011841,0.006267078220844269,0.8019545674324036,0.5356594920158386,0.9019725322723389,-0.2361878603696823,0.9469688534736633
197,0.6814502477645874,0.39148467779159546,-0.2515784204006195,0.9999958872795105,0.6861852407455444,0.3774378299713135,-0.2366618514060974,0.9999855160713196,0.6895171999931335,0.3785185217857361,-0.23686376214027405,0.9999796152114868,0.692286491394043,0.37973982095718384,-0.23682960867881775,0.9999871253967285,0.6768971681594849,0.3784783184528351,-0.24236835539340973,0.999991774559021,0.6742122173309326,0.37958207726478577,-0.24261051416397095,0.9999913573265076,0.6712917685508728,0.3813692629337311,-0.24269789457321167,0.9999912977218628,0.696437418460846,0.38935941457748413,-0.15040214359760284,0.9999843835830688,0.6696985960006714,0.3912884593009949,-0.1758812516927719,0.9999591112136841,0.686928927898407,0.40681934356689453,-0.2177768349647522,0.9999716877937317,0.676704466342926,0.40734943747520447,-0.22636036574840546,0.9999644160270691,0.7203634977340698,0.46651357412338257,-0.07885614037513733,0.9999569654464722,0.6569336652755737,0.4721096456050873,-0.15565451979637146,0.9998079538345337,0.7619530558586121,0.4237256944179535,-0.08994559943675995,0.9531112909317017,0.6117315888404846,0.4205307066440582,-0.2235846221446991,0.956217885017395,0.7994958162307739,0.3533341586589813,-0.1746513843536377,0.9771177768707275,0.5771414637565613,0.3626362085342407,-0.32965293526649475,0.9442676901817322,0.8080609440803528,0.32582762837409973,-0.19276019930839539,0.9707509279251099,0.5617512464523315,0.3404161036014557,-0.36011770367622375,0.9194602370262146,0.8090531826019287,0.31967073678970337,-0.21412847936153412,0.9741650819778442,0.5604971051216125,0.3364401161670685,-0.37513577938079834,0.9228286147117615,0.8049662113189697,0.33095940947532654,-0.1869777888059616,0.9707134962081909,0.5672438740730286,0.3459193706512451,-0.34149616956710815,0.9096845984458923,0.7091904282569885,0.6611326336860657,0.03433895856142044,0.9999788999557495,0.6678355932235718,0.6574830412864685,-0.03450986370444298,0.9999733567237854,0.7533999681472778,0.7722875475883484,-0.01836792752146721,0.7670653462409973,0.6171985864639282,0.7740232944488525,-0.12469490617513657,0.9071885347366333,0.7038699388504028,0.8947590589523315,0.09088276326656342,0.7625601887702942,0.5506090521812439,0.8806076049804688,-0.11745653301477432,0.9595970511436462,0.6897916197776794,0.9186795949935913,0.0965341180562973,0.8292481303215027,0.5381520390510559,0.898099958896637,-0.12079551070928574,0.8368751406669617,0.737348735332489,0.928542971611023,0.011192619800567627,0.8108254671096802,0.535041093826294,0.8999739289283752,-0.22902829945087433,0.9486925601959229
198,0.682039201259613,0.39163738489151,-0.2301408350467682,0.9999960064888,0.686872661113739,0.377450555562973,-0.2144748419523239,0.999985933303833,0.6900514960289001,0.3785085380077362,-0.21466878056526184,0.9999802112579346,0.6928529739379883,0.3797034025192261,-0.2146318107843399,0.9999874830245972,0.6775519251823425,0.37864950299263,-0.21992793679237366,0.9999920129776001,0.674842894077301,0.37981706857681274,-0.2201618254184723,0.9999915957450867,0.672002911567688,0.3816372752189636,-0.22024397552013397,0.9999914765357971,0.6970126628875732,0.38926878571510315,-0.12876461446285248,0.9999849200248718,0.6704062819480896,0.39132964611053467,-0.15302936732769012,0.9999600052833557,0.6878162026405334,0.4068140983581543,-0.1968717724084854,0.9999723434448242,0.6775598526000977,0.4073730409145355,-0.205112487077713,0.9999651312828064,0.7211636900901794,0.46650099754333496,-0.06260301917791367,0.9999580979347229,0.6573413610458374,0.47191882133483887,-0.13805393874645233,0.9998104572296143,0.762237548828125,0.42394939064979553,-0.08153080940246582,0.9556297659873962,0.6123112440109253,0.4211330711841583,-0.2101101577281952,0.959070086479187,0.7999700903892517,0.35447147488594055,-0.17258577048778534,0.9782835245132446,0.5779426097869873,0.36686965823173523,-0.3176606595516205,0.94566410779953,0.8085438013076782,0.32651540637016296,-0.19161367416381836,0.971956193447113,0.562588095664978,0.34555622935295105,-0.34816792607307434,0.92030268907547,0.8099775910377502,0.320360392332077,-0.21170669794082642,0.9753313660621643,0.5616344809532166,0.3424151539802551,-0.36226505041122437,0.9239591360092163,0.8059663772583008,0.33143264055252075,-0.18454089760780334,0.9721377491950989,0.5683366060256958,0.35250523686408997,-0.32918182015419006,0.9111233353614807,0.7090436816215515,0.661212146282196,0.03439541906118393,0.9999784231185913,0.6676865220069885,0.6575535535812378,-0.03456377983093262,0.9999727010726929,0.7532196640968323,0.7720988988876343,-0.018994523212313652,0.770869791507721,0.6171533465385437,0.774200439453125,-0.12421219050884247,0.9115151762962341,0.703940212726593,0.8942970633506775,0.0909813791513443,0.7686091661453247,0.5506134629249573,0.8801648020744324,-0.12047406286001205,0.9600973725318909,0.6898292899131775,0.9186647534370422,0.0967194065451622,0.8358436226844788,0.5381527543067932,0.8991329073905945,-0.12431159615516663,0.838640034198761,0.7373340725898743,0.9284272193908691,0.012494738213717937,0.8157427906990051,0.5345799326896667,0.8982258439064026,-0.2325017750263214,0.9493318200111389
199,0.6827184557914734,0.39211130142211914,-0.2477705329656601,0.9999962449073792,0.6876217126846313,0.37773093581199646,-0.23308201134204865,0.9999866485595703,0.6906681656837463,0.378669410943985,-0.23328395187854767,0.9999813437461853,0.6935024261474609,0.3797755241394043,-0.2332472801208496,0.9999881386756897,0.678263247013092,0.37908297777175903,-0.2381071299314499,0.9999924302101135,0.675525963306427,0.380302369594574,-0.23833879828453064,0.9999920725822449,0.6727244257926941,0.38216447830200195,-0.23841920495033264,0.9999918937683105,0.6975915431976318,0.38925901055336,-0.14808301627635956,0.9999858140945435,0.6710854172706604,0.3914576470851898,-0.17027460038661957,0.9999620914459229,0.6884723901748657,0.40690717101097107,-0.21440443396568298,0.9999738335609436,0.678270697593689,0.407526433467865,-0.22204770147800446,0.9999669194221497,0.7216677069664001,0.46649473905563354,-0.08044005930423737,0.9999600648880005,0.657974898815155,0.4717305898666382,-0.1493772715330124,0.9998155832290649,0.7633945941925049,0.42401713132858276,-0.10130319744348526,0.9586552381515503,0.6127687692642212,0.42226532101631165,-0.222991481423378,0.961732029914856,0.8012359738349915,0.3554475009441376,-0.195378378033638,0.979712188243866,0.5771068334579468,0.36677590012550354,-0.3350539207458496,0.9476287364959717,0.8098164796829224,0.3269040286540985,-0.21584412455558777,0.9736455678939819,0.5611069798469543,0.34619733691215515,-0.36621078848838806,0.9226306676864624,0.8121309280395508,0.32089683413505554,-0.23584185540676117,0.9768889546394348,0.5603552460670471,0.34336161613464355,-0.38078969717025757,0.9264506697654724,0.8081439137458801,0.33228427171707153,-0.20744237303733826,0.9739501476287842,0.5667266845703125,0.3519706726074219,-0.34695473313331604,0.914333701133728,0.7090214490890503,0.6612003445625305,0.03400764241814613,0.9999781250953674,0.667675793170929,0.6573246121406555,-0.03416980430483818,0.9999722838401794,0.7532150745391846,0.7721961736679077,-0.022701509296894073,0.7772718071937561,0.617114245891571,0.7740753889083862,-0.12058712542057037,0.9155703783035278,0.7041248083114624,0.8942211270332336,0.09280098229646683,0.7748118042945862,0.5506197810173035,0.8801714777946472,-0.11894187331199646,0.961089015007019,0.6899778246879578,0.9186640381813049,0.09913726896047592,0.8423727750778198,0.5381726026535034,0.9003022313117981,-0.12316466867923737,0.8425237536430359,0.7373265624046326,0.9281756281852722,0.01463213562965393,0.8216035962104797,0.5340166687965393,0.8970628976821899,-0.23292188346385956,0.9507087469100952
200,0.6834253072738647,0.392257422208786,-0.2546499967575073,0.999996542930603,0.6882181763648987,0.3778285086154938,-0.24012674391269684,0.9999876022338867,0.6912521123886108,0.3787119388580322,-0.2403286099433899,0.9999827146530151,0.6941511631011963,0.37977680563926697,-0.24029220640659332,0.9999890327453613,0.6790189146995544,0.37923935055732727,-0.24574892222881317,0.9999929666519165,0.6762973070144653,0.38047629594802856,-0.24598704278469086,0.9999926686286926,0.6735670566558838,0.3823469877243042,-0.2460644245147705,0.9999924898147583,0.6982946395874023,0.38921260833740234,-0.15529568493366241,0.9999868869781494,0.6717272996902466,0.3915051221847534,-0.18020829558372498,0.9999648332595825,0.6893254518508911,0.4069446623325348,-0.2212996780872345,0.9999758005142212,0.6790563464164734,0.407538503408432,-0.2297181785106659,0.9999693632125854,0.7224551439285278,0.46649065613746643,-0.08399868756532669,0.999962568283081,0.6585165858268738,0.47110798954963684,-0.15750256180763245,0.9998259544372559,0.7654125690460205,0.4240613877773285,-0.09516318887472153,0.9618416428565979,0.6121705770492554,0.42198702692985535,-0.2214360237121582,0.9649654626846313,0.8032305836677551,0.3555375039577484,-0.18494482338428497,0.981269896030426,0.5740070343017578,0.3656763732433319,-0.32789531350135803,0.9513342976570129,0.8122844099998474,0.32722973823547363,-0.20504362881183624,0.9754812717437744,0.5576468110084534,0.3454267680644989,-0.3579491078853607,0.9274921417236328,0.8140814900398254,0.32169368863105774,-0.22464974224567413,0.9785475134849548,0.5563991069793701,0.34322792291641235,-0.3736014664173126,0.9312200546264648,0.8100690841674805,0.3326677083969116,-0.1969015896320343,0.9758685827255249,0.5630252957344055,0.35096338391304016,-0.3400197923183441,0.9198804497718811,0.7090606093406677,0.6603336930274963,0.034114256501197815,0.9999780654907227,0.6684064865112305,0.65605229139328,-0.034277841448783875,0.9999723434448242,0.7532091736793518,0.7719386219978333,-0.018667710945010185,0.7853884696960449,0.6186084747314453,0.7731548547744751,-0.120881587266922,0.9209545850753784,0.704220175743103,0.8937448859214783,0.09661117196083069,0.7805649042129517,0.550621747970581,0.8801656365394592,-0.12087807059288025,0.962435781955719,0.6899875998497009,0.9185492992401123,0.10290930420160294,0.8494802117347717,0.538722038269043,0.90064936876297,-0.12519201636314392,0.8472070693969727,0.7373198866844177,0.9280520677566528,0.021131465211510658,0.827900230884552,0.5338416695594788,0.8963215947151184,-0.23389898240566254,0.9526300430297852
201,0.684768795967102,0.3923337161540985,-0.24065928161144257,0.9999967813491821,0.6894604563713074,0.377837598323822,-0.22545619308948517,0.999988317489624,0.6922829151153564,0.3787061870098114,-0.2256525456905365,0.9999838471412659,0.6954002380371094,0.37971755862236023,-0.2256147563457489,0.9999896883964539,0.6804311871528625,0.37928587198257446,-0.2302398681640625,0.9999933838844299,0.6776009202003479,0.38052597641944885,-0.23047368228435516,0.9999931454658508,0.6749612092971802,0.38237518072128296,-0.2305464893579483,0.9999929070472717,0.6995400190353394,0.3890421688556671,-0.14072537422180176,0.9999877214431763,0.6726149916648865,0.3915162682533264,-0.16177374124526978,0.9999669790267944,0.690902590751648,0.40694180130958557,-0.20762993395328522,0.9999772310256958,0.6802541613578796,0.4075455665588379,-0.21494849026203156,0.9999712109565735,0.7242416739463806,0.4664694666862488,-0.07474711537361145,0.9999642968177795,0.6590892672538757,0.4707097113132477,-0.1416521668434143,0.9998336434364319,0.7667614817619324,0.4243338406085968,-0.09370897710323334,0.9645888209342957,0.6112978458404541,0.4213579595088959,-0.21282464265823364,0.9675959348678589,0.8043174743652344,0.35685694217681885,-0.1859278678894043,0.9825686812400818,0.572796642780304,0.36559221148490906,-0.3172312378883362,0.9542255401611328,0.8138762712478638,0.32865267992019653,-0.20587493479251862,0.9769865870475769,0.5563276410102844,0.34499087929725647,-0.34389743208885193,0.9312179684638977,0.8154128789901733,0.32379260659217834,-0.22541464865207672,0.9799096584320068,0.5549961924552917,0.34242987632751465,-0.3622046113014221,0.9348991513252258,0.8115631937980652,0.33437231183052063,-0.19780153036117554,0.9774676561355591,0.5615015625953674,0.3505956530570984,-0.3303668200969696,0.9243594408035278,0.7090591788291931,0.6604216694831848,0.03310851380228996,0.9999781847000122,0.6683876514434814,0.6559972763061523,-0.03328202664852142,0.9999725222587585,0.7530965805053711,0.7717366218566895,-0.025479622185230255,0.7938404083251953,0.6187829375267029,0.7726085782051086,-0.1179221048951149,0.9249805808067322,0.7043547034263611,0.8932603001594543,0.09550268948078156,0.7850783467292786,0.5506538152694702,0.8800700306892395,-0.11715405434370041,0.9633342027664185,0.6900003552436829,0.9181926250457764,0.10104818642139435,0.8549802899360657,0.5395534038543701,0.9016581177711487,-0.12129493057727814,0.8508105278015137,0.7368873357772827,0.9278632402420044,0.01742289401590824,0.8327325582504272,0.5321046710014343,0.8930724263191223,-0.22772742807865143,0.9539585709571838
202,0.685872495174408,0.3925521969795227,-0.2576344609260559,0.9999970197677612,0.6904376745223999,0.37797918915748596,-0.2426925003528595,0.9999890923500061,0.6932123899459839,0.37876591086387634,-0.2428930699825287,0.9999849796295166,0.6963399052619934,0.37972205877304077,-0.2428530901670456,0.9999904036521912,0.6814882159233093,0.37948906421661377,-0.24895183742046356,0.9999938607215881,0.6786667108535767,0.38074561953544617,-0.249186173081398,0.999993622303009,0.6760738492012024,0.38257914781570435,-0.249262273311615,0.9999933838844299,0.7002948522567749,0.3889806866645813,-0.15634965896606445,0.9999886155128479,0.6735194325447083,0.39162635803222656,-0.18406495451927185,0.9999691247940063,0.6918286681175232,0.40699490904808044,-0.22377245128154755,0.9999787211418152,0.6813451051712036,0.4075942635536194,-0.2330021858215332,0.9999731183052063,0.7250074744224548,0.46654054522514343,-0.0852736309170723,0.9999663829803467,0.6598145961761475,0.47035449743270874,-0.16089306771755219,0.9998412132263184,0.7685919404029846,0.4247446656227112,-0.09641562402248383,0.9671036005020142,0.6116398572921753,0.421385794878006,-0.22674670815467834,0.9700990319252014,0.806729257106781,0.3572023808956146,-0.18505339324474335,0.983802080154419,0.5737794637680054,0.3692595958709717,-0.3312569260597229,0.9562849402427673,0.8163389563560486,0.3290904760360718,-0.20403580367565155,0.978410542011261,0.5574536919593811,0.34932246804237366,-0.36050164699554443,0.9333388805389404,0.8172160387039185,0.324276864528656,-0.22515438497066498,0.9812089800834656,0.5560962557792664,0.3448418974876404,-0.37757620215415955,0.9371455907821655,0.8133455514907837,0.33486196398735046,-0.1974690854549408,0.978974461555481,0.5628783106803894,0.3542606234550476,-0.34387534856796265,0.9271008372306824,0.7087342739105225,0.6602385640144348,0.03319723904132843,0.999978244304657,0.668369472026825,0.6550604701042175,-0.03336745873093605,0.9999724626541138,0.7520414590835571,0.7702470421791077,-0.01773160696029663,0.8007503747940063,0.6193917989730835,0.7724902033805847,-0.11759991198778152,0.929085910320282,0.7043527364730835,0.8932813405990601,0.09327108412981033,0.7939329147338867,0.5506886839866638,0.8800387978553772,-0.1161547526717186,0.964528501033783,0.6899987459182739,0.9183019399642944,0.09977952390909195,0.8616560697555542,0.5395677089691162,0.9019114971160889,-0.12031861394643784,0.8548149466514587,0.7369133234024048,0.9279815554618835,0.0148027203977108,0.8404783606529236,0.5321733355522156,0.8926920890808105,-0.22781799733638763,0.955712080001831
203,0.687252402305603,0.39270251989364624,-0.26326242089271545,0.9999972581863403,0.6915705800056458,0.37812355160713196,-0.24871431291103363,0.999989926815033,0.6943785548210144,0.378845751285553,-0.24891573190689087,0.9999861717224121,0.6975424289703369,0.3797430396080017,-0.24887725710868835,0.9999911189079285,0.6826050281524658,0.379597008228302,-0.2546546757221222,0.9999943375587463,0.6797403693199158,0.38082605600357056,-0.25489020347595215,0.9999940991401672,0.6771441102027893,0.3826296329498291,-0.2549651861190796,0.9999938607215881,0.7012569308280945,0.3889318108558655,-0.16300076246261597,0.9999895095825195,0.6745158433914185,0.3916294574737549,-0.18895213305950165,0.9999715089797974,0.6932461857795715,0.4070669412612915,-0.2294265627861023,0.9999802708625793,0.6825839281082153,0.4076496958732605,-0.23817232251167297,0.9999750852584839,0.7257797122001648,0.4665423333644867,-0.09203606098890305,0.999968409538269,0.6605364680290222,0.46945807337760925,-0.16326569020748138,0.9998501539230347,0.7700954079627991,0.4255542457103729,-0.103153295814991,0.9696449041366577,0.6117876768112183,0.42140844464302063,-0.22596368193626404,0.9725746512413025,0.8089520335197449,0.358154296875,-0.19033578038215637,0.9850572943687439,0.5727914571762085,0.36905068159103394,-0.3276744782924652,0.9592887759208679,0.8189277648925781,0.3308897316455841,-0.20893852412700653,0.9799439907073975,0.5556952953338623,0.3497951030731201,-0.35655319690704346,0.9373588562011719,0.8197020292282104,0.32599902153015137,-0.23100493848323822,0.9825810194015503,0.5543234944343567,0.3445987403392792,-0.37330949306488037,0.9410499334335327,0.8158959746360779,0.3363243341445923,-0.20306730270385742,0.9805487394332886,0.5620914101600647,0.35448044538497925,-0.3400769829750061,0.9317343235015869,0.7082951664924622,0.6604093909263611,0.03241642937064171,0.9999784231185913,0.668209433555603,0.6550767421722412,-0.03258506953716278,0.9999726414680481,0.7518020272254944,0.7705691456794739,-0.0200919508934021,0.812208890914917,0.6192774176597595,0.772337794303894,-0.11254384368658066,0.9335503578186035,0.7043488621711731,0.8942641615867615,0.09225504845380783,0.8039959073066711,0.5506364703178406,0.8818283677101135,-0.10976698249578476,0.9660864472389221,0.689910352230072,0.9186105728149414,0.09850624948740005,0.8690857887268066,0.5396901369094849,0.9050781726837158,-0.11383663862943649,0.8610109686851501,0.7372840046882629,0.928919792175293,0.01655075140297413,0.8486726880073547,0.5292026996612549,0.886584997177124,-0.2170438915491104,0.9577661156654358
204,0.6885496973991394,0.3927451968193054,-0.28529465198516846,0.9999974966049194,0.6927047967910767,0.37814170122146606,-0.27118757367134094,0.9999908208847046,0.6956329941749573,0.378844678401947,-0.2713872790336609,0.9999873638153076,0.6988894939422607,0.37969768047332764,-0.27134713530540466,0.9999918937683105,0.6837638020515442,0.3796030879020691,-0.27727988362312317,0.9999948143959045,0.6808757185935974,0.3808263838291168,-0.2775212228298187,0.9999946355819702,0.678313672542572,0.3826245963573456,-0.2775993049144745,0.9999943971633911,0.702534019947052,0.38847362995147705,-0.18335962295532227,0.9999904036521912,0.6756927967071533,0.3916137218475342,-0.20980125665664673,0.9999739527702332,0.6946144104003906,0.40706002712249756,-0.25026121735572815,0.9999818801879883,0.6838997602462769,0.4076484143733978,-0.25915154814720154,0.9999771118164062,0.72687166929245,0.46655330061912537,-0.10516750812530518,0.9999703764915466,0.661878764629364,0.46841031312942505,-0.17935116589069366,0.9998593330383301,0.7725294828414917,0.4262646436691284,-0.10970792919397354,0.9718575477600098,0.611784040927887,0.4214068055152893,-0.23912413418293,0.9748817086219788,0.8117605447769165,0.3585020899772644,-0.19388119876384735,0.9861069321632385,0.5729034543037415,0.3689839541912079,-0.33975568413734436,0.9616639614105225,0.8213583827018738,0.3317909836769104,-0.2119320183992386,0.9811720848083496,0.5557754039764404,0.3513921797275543,-0.36887919902801514,0.9401035904884338,0.8222331404685974,0.32703742384910583,-0.2352876216173172,0.9836950898170471,0.554413378238678,0.3458278179168701,-0.38654354214668274,0.9437974691390991,0.8186979293823242,0.3370627760887146,-0.20698943734169006,0.9818301796913147,0.562367856502533,0.35529887676239014,-0.35242852568626404,0.9349946975708008,0.7078214883804321,0.6599833369255066,0.032220739871263504,0.9999786019325256,0.6684194803237915,0.6543141007423401,-0.03238356113433838,0.9999729990959167,0.7515655755996704,0.7691676616668701,-0.020800815895199776,0.8206576704978943,0.6193599104881287,0.7722206711769104,-0.11438940465450287,0.9372164607048035,0.7043230533599854,0.8945364356040955,0.08631591498851776,0.8103029131889343,0.5508235692977905,0.8838170766830444,-0.11124781519174576,0.9669038653373718,0.6897864937782288,0.9188115000724792,0.09143219888210297,0.8746329545974731,0.5403724908828735,0.9096357822418213,-0.11521950364112854,0.8654246926307678,0.7373092770576477,0.9289889931678772,0.011932695284485817,0.854145884513855,0.5276541113853455,0.883228063583374,-0.2177717089653015,0.9590574502944946
205,0.6899842619895935,0.3928421139717102,-0.2925325632095337,0.9999977350234985,0.6943398714065552,0.37816697359085083,-0.2786756455898285,0.9999915957450867,0.6973060369491577,0.3788453936576843,-0.27887633442878723,0.9999884366989136,0.7006350159645081,0.3796810209751129,-0.2788350284099579,0.9999925494194031,0.6852649450302124,0.37961822748184204,-0.2843998670578003,0.999995231628418,0.682325005531311,0.38083386421203613,-0.2846415340900421,0.9999951124191284,0.67973792552948,0.382625013589859,-0.2847190797328949,0.9999948740005493,0.704212486743927,0.38826948404312134,-0.1911952644586563,0.9999911785125732,0.6771195530891418,0.39161187410354614,-0.21608904004096985,0.9999760985374451,0.6959567666053772,0.4070618450641632,-0.2576097249984741,0.9999833106994629,0.6852729916572571,0.4076516926288605,-0.2660464942455292,0.9999789595603943,0.7280722260475159,0.46701401472091675,-0.11158899962902069,0.9999722242355347,0.663104772567749,0.4676963984966278,-0.18413162231445312,0.9998683333396912,0.774188220500946,0.42817363142967224,-0.11468873172998428,0.9738928079605103,0.6112420558929443,0.4212484657764435,-0.24115684628486633,0.9770139455795288,0.8143388032913208,0.36068403720855713,-0.19939164817333221,0.9871014952659607,0.5720930695533752,0.368735671043396,-0.34150230884552,0.9640217423439026,0.8248981237411499,0.3357783854007721,-0.21741677820682526,0.982364296913147,0.5546157360076904,0.35125744342803955,-0.37038204073905945,0.9429428577423096,0.825164794921875,0.33006730675697327,-0.24140971899032593,0.9847717881202698,0.5532331466674805,0.34549999237060547,-0.3889898359775543,0.9466508030891418,0.8211111426353455,0.34020325541496277,-0.21270591020584106,0.9830570220947266,0.5615704655647278,0.35501083731651306,-0.35454046726226807,0.9384177923202515,0.7075332403182983,0.6596614718437195,0.03203035518527031,0.9999786019325256,0.6684889197349548,0.6540365219116211,-0.03219315782189369,0.9999731779098511,0.7514228224754333,0.7681945562362671,-0.020358439534902573,0.8263528347015381,0.6200880408287048,0.7720282077789307,-0.11539574712514877,0.9402597546577454,0.7043259143829346,0.8945323824882507,0.08618027716875076,0.8154365420341492,0.551077127456665,0.8836928009986877,-0.11060002446174622,0.9674447774887085,0.6897093057632446,0.9189938306808472,0.09107743203639984,0.8791170716285706,0.5411753058433533,0.9094821810722351,-0.11437593400478363,0.8685146570205688,0.7376258373260498,0.9291579723358154,0.010874142870306969,0.8591758608818054,0.5278434157371521,0.8827295899391174,-0.2173021137714386,0.96016526222229
206,0.6913903951644897,0.3930273652076721,-0.24464517831802368,0.9999979138374329,0.6959980130195618,0.378414124250412,-0.22871659696102142,0.9999921917915344,0.6989520788192749,0.3789796829223633,-0.22888866066932678,0.9999892711639404,0.702361524105072,0.3797343671321869,-0.22883464395999908,0.999993085861206,0.6868956685066223,0.37985315918922424,-0.23386302590370178,0.9999955892562866,0.6840022206306458,0.3810514807701111,-0.23408974707126617,0.9999954700469971,0.6814566850662231,0.3828117847442627,-0.2341529279947281,0.999995231628418,0.7062566876411438,0.38816744089126587,-0.13989417254924774,0.999991774559021,0.6789061427116394,0.39165595173835754,-0.16196388006210327,0.9999778270721436,0.6975172758102417,0.4070773422718048,-0.20987163484096527,0.9999843835830688,0.6868401765823364,0.40768009424209595,-0.21749524772167206,0.9999803900718689,0.7303078770637512,0.4672992527484894,-0.06666486710309982,0.9999732375144958,0.6644442081451416,0.46649616956710815,-0.1384267359972,0.9998761415481567,0.7773514986038208,0.4296480715274811,-0.07947666198015213,0.9754952788352966,0.6144909262657166,0.42641836404800415,-0.19621430337429047,0.978836178779602,0.8166662454605103,0.3637205958366394,-0.17252440750598907,0.9879599213600159,0.5734816789627075,0.3729712963104248,-0.2964042127132416,0.9664635062217712,0.8277710676193237,0.3399876058101654,-0.19085650146007538,0.9833863973617554,0.5559586882591248,0.35729366540908813,-0.32408154010772705,0.9463054537773132,0.8278811573982239,0.33336856961250305,-0.21300286054611206,0.9856936931610107,0.5543758869171143,0.3516547381877899,-0.34221920371055603,0.9498828053474426,0.8234133124351501,0.34337317943573,-0.18531464040279388,0.9841154217720032,0.5636265277862549,0.3613848090171814,-0.30918121337890625,0.9421948194503784,0.7069628834724426,0.6583042144775391,0.03188478574156761,0.9999785423278809,0.6684935688972473,0.6515836119651794,-0.032046280801296234,0.9999732971191406,0.7506820559501648,0.7639850974082947,-0.029682790860533714,0.8338345289230347,0.6230677962303162,0.7700030207633972,-0.1204075887799263,0.943867027759552,0.704558253288269,0.8937307000160217,0.06100811809301376,0.8238433599472046,0.5521401166915894,0.8834320902824402,-0.12193063646554947,0.9686511158943176,0.6897631883621216,0.9190650582313538,0.06418755650520325,0.8853683471679688,0.5428935289382935,0.9102140665054321,-0.12650859355926514,0.8734921813011169,0.7395609617233276,0.9295957088470459,-0.01803029142320156,0.8658263683319092,0.5276157855987549,0.8788923025131226,-0.22769047319889069,0.9616978168487549
207,0.6929565072059631,0.39307478070259094,-0.24067044258117676,0.9999980926513672,0.697887659072876,0.37838831543922424,-0.224916473031044,0.9999927878379822,0.7008184790611267,0.3788413107395172,-0.22509387135505676,0.9999901056289673,0.704138457775116,0.37942221760749817,-0.22503741085529327,0.9999935626983643,0.6887115836143494,0.37988772988319397,-0.22997620701789856,0.9999959468841553,0.6858575344085693,0.38109204173088074,-0.23020219802856445,0.9999958276748657,0.683272123336792,0.38284388184547424,-0.23026981949806213,0.9999955892562866,0.7084270715713501,0.3874366283416748,-0.13675722479820251,0.999992311000824,0.6809622049331665,0.39161139726638794,-0.1585380733013153,0.9999796152114868,0.6992875337600708,0.4070706367492676,-0.20623482763767242,0.9999854564666748,0.6886681914329529,0.40766435861587524,-0.2137327492237091,0.9999818205833435,0.7316729426383972,0.4674667716026306,-0.062404878437519073,0.999974250793457,0.6664775013923645,0.46470850706100464,-0.13606204092502594,0.9998849630355835,0.7801843285560608,0.432573527097702,-0.07150658965110779,0.9768038392066956,0.6191972494125366,0.4354274272918701,-0.19216126203536987,0.9806007742881775,0.8191207051277161,0.369306743144989,-0.16196155548095703,0.9887974262237549,0.5770771503448486,0.3783256709575653,-0.293883740901947,0.969386875629425,0.8313167095184326,0.3470008969306946,-0.17931672930717468,0.9844509363174438,0.5587793588638306,0.36121928691864014,-0.32197365164756775,0.9507789015769958,0.8310652375221252,0.337779700756073,-0.2020406574010849,0.9866509437561035,0.55745530128479,0.3551170229911804,-0.340543270111084,0.9541066884994507,0.8261147737503052,0.3475660979747772,-0.1748543679714203,0.9852033257484436,0.5665717720985413,0.3644106984138489,-0.30683794617652893,0.9470342397689819,0.7071135640144348,0.6572129726409912,0.031877972185611725,0.9999778866767883,0.6688717007637024,0.6495426893234253,-0.03203895688056946,0.9999731183052063,0.7501625418663025,0.7641195058822632,-0.02824285440146923,0.8330526947975159,0.6226090788841248,0.764883816242218,-0.12205252051353455,0.9458110928535461,0.704670786857605,0.8928253650665283,0.06735248118638992,0.8248046040534973,0.5521406531333923,0.8817352056503296,-0.12239856272935867,0.9686315059661865,0.6897689700126648,0.9190284013748169,0.071134552359581,0.8883086442947388,0.5428131818771362,0.9088391065597534,-0.1267566829919815,0.8753750920295715,0.7394832372665405,0.9296444654464722,-0.009225358255207539,0.8679391741752625,0.5277620553970337,0.879696786403656,-0.22719690203666687,0.9620276093482971
208,0.6952999830245972,0.39314424991607666,-0.2470465749502182,0.9999982714653015,0.7001989483833313,0.3783796429634094,-0.2316778302192688,0.9999933838844299,0.7031686305999756,0.3787735402584076,-0.23184630274772644,0.9999909400939941,0.7065382599830627,0.3792974352836609,-0.23177523910999298,0.9999940395355225,0.6910142302513123,0.37989139556884766,-0.23626767098903656,0.9999963045120239,0.6880889534950256,0.38109278678894043,-0.23650066554546356,0.9999961853027344,0.6854650378227234,0.3828381597995758,-0.23657068610191345,0.9999959468841553,0.7107970714569092,0.38691070675849915,-0.14061452448368073,0.999992847442627,0.6826841235160828,0.3913639783859253,-0.15950380265712738,0.9999814033508301,0.7016345858573914,0.4070798456668854,-0.21117191016674042,0.9999865293502808,0.6909617185592651,0.4076637625694275,-0.2179029881954193,0.9999832510948181,0.7333114743232727,0.4679412841796875,-0.06603249907493591,0.9999746680259705,0.6681970357894897,0.4628211557865143,-0.1375752091407776,0.9998932480812073,0.7823764085769653,0.4363808333873749,-0.07729960232973099,0.9780843257904053,0.6197815537452698,0.4396393299102783,-0.1845758706331253,0.982312023639679,0.8224155306816101,0.3727961480617523,-0.1678771674633026,0.989494264125824,0.5801061987876892,0.38183483481407166,-0.2767792046070099,0.9721710085868835,0.8350693583488464,0.35230985283851624,-0.1857796609401703,0.9852710962295532,0.5615890026092529,0.36436644196510315,-0.302709698677063,0.9550760984420776,0.8344926238059998,0.34198078513145447,-0.20783458650112152,0.9873847365379333,0.5613579154014587,0.35851553082466125,-0.32127004861831665,0.958139181137085,0.8294667601585388,0.35036247968673706,-0.18054908514022827,0.9860522150993347,0.5701587796211243,0.3675002455711365,-0.2892375588417053,0.9516458511352539,0.7073376178741455,0.6569380760192871,0.031055742874741554,0.9999773502349854,0.6690517663955688,0.648239016532898,-0.031209556385874748,0.9999733567237854,0.7500410676002502,0.7644141912460327,-0.028052615001797676,0.8417677879333496,0.6224815249443054,0.7632484436035156,-0.11798127740621567,0.9495968818664551,0.7046658396720886,0.8927549123764038,0.06746295094490051,0.83400559425354,0.5520007014274597,0.884399950504303,-0.11570015549659729,0.9702860116958618,0.6897603869438171,0.9190294146537781,0.07113470882177353,0.8944927453994751,0.5427535176277161,0.9105134010314941,-0.11988481879234314,0.8813186883926392,0.7394258975982666,0.9296422600746155,-0.010332425124943256,0.8750113248825073,0.5278566479682922,0.8801985383033752,-0.22191829979419708,0.9639791250228882
209,0.697818398475647,0.3931114673614502,-0.22978200018405914,0.9999984502792358,0.7027218341827393,0.37833160161972046,-0.2144281417131424,0.9999939799308777,0.7057217955589294,0.3786901831626892,-0.21459802985191345,0.9999917149543762,0.709201455116272,0.379233181476593,-0.21453121304512024,0.9999945163726807,0.6937492489814758,0.3796592056751251,-0.21887429058551788,0.9999966621398926,0.6908210515975952,0.38070520758628845,-0.2191026359796524,0.999996542930603,0.6882554888725281,0.3821963667869568,-0.21916094422340393,0.9999963045120239,0.7132998704910278,0.3867546319961548,-0.1255965232849121,0.9999934434890747,0.6848043203353882,0.39070120453834534,-0.14477163553237915,0.9999830722808838,0.7040245532989502,0.40703609585762024,-0.19489945471286774,0.9999876022338867,0.6932373642921448,0.40738624334335327,-0.2016245722770691,0.9999846816062927,0.7340660691261292,0.4679844379425049,-0.04941537603735924,0.9999759197235107,0.6697508096694946,0.4606311321258545,-0.12028912454843521,0.9999019503593445,0.7852165699005127,0.43986740708351135,-0.06100749596953392,0.9793947339057922,0.6196527481079102,0.4431683123111725,-0.16807910799980164,0.9838744401931763,0.8256947994232178,0.37540990114212036,-0.14918889105319977,0.9902803301811218,0.5810069441795349,0.38178277015686035,-0.26619312167167664,0.9747645258903503,0.8387496471405029,0.35581174492836,-0.16582423448562622,0.9862816333770752,0.5628383159637451,0.36529967188835144,-0.2920404076576233,0.9591749310493469,0.8377674221992493,0.3449338674545288,-0.1856909692287445,0.9882683753967285,0.5634569525718689,0.35933658480644226,-0.3101617395877838,0.9619802832603455,0.8324164152145386,0.3522235155105591,-0.16081306338310242,0.987045407295227,0.5718568563461304,0.3670787811279297,-0.278599351644516,0.9560600519180298,0.7074810266494751,0.6547030806541443,0.03141818940639496,0.9999768733978271,0.6700016260147095,0.6439452767372131,-0.031570758670568466,0.9999735951423645,0.749817967414856,0.764626145362854,-0.024881703779101372,0.8414866328239441,0.6257911920547485,0.7561742067337036,-0.12824994325637817,0.952605664730072,0.7046711444854736,0.8925506472587585,0.06186734884977341,0.837674617767334,0.5519944429397583,0.8821914792060852,-0.13468973338603973,0.9712635278701782,0.6897485852241516,0.9187951683998108,0.0644785538315773,0.8989898562431335,0.5422496795654297,0.903444766998291,-0.13939116895198822,0.8850769996643066,0.739376425743103,0.9301386475563049,-0.016468731686472893,0.8796687722206116,0.5349975824356079,0.8928945064544678,-0.24134986102581024,0.9654210805892944
210,0.6998234391212463,0.3930741846561432,-0.25281471014022827,0.9999985694885254,0.7048835158348083,0.37826594710350037,-0.23796714842319489,0.9999945163726807,0.7078041434288025,0.3785780668258667,-0.2381395697593689,0.9999924898147583,0.7112714648246765,0.3791384994983673,-0.23806463181972504,0.9999949932098389,0.6959407925605774,0.37949004769325256,-0.24213606119155884,0.9999969601631165,0.6930146813392639,0.3804369866847992,-0.24236327409744263,0.9999969005584717,0.6905044317245483,0.38175076246261597,-0.24242979288101196,0.9999966621398926,0.7155611515045166,0.38649624586105347,-0.146793931722641,0.9999940395355225,0.6869770288467407,0.38997000455856323,-0.16408176720142365,0.9999846816062927,0.7060203552246094,0.40694093704223633,-0.21667911112308502,0.9999886751174927,0.6953680515289307,0.4071751832962036,-0.2229812741279602,0.9999860525131226,0.7344669103622437,0.4679303467273712,-0.05743200704455376,0.9999770522117615,0.6716376543045044,0.45858028531074524,-0.12794877588748932,0.9999101758003235,0.785815954208374,0.4469631016254425,-0.0676727294921875,0.9804914593696594,0.6228935122489929,0.4495760202407837,-0.17984658479690552,0.9852967262268066,0.8272524476051331,0.3869153559207916,-0.15720830857753754,0.9909687638282776,0.5847570896148682,0.3868870139122009,-0.273703008890152,0.977128267288208,0.8408766984939575,0.3663172721862793,-0.17593131959438324,0.9871819019317627,0.5684286952018738,0.37136876583099365,-0.2997475266456604,0.9628946185112,0.8405347466468811,0.3546690046787262,-0.19561900198459625,0.9890598654747009,0.5693206787109375,0.36453330516815186,-0.3177071213722229,0.9654639363288879,0.8350436687469482,0.3628331124782562,-0.16886180639266968,0.9879266619682312,0.5772033929824829,0.3722286522388458,-0.2858814001083374,0.9600594639778137,0.7075796723365784,0.6512083411216736,0.0314127579331398,0.9999761581420898,0.6702195405960083,0.6398943662643433,-0.031564339995384216,0.999973714351654,0.7488341927528381,0.7639734745025635,-0.01432111207395792,0.8434966802597046,0.6250963807106018,0.7553232908248901,-0.11813152581453323,0.9552450180053711,0.7053801417350769,0.8913165330886841,0.06807572394609451,0.8426728248596191,0.5530591607093811,0.8819054365158081,-0.11515543609857559,0.972335159778595,0.6912029981613159,0.9177444577217102,0.06882385909557343,0.9029731154441833,0.5438514947891235,0.9036928415298462,-0.11905177682638168,0.8891883492469788,0.7393385171890259,0.9301453828811646,-0.007548024412244558,0.8844591975212097,0.5369951725006104,0.9113133549690247,-0.21822169423103333,0.9668030738830566
211,0.7019630074501038,0.39301902055740356,-0.2913265526294708,0.9999986886978149,0.7070621848106384,0.37814590334892273,-0.2788357436656952,0.9999949932098389,0.7099432349205017,0.3784105181694031,-0.2790201008319855,0.9999931454658508,0.7131972908973694,0.3789995014667511,-0.27896276116371155,0.9999954104423523,0.6979461908340454,0.3793608844280243,-0.28216567635536194,0.9999971985816956,0.6948829293251038,0.38024526834487915,-0.2824101746082306,0.9999971985816956,0.692378580570221,0.3814088702201843,-0.2824925184249878,0.9999969601631165,0.7174941897392273,0.38633522391319275,-0.19322966039180756,0.9999945163726807,0.6891443729400635,0.3892526626586914,-0.2065712958574295,0.9999860525131226,0.7081877589225769,0.4068056344985962,-0.25657451152801514,0.9999895691871643,0.6973945498466492,0.4069392681121826,-0.2616967260837555,0.9999871850013733,0.7357034087181091,0.468146413564682,-0.1095794290304184,0.9999776482582092,0.673478364944458,0.455945760011673,-0.1615738570690155,0.999917209148407,0.7881782054901123,0.4517260491847992,-0.11362461000680923,0.9818095564842224,0.6248257160186768,0.4548523724079132,-0.1820395141839981,0.9866206645965576,0.8328953981399536,0.3900354504585266,-0.19431762397289276,0.9915303587913513,0.589581310749054,0.3925315737724304,-0.27155160903930664,0.9792231321334839,0.8466871380805969,0.37242481112480164,-0.2099422961473465,0.9878441691398621,0.5732942819595337,0.37791141867637634,-0.2947138547897339,0.9661247730255127,0.8471383452415466,0.3613370954990387,-0.23377729952335358,0.9896413683891296,0.5751668214797974,0.37139421701431274,-0.3141633868217468,0.9684849381446838,0.8414939641952515,0.3676743507385254,-0.20710229873657227,0.9885897040367126,0.5827071666717529,0.37796562910079956,-0.28376060724258423,0.9635363221168518,0.7074999213218689,0.6489609479904175,0.0237579308450222,0.9999762773513794,0.6696749925613403,0.637455940246582,-0.023899096995592117,0.9999744296073914,0.7478041052818298,0.7624995112419128,-0.03473804146051407,0.8545447587966919,0.6208224892616272,0.7546572089195251,-0.0994105190038681,0.958357572555542,0.7057833075523376,0.8909940719604492,0.058094143867492676,0.8521468043327332,0.5551714301109314,0.883026659488678,-0.08032394200563431,0.9739695191383362,0.6919381618499756,0.9176154732704163,0.06111668050289154,0.9076043963432312,0.5484490990638733,0.9110905528068542,-0.08305659145116806,0.8954790234565735,0.7395278215408325,0.9307498931884766,-0.01426490768790245,0.8908740282058716,0.5360549092292786,0.9054657816886902,-0.17679363489151,0.9685758352279663
212,0.703456461429596,0.39348143339157104,-0.2789366543292999,0.9999988079071045,0.7086354494094849,0.37817618250846863,-0.2664509415626526,0.9999954104423523,0.7117835283279419,0.37842392921447754,-0.2666308283805847,0.9999936819076538,0.7145692110061646,0.3789982795715332,-0.26657864451408386,0.999995768070221,0.6990648508071899,0.3794081509113312,-0.2693958580493927,0.9999974370002747,0.6963474750518799,0.3802509307861328,-0.2696368992328644,0.9999974370002747,0.6934787034988403,0.38139447569847107,-0.2697139382362366,0.9999971985816956,0.7188896536827087,0.3862287104129791,-0.1821952611207962,0.9999948740005493,0.690830647945404,0.3884441554546356,-0.1939438283443451,0.9999872446060181,0.70954430103302,0.4069455862045288,-0.2446802407503128,0.9999902844429016,0.6991111636161804,0.40693843364715576,-0.2494092434644699,0.9999881982803345,0.7361560463905334,0.46844062209129333,-0.10293741524219513,0.9999780058860779,0.6740825176239014,0.45383691787719727,-0.1608075499534607,0.9999233484268188,0.7889021039009094,0.4597301483154297,-0.10884498059749603,0.9829385280609131,0.6247788667678833,0.4581505358219147,-0.16637246310710907,0.9877889156341553,0.8354003429412842,0.40124934911727905,-0.1907138228416443,0.9919977784156799,0.5939896702766418,0.39852699637413025,-0.237336665391922,0.9810492992401123,0.8511979579925537,0.38262391090393066,-0.20645751059055328,0.9882978796958923,0.5788604021072388,0.3835928738117218,-0.2579285800457001,0.9688630700111389,0.8512006402015686,0.37189123034477234,-0.2296985685825348,0.9900305271148682,0.5813304781913757,0.3772120773792267,-0.27779003977775574,0.9710451364517212,0.8446987271308899,0.3775577247142792,-0.20323815941810608,0.9890217185020447,0.5882765650749207,0.3833065927028656,-0.24931150674819946,0.9664545059204102,0.7073386311531067,0.648766815662384,0.018625499680638313,0.9999761581420898,0.6685522198677063,0.6378515362739563,-0.01876678876578808,0.9999749064445496,0.7465175986289978,0.7623955011367798,-0.053432706743478775,0.8630284667015076,0.6158298850059509,0.7537009716033936,-0.10132815688848495,0.9607188701629639,0.705769956111908,0.891912579536438,0.04081172123551369,0.8568819761276245,0.5571080446243286,0.8856944441795349,-0.08126721531152725,0.974763810634613,0.6919070482254028,0.9176715612411499,0.04434593766927719,0.9088021516799927,0.5530116558074951,0.916164755821228,-0.08381440490484238,0.8991471529006958,0.7391495108604431,0.9310597777366638,-0.029611432924866676,0.8931933045387268,0.5354807376861572,0.9037264585494995,-0.17532150447368622,0.9692296385765076
213,0.7059548497200012,0.3936379551887512,-0.27417054772377014,0.999998927116394,0.7111706137657166,0.37826037406921387,-0.2617192566394806,0.9999958276748657,0.7141788005828857,0.3785010874271393,-0.2618981897830963,0.9999942183494568,0.7167803645133972,0.3790292739868164,-0.26184698939323425,0.9999961256980896,0.7013212442398071,0.3794102966785431,-0.2647813558578491,0.9999976754188538,0.6985353827476501,0.38021448254585266,-0.26501718163490295,0.9999976754188538,0.6955073475837708,0.38122430443763733,-0.26508858799934387,0.9999974370002747,0.7203313112258911,0.3861130177974701,-0.17640532553195953,0.9999952912330627,0.6925830245018005,0.3874203860759735,-0.18896767497062683,0.9999883770942688,0.711725652217865,0.4069640338420868,-0.23950065672397614,0.9999910593032837,0.7013136744499207,0.4069233238697052,-0.24442484974861145,0.9999892115592957,0.7367610931396484,0.4683925211429596,-0.09752371907234192,0.9999790191650391,0.6755250096321106,0.4502618908882141,-0.15064433217048645,0.9999298453330994,0.7891099452972412,0.4667860269546509,-0.10187458992004395,0.9841873645782471,0.626816987991333,0.4605950117111206,-0.1754963994026184,0.9888677000999451,0.8391664028167725,0.4121517837047577,-0.18829454481601715,0.9926074743270874,0.5983036756515503,0.40743526816368103,-0.2380172610282898,0.9828516840934753,0.8543255925178528,0.39797401428222656,-0.20589201152324677,0.9891126155853271,0.583726167678833,0.3956999182701111,-0.2646353542804718,0.9717656373977661,0.8535551428794861,0.3865317404270172,-0.22583116590976715,0.9907363653182983,0.5869417190551758,0.3878387212753296,-0.2974224090576172,0.9737498164176941,0.8470339179039001,0.3902873992919922,-0.1999661773443222,0.989791214466095,0.5932169556617737,0.3934381604194641,-0.25591906905174255,0.9695611000061035,0.7066566944122314,0.6464517116546631,0.015743514522910118,0.999976396560669,0.6668221354484558,0.6346126794815063,-0.01588771492242813,0.9999755620956421,0.74600750207901,0.7598333358764648,-0.06621471047401428,0.8731745481491089,0.6129462718963623,0.7483079433441162,-0.10541250556707382,0.9632307291030884,0.7057799100875854,0.8923152685165405,0.026897134259343147,0.8651303052902222,0.5617800354957581,0.8871574997901917,-0.0812852680683136,0.9758873581886292,0.6920108795166016,0.9177776575088501,0.03001669980585575,0.9122404456138611,0.5599715113639832,0.9175788760185242,-0.08336298167705536,0.904271125793457,0.7389660477638245,0.9309027791023254,-0.04559146985411644,0.8986186385154724,0.53598952293396,0.9015036225318909,-0.17457056045532227,0.9703975319862366
214,0.7081756591796875,0.39367449283599854,-0.2734329104423523,0.9999990463256836,0.7129535675048828,0.37826046347618103,-0.2604760229587555,0.9999962449073792,0.7161443829536438,0.3785003423690796,-0.260647714138031,0.9999947547912598,0.7186475992202759,0.3790209889411926,-0.26060277223587036,0.9999964833259583,0.7032808065414429,0.379377156496048,-0.2633386254310608,0.9999979138374329,0.700625479221344,0.3800816833972931,-0.26361268758773804,0.9999979138374329,0.6975739002227783,0.3808920085430145,-0.26373010873794556,0.9999976754188538,0.7216573357582092,0.3857244849205017,-0.1679978370666504,0.999995768070221,0.694424033164978,0.38631683588027954,-0.1846572309732437,0.9999895095825195,0.7137293219566345,0.40697410702705383,-0.23451894521713257,0.9999919533729553,0.7033267617225647,0.406759649515152,-0.24037660658359528,0.9999902844429016,0.7368180751800537,0.4680633246898651,-0.08405397087335587,0.9999807476997375,0.6763426661491394,0.4469674825668335,-0.1413809210062027,0.9999364018440247,0.7881907820701599,0.4742388129234314,-0.0799182653427124,0.9854570031166077,0.6276772022247314,0.46432843804359436,-0.2284056544303894,0.9896677732467651,0.8394896388053894,0.43183633685112,-0.16386295855045319,0.9932844638824463,0.6037574410438538,0.4208805561065674,-0.39405444264411926,0.9845169186592102,0.8553368449211121,0.4166983366012573,-0.1810683161020279,0.990123450756073,0.5895801782608032,0.4055664539337158,-0.4327389895915985,0.974527895450592,0.8541756272315979,0.40776315331459045,-0.2080126404762268,0.9916037917137146,0.5938912630081177,0.39732664823532104,-0.44809192419052124,0.9763193726539612,0.8475275635719299,0.41439658403396606,-0.17793220281600952,0.9907433390617371,0.6002069711685181,0.40430521965026855,-0.40674224495887756,0.972526490688324,0.704128623008728,0.6460494995117188,0.01670699566602707,0.9999777674674988,0.6637715101242065,0.6340082883834839,-0.016858074814081192,0.9999768137931824,0.7449246048927307,0.7596686482429504,-0.07722324877977371,0.8852130174636841,0.6097911596298218,0.7447286248207092,-0.10658475756645203,0.9663652181625366,0.7057761549949646,0.8942145109176636,0.011820239014923573,0.8777309656143188,0.5689831972122192,0.8876501321792603,-0.07022321969270706,0.9779627919197083,0.6921265721321106,0.9183895587921143,0.014337410219013691,0.9198211431503296,0.5670257210731506,0.9169262051582336,-0.07137767225503922,0.9123526215553284,0.7389532923698425,0.9309632182121277,-0.06102253124117851,0.9080197811126709,0.5377897620201111,0.8949171900749207,-0.1593303084373474,0.9728754162788391
215,0.7104009985923767,0.3936334550380707,-0.27235740423202515,0.9999991655349731,0.715251088142395,0.37812599539756775,-0.2584303915500641,0.9999966025352478,0.7184119820594788,0.378378689289093,-0.25859206914901733,0.9999952912330627,0.7209424376487732,0.37891456484794617,-0.25853756070137024,0.9999968409538269,0.7054901719093323,0.378984272480011,-0.2617594003677368,0.999998152256012,0.7026737928390503,0.37954971194267273,-0.26205408573150635,0.999998152256012,0.699557363986969,0.3800715506076813,-0.26220443844795227,0.9999979138374329,0.7234601974487305,0.38530662655830383,-0.1641075611114502,0.9999961853027344,0.6957628726959229,0.3854163587093353,-0.1808389574289322,0.9999905228614807,0.7155686616897583,0.40696632862091064,-0.23233669996261597,0.9999927282333374,0.7051353454589844,0.40649867057800293,-0.23809252679347992,0.999991238117218,0.7368787527084351,0.4678252637386322,-0.08047980815172195,0.9999823570251465,0.6772634983062744,0.44463175535202026,-0.13539305329322815,0.9999421238899231,0.7881659269332886,0.4818480908870697,-0.0754513368010521,0.9866752624511719,0.6315658092498779,0.4697379469871521,-0.22885461151599884,0.9901804327964783,0.8449790477752686,0.4506867229938507,-0.1605929583311081,0.9939002990722656,0.6116752028465271,0.4437370002269745,-0.4002434015274048,0.985980212688446,0.8603390455245972,0.4339827001094818,-0.1781977117061615,0.9910383224487305,0.5985043048858643,0.42333850264549255,-0.43954354524612427,0.9769793748855591,0.8599914908409119,0.42662686109542847,-0.20601335167884827,0.9923887848854065,0.6042749285697937,0.41642624139785767,-0.4548787772655487,0.9786013960838318,0.8530784249305725,0.43416962027549744,-0.17502103745937347,0.9916049242019653,0.6112581491470337,0.42736291885375977,-0.41290807723999023,0.9751514792442322,0.701556921005249,0.6452151536941528,0.01605866849422455,0.9999790787696838,0.6618931293487549,0.630873441696167,-0.01620771922171116,0.9999778866767883,0.7439793348312378,0.7598835229873657,-0.07646665722131729,0.8961383104324341,0.6091052293777466,0.7387303709983826,-0.10301859676837921,0.9691162109375,0.7056941986083984,0.8952464461326599,0.018050892278552055,0.8890715837478638,0.5772646069526672,0.884806752204895,-0.04972732439637184,0.9797828197479248,0.6921132206916809,0.9187092185020447,0.021201474592089653,0.9264007806777954,0.577007532119751,0.9143073558807373,-0.04929507523775101,0.9192959070205688,0.7385755777359009,0.9310729503631592,-0.053591325879096985,0.9164321422576904,0.5436416268348694,0.8946842551231384,-0.13500212132930756,0.9750188589096069
216,0.7118381857872009,0.39398300647735596,-0.20466960966587067,0.9999992251396179,0.7169111967086792,0.3783048987388611,-0.18930058181285858,0.9999969005584717,0.7200118899345398,0.37856048345565796,-0.18946443498134613,0.9999957084655762,0.7224500179290771,0.37906578183174133,-0.18940415978431702,0.9999971389770508,0.7070319652557373,0.3790346086025238,-0.19295093417167664,0.9999983310699463,0.704265296459198,0.3795643150806427,-0.193172886967659,0.9999983310699463,0.7011197805404663,0.3800804018974304,-0.19322003424167633,0.9999980926513672,0.7248681783676147,0.385306715965271,-0.09776519984006882,0.999996542930603,0.6973801255226135,0.3852614462375641,-0.11375012248754501,0.9999914169311523,0.7168720960617065,0.4072185456752777,-0.16811513900756836,0.9999933838844299,0.7064315676689148,0.4064972698688507,-0.1739167720079422,0.9999920129776001,0.7367312908172607,0.46841001510620117,-0.02301621064543724,0.9999834299087524,0.6774719953536987,0.4425335228443146,-0.0768304243683815,0.9999470710754395,0.7876943349838257,0.48936259746551514,-0.016553906723856926,0.9871396422386169,0.634111225605011,0.47570163011550903,-0.15901002287864685,0.9905643463134766,0.844760537147522,0.4711143970489502,-0.10021878778934479,0.9943229556083679,0.6155241131782532,0.4607718288898468,-0.3366827964782715,0.9872851967811584,0.8582833409309387,0.4544770121574402,-0.11647128313779831,0.9916595220565796,0.604683518409729,0.44189003109931946,-0.38909927010536194,0.9791461229324341,0.8593622446060181,0.4496912360191345,-0.14227294921875,0.992931067943573,0.6106292009353638,0.4353240132331848,-0.39796438813209534,0.9806180596351624,0.8537689447402954,0.4567098617553711,-0.11370009928941727,0.9921823740005493,0.6158375144004822,0.44522368907928467,-0.3482508659362793,0.9774404168128967,0.700972855091095,0.6448436379432678,0.015472530387341976,0.9999797344207764,0.6605120301246643,0.628350019454956,-0.01563245803117752,0.9999781847000122,0.7434733510017395,0.7600599527359009,-0.09752672165632248,0.905197024345398,0.6101909875869751,0.7292030453681946,-0.10376884043216705,0.9702215790748596,0.7050909399986267,0.897491991519928,-0.015804441645741463,0.8979560136795044,0.5856727957725525,0.8735941052436829,-0.022974113002419472,0.9798333644866943,0.6920921206474304,0.9209046363830566,-0.01350400410592556,0.9306097030639648,0.5873382687568665,0.8996445536613464,-0.01888909377157688,0.9206650257110596,0.7384864687919617,0.931156575679779,-0.08719098567962646,0.9227348566055298,0.5526015162467957,0.8921750783920288,-0.09414367377758026,0.974902331829071
217,0.7124173641204834,0.39470237493515015,-0.19991642236709595,0.9999992847442627,0.7180466055870056,0.37907928228378296,-0.1852894425392151,0.9999971389770508,0.7211560010910034,0.37946438789367676,-0.18545280396938324,0.9999960660934448,0.7237255573272705,0.38002774119377136,-0.18540140986442566,0.9999973773956299,0.7083295583724976,0.37944498658180237,-0.18842458724975586,0.9999984502792358,0.7056732177734375,0.37990450859069824,-0.18865062296390533,0.9999984502792358,0.7026917338371277,0.3804320693016052,-0.18869780004024506,0.9999982714653015,0.7266085147857666,0.38608652353286743,-0.09571949392557144,0.9999967813491821,0.6991475224494934,0.3853369951248169,-0.10942424833774567,0.9999920725822449,0.7174394726753235,0.40809202194213867,-0.16411040723323822,0.9999938011169434,0.7073082327842712,0.4065423011779785,-0.16928979754447937,0.9999926090240479,0.7366141676902771,0.47023800015449524,-0.021461892873048782,0.9999842643737793,0.6777263283729553,0.44109052419662476,-0.07065977156162262,0.9999507665634155,0.7876933217048645,0.49956953525543213,-0.012972298078238964,0.9875189661979675,0.6354370713233948,0.48224249482154846,-0.14423726499080658,0.9904088973999023,0.8461613059043884,0.49153932929039,-0.09479223936796188,0.994595468044281,0.6204975843429565,0.47989970445632935,-0.29969972372055054,0.9881323575973511,0.8582009673118591,0.4759969115257263,-0.1105332151055336,0.9919896721839905,0.6139193177223206,0.46443283557891846,-0.3370247483253479,0.9805893301963806,0.8600009679794312,0.4717203676700592,-0.13545699417591095,0.9932286143302917,0.6188861727714539,0.45661646127700806,-0.35096311569213867,0.9819706082344055,0.85474693775177,0.4794890284538269,-0.1076618880033493,0.9924607276916504,0.6218632459640503,0.4649885296821594,-0.3111865222454071,0.9787865281105042,0.6987878680229187,0.6431600451469421,0.014506804756820202,0.9999803304672241,0.6585004329681396,0.6245237588882446,-0.014673398807644844,0.9999781847000122,0.743013322353363,0.7601606249809265,-0.10130295902490616,0.9131990075111389,0.6097482442855835,0.7239872217178345,-0.10461590439081192,0.9709493517875671,0.7040472626686096,0.8981261849403381,-0.017799539491534233,0.9059646725654602,0.5942627787590027,0.8605856895446777,0.005794204771518707,0.9786303043365479,0.6915956139564514,0.9210177063941956,-0.01491573266685009,0.9335342645645142,0.5969278216362,0.8772876262664795,0.013807011768221855,0.9175560474395752,0.7380093336105347,0.9312084317207336,-0.09013009071350098,0.9281185269355774,0.5672915577888489,0.8912976384162903,-0.05601596459746361,0.9730439186096191
218,0.7138774991035461,0.39563366770744324,-0.1668616235256195,0.9999993443489075,0.7200104594230652,0.3801756203174591,-0.15100683271884918,0.9999973177909851,0.7229257822036743,0.3806062340736389,-0.1511692851781845,0.9999963641166687,0.7256439328193665,0.3812949061393738,-0.15112045407295227,0.9999975562095642,0.7096580862998962,0.3798786997795105,-0.15304043889045715,0.9999985694885254,0.7067760825157166,0.38018012046813965,-0.15326867997646332,0.9999985694885254,0.7038108706474304,0.38059693574905396,-0.15332560241222382,0.9999983906745911,0.727982223033905,0.38688918948173523,-0.06058630719780922,0.9999969601631165,0.6999824643135071,0.3853553235530853,-0.0694885104894638,0.9999925494194031,0.7185392379760742,0.40912139415740967,-0.13108481466770172,0.9999939799308777,0.7082450985908508,0.406795471906662,-0.13491255044937134,0.9999929070472717,0.7367010116577148,0.47047024965286255,0.008528689853847027,0.9999846816062927,0.6780710816383362,0.43918728828430176,-0.02645052596926689,0.9999530911445618,0.7879454493522644,0.5082522630691528,0.022649727761745453,0.9870922565460205,0.6387391686439514,0.49207803606987,-0.06849481165409088,0.9891446828842163,0.8441095352172852,0.5120072364807129,-0.03989147022366524,0.9947595596313477,0.6292459964752197,0.49900388717651367,-0.18413034081459045,0.9886002540588379,0.8567544221878052,0.49661707878112793,-0.05151142552495003,0.9921337366104126,0.6236721277236938,0.48452362418174744,-0.2095661461353302,0.9814467430114746,0.8586875796318054,0.49255263805389404,-0.07392319291830063,0.9933640360832214,0.6286848783493042,0.4773901402950287,-0.2243794947862625,0.9828026294708252,0.8533457517623901,0.5008271336555481,-0.05099232867360115,0.9925299286842346,0.6328375339508057,0.4862798750400543,-0.19425684213638306,0.9794325232505798,0.6970875263214111,0.6387380361557007,0.01129651628434658,0.9999784827232361,0.6564277410507202,0.6173074841499329,-0.011460993438959122,0.9999735355377197,0.7407328486442566,0.7559170126914978,-0.11480706185102463,0.917941153049469,0.6136243939399719,0.7115971446037292,-0.10538896173238754,0.9668734073638916,0.7040629982948303,0.8964838981628418,-0.04841240867972374,0.9112614393234253,0.6038172245025635,0.8379941582679749,0.03505968675017357,0.9682449102401733,0.6914471983909607,0.9208453893661499,-0.04675513133406639,0.932593047618866,0.60642009973526,0.8504785299301147,0.04687551036477089,0.8975197076797485,0.737578809261322,0.9309784770011902,-0.12273795157670975,0.9309638738632202,0.5820962190628052,0.8786713480949402,-0.012516810558736324,0.9604809284210205
219,0.7148867249488831,0.3967702388763428,-0.1596209704875946,0.9999994039535522,0.7210586667060852,0.3828505277633667,-0.14384378492832184,0.9999974966049194,0.7238363027572632,0.38361236453056335,-0.14399927854537964,0.9999966025352478,0.7266131043434143,0.3846680521965027,-0.14396899938583374,0.9999977350234985,0.7109487652778625,0.38133901357650757,-0.14458973705768585,0.9999986886978149,0.7080549597740173,0.38139262795448303,-0.1448095291852951,0.9999986290931702,0.7051233649253845,0.38155511021614075,-0.1448577344417572,0.9999985098838806,0.7283329367637634,0.3895356357097626,-0.05684218928217888,0.9999971389770508,0.7012389302253723,0.38552749156951904,-0.05941364914178848,0.999992847442627,0.7191201448440552,0.4100840389728546,-0.12548577785491943,0.9999942779541016,0.7093170285224915,0.40743252635002136,-0.1275148093700409,0.9999932646751404,0.7366151213645935,0.4737851619720459,0.007767810020595789,0.9999856352806091,0.6789534091949463,0.4394363760948181,-0.013426239602267742,0.9999553561210632,0.7855841517448425,0.5176329612731934,0.027198700234293938,0.9875391125679016,0.6432941555976868,0.49522286653518677,-0.03327871486544609,0.9865652322769165,0.840798020362854,0.532322108745575,-0.02994762919843197,0.9950271248817444,0.6388747096061707,0.5366717576980591,-0.1290000081062317,0.986355185508728,0.8556655049324036,0.5207295417785645,-0.04260682314634323,0.9923559427261353,0.6389867067337036,0.544123113155365,-0.15073664486408234,0.9777909517288208,0.8581851124763489,0.5187139511108398,-0.0643182098865509,0.9935646057128906,0.6441481113433838,0.5342100262641907,-0.16741830110549927,0.9795552492141724,0.8503745794296265,0.5283610224723816,-0.040378354489803314,0.9926866888999939,0.6456428170204163,0.5331604480743408,-0.13911046087741852,0.9749777913093567,0.6952489614486694,0.6326627135276794,0.008172517642378807,0.9999756813049316,0.6557899117469788,0.614635705947876,-0.008348334580659866,0.9999659061431885,0.7371952533721924,0.7484877109527588,-0.13074666261672974,0.9172931909561157,0.6202017068862915,0.705124020576477,-0.1049128919839859,0.9520567059516907,0.7048231959342957,0.8931090235710144,-0.09553412348031998,0.9085351228713989,0.6029716730117798,0.8361948728561401,0.014015051536262035,0.9390825629234314,0.6921423077583313,0.9193601012229919,-0.09709480404853821,0.9213561415672302,0.6047495007514954,0.8558533191680908,0.022630175575613976,0.8544461131095886,0.7373769879341125,0.9307382106781006,-0.17789092659950256,0.9260682463645935,0.5869426131248474,0.8675509691238403,-0.040547385811805725,0.9276853203773499
220,0.715770959854126,0.39940857887268066,-0.16905464231967926,0.999999463558197,0.7219711542129517,0.38741305470466614,-0.15193717181682587,0.9999977350234985,0.7246140837669373,0.38832253217697144,-0.15209932625293732,0.9999969005584717,0.7274532914161682,0.3896923363208771,-0.15208032727241516,0.9999979138374329,0.7119998335838318,0.3844060003757477,-0.15595205128192902,0.9999988079071045,0.7091553211212158,0.38391953706741333,-0.1561361849308014,0.9999987483024597,0.7062782049179077,0.3833337128162384,-0.15616264939308167,0.9999986290931702,0.7286850810050964,0.3935628831386566,-0.06216440349817276,0.9999973773956299,0.7019160985946655,0.38601651787757874,-0.08018602430820465,0.9999933838844299,0.7196534276008606,0.4126732647418976,-0.1344529241323471,0.999994695186615,0.7101057767868042,0.4092130661010742,-0.14085738360881805,0.9999937415122986,0.7359277009963989,0.47820207476615906,0.003530970076099038,0.9999867081642151,0.6791943907737732,0.4403735399246216,-0.055824749171733856,0.9999581575393677,0.7813929915428162,0.5275093913078308,0.011874625459313393,0.9879459738731384,0.6515592932701111,0.5119744539260864,-0.14110955595970154,0.9838780164718628,0.8353397250175476,0.5510295033454895,-0.05758526176214218,0.9951739311218262,0.6457063555717468,0.5522379279136658,-0.30329635739326477,0.9815948009490967,0.8513252139091492,0.5415276885032654,-0.07192568480968475,0.9923839569091797,0.6435604095458984,0.5651791095733643,-0.3402291536331177,0.9711859822273254,0.8534132242202759,0.5395183563232422,-0.09587971866130829,0.9936184287071228,0.6491054892539978,0.5564470291137695,-0.35189738869667053,0.9737058877944946,0.8449755311012268,0.5482032895088196,-0.06964707374572754,0.9927206635475159,0.6515084505081177,0.5538449287414551,-0.3134927749633789,0.9667834043502808,0.6944366097450256,0.634583592414856,0.018915588036179543,0.9999757409095764,0.6558259129524231,0.6177945733070374,-0.01907261833548546,0.9999639391899109,0.7380390167236328,0.7477986812591553,-0.11177276074886322,0.9156534075737,0.6423336863517761,0.7140379548072815,-0.13422228395938873,0.9390714168548584,0.7058476805686951,0.8927526473999023,-0.06788946688175201,0.9029150009155273,0.6070075631141663,0.8406598567962646,-0.040832553058862686,0.9187156558036804,0.6929801106452942,0.917410671710968,-0.06910263001918793,0.9119192361831665,0.6038414835929871,0.8607003688812256,-0.03426550701260567,0.8197283148765564,0.7369886040687561,0.930751621723175,-0.1480625569820404,0.9206244349479675,0.5966745615005493,0.8680106401443481,-0.09271877259016037,0.907526969909668
221,0.7161657810211182,0.4017327129840851,-0.1857948750257492,0.999999463558197,0.7227108478546143,0.39028507471084595,-0.16923536360263824,0.9999978542327881,0.7253682017326355,0.3915804624557495,-0.16940926015377045,0.999997079372406,0.7281596660614014,0.39336085319519043,-0.16938981413841248,0.9999980330467224,0.7126709818840027,0.3862708806991577,-0.174433633685112,0.9999988675117493,0.7097885608673096,0.38543060421943665,-0.1746331751346588,0.9999987483024597,0.7068431973457336,0.38450121879577637,-0.17468306422233582,0.9999986886978149,0.728812038898468,0.39717087149620056,-0.07758086174726486,0.9999974370002747,0.7022425532341003,0.3866073191165924,-0.09966598451137543,0.9999931454658508,0.71966552734375,0.41544967889785767,-0.14986608922481537,0.9999945759773254,0.710061252117157,0.4110320806503296,-0.1578308492898941,0.9999935626983643,0.7339322566986084,0.4817967712879181,0.0009408259065821767,0.9999874234199524,0.6792301535606384,0.44054749608039856,-0.06836997717618942,0.9999557137489319,0.7765988707542419,0.5353791117668152,0.026421256363391876,0.9869703650474548,0.6591237187385559,0.5195239186286926,-0.1413184106349945,0.9692174196243286,0.831798791885376,0.5689658522605896,-0.03988190367817879,0.9947160482406616,0.6594009399414062,0.5736913681030273,-0.249177023768425,0.928680419921875,0.8472548127174377,0.5603587627410889,-0.05265587195754051,0.991340696811676,0.6592399477958679,0.5891980528831482,-0.27858689427375793,0.9104034900665283,0.8493003845214844,0.5561514496803284,-0.07655596733093262,0.9927806258201599,0.6643534302711487,0.5811522603034973,-0.2880525588989258,0.9149954319000244,0.8413715362548828,0.5635784268379211,-0.0517272986471653,0.9916737675666809,0.6648851037025452,0.577015221118927,-0.25656142830848694,0.9041325449943542,0.6942686438560486,0.6357401609420776,0.027191162109375,0.9999756217002869,0.655478298664093,0.6195516586303711,-0.02734122984111309,0.99996018409729,0.7380947470664978,0.7488201260566711,-0.09245648235082626,0.9092229604721069,0.6414583325386047,0.7164164185523987,-0.12870441377162933,0.9200981259346008,0.7062480449676514,0.8927916884422302,-0.040179915726184845,0.8943278789520264,0.6017064452171326,0.8363103270530701,-0.0036236243322491646,0.890637218952179,0.6935856342315674,0.9171803593635559,-0.039725448936223984,0.898018479347229,0.597324788570404,0.8531796336174011,0.005034406203776598,0.7768197655677795,0.736993134021759,0.9307370185852051,-0.11849141865968704,0.9107230305671692,0.5925994515419006,0.8709219098091125,-0.059794507920742035,0.876431405544281
222,0.7171370387077332,0.4034404158592224,-0.2294876128435135,0.9999995231628418,0.7232816219329834,0.3927844762802124,-0.21279451251029968,0.9999980330467224,0.7257874011993408,0.3944673240184784,-0.21299126744270325,0.9999973177909851,0.7284442186355591,0.39641761779785156,-0.21297524869441986,0.9999982118606567,0.7134724259376526,0.38757896423339844,-0.22066597640514374,0.9999989867210388,0.7106040716171265,0.386604905128479,-0.22086389362812042,0.9999988079071045,0.7075199484825134,0.3855684995651245,-0.2209399789571762,0.9999988079071045,0.7286035418510437,0.4000115394592285,-0.12129173427820206,0.999997615814209,0.7024310231208801,0.38727685809135437,-0.15600480139255524,0.9999935626983643,0.719808042049408,0.41739583015441895,-0.19333870708942413,0.9999947547912598,0.7103574275970459,0.4123285114765167,-0.20462539792060852,0.9999938011169434,0.7322561144828796,0.4827878475189209,-0.026691991835832596,0.9999880194664001,0.6794561743736267,0.44090455770492554,-0.1384209543466568,0.9999542236328125,0.7717042565345764,0.540497899055481,0.009676090441644192,0.9850846529006958,0.6619641184806824,0.5216777324676514,-0.190046027302742,0.9689480662345886,0.8238041996955872,0.5836685299873352,-0.03949044272303581,0.9944718480110168,0.6615671515464783,0.5887556672096252,-0.2680794894695282,0.9285098910331726,0.8387775421142578,0.5767016410827637,-0.047983568161726,0.9909408092498779,0.664660632610321,0.6004549264907837,-0.2964968979358673,0.9069043397903442,0.840833842754364,0.5751011371612549,-0.07408825308084488,0.9924696683883667,0.6689274311065674,0.5935890078544617,-0.3000207245349884,0.9120994210243225,0.8329027891159058,0.5837864875793457,-0.05142612382769585,0.9912905097007751,0.6693452596664429,0.5897570848464966,-0.2720256745815277,0.8978911638259888,0.6937848925590515,0.6364566087722778,0.0292663536965847,0.9999752640724182,0.655613362789154,0.6214858293533325,-0.029443543404340744,0.9999508857727051,0.7369776964187622,0.7493952512741089,-0.07635949552059174,0.9137070178985596,0.6355920433998108,0.7201859354972839,-0.06474608927965164,0.9012684226036072,0.7062404155731201,0.8924521803855896,-0.04218561574816704,0.9006769061088562,0.6062166094779968,0.7266036868095398,0.13313190639019012,0.8243767023086548,0.6937659382820129,0.9168015122413635,-0.04310647025704384,0.9012634754180908,0.6026257872581482,0.7269343733787537,0.15298518538475037,0.7235729694366455,0.7367331981658936,0.9306161999702454,-0.11162497848272324,0.9145582914352417,0.5981281995773315,0.7426453232765198,0.13868658244609833,0.8168370127677917
223,0.7174772024154663,0.4057558476924896,-0.23711831867694855,0.9999995827674866,0.7233561873435974,0.39486145973205566,-0.22023899853229523,0.9999982118606567,0.7258881330490112,0.39640626311302185,-0.22041811048984528,0.9999975562095642,0.7285627126693726,0.3981580436229706,-0.22039946913719177,0.9999983906745911,0.7137678265571594,0.38972368836402893,-0.22922901809215546,0.9999990463256836,0.7109573483467102,0.38867560029029846,-0.2294195145368576,0.999998927116394,0.7079841494560242,0.3875460624694824,-0.2294768989086151,0.999998927116394,0.7284363508224487,0.4015178680419922,-0.12419354915618896,0.9999978542327881,0.70255047082901,0.38861170411109924,-0.16444219648838043,0.999994158744812,0.7200555205345154,0.41938480734825134,-0.19918093085289001,0.999995231628418,0.7107458114624023,0.41386985778808594,-0.2119847983121872,0.9999943375587463,0.7309210300445557,0.4850643575191498,-0.026324622333049774,0.9999889731407166,0.6801440119743347,0.44102743268013,-0.15278013050556183,0.9999575614929199,0.768660843372345,0.5459697246551514,0.0038077000062912703,0.9851436614990234,0.6660602688789368,0.5231665372848511,-0.23402483761310577,0.9696226119995117,0.8203318119049072,0.5980461835861206,-0.0620855875313282,0.9945032000541687,0.6660764217376709,0.6050195097923279,-0.35135701298713684,0.9294090867042542,0.8338481783866882,0.5897068381309509,-0.0739978551864624,0.9909270405769348,0.6709699034690857,0.6167715191841125,-0.3892688751220703,0.9060959815979004,0.8368452191352844,0.5886871218681335,-0.09620848298072815,0.9924838542938232,0.6736876368522644,0.6105027794837952,-0.3972516357898712,0.9117880463600159,0.8300158381462097,0.5968324542045593,-0.07375504076480865,0.9912941455841064,0.6724277138710022,0.6049082279205322,-0.3584200143814087,0.8950583338737488,0.6931391954421997,0.6341565251350403,0.04081153869628906,0.9999740719795227,0.6560022830963135,0.6213150024414062,-0.040956247597932816,0.9999467730522156,0.734840452671051,0.7441880106925964,-0.07776974886655807,0.9118436574935913,0.6669331789016724,0.7238933444023132,-0.11903391778469086,0.8941138386726379,0.706222414970398,0.8909862637519836,-0.047356292605400085,0.8947067856788635,0.6311647295951843,0.7657652497291565,0.04611630737781525,0.7953882217407227,0.6937224268913269,0.9163878560066223,-0.049217987805604935,0.8934030532836914,0.6228548884391785,0.791722297668457,0.050246331840753555,0.6891061067581177,0.7361478209495544,0.9299072623252869,-0.12342718988656998,0.909798800945282,0.6348762512207031,0.8268759846687317,-0.008898353204131126,0.7905767560005188
224,0.7183865904808044,0.40794506669044495,-0.21826307475566864,0.9999995827674866,0.723815381526947,0.3969128429889679,-0.19933851063251495,0.9999983906745911,0.7261961102485657,0.3983173370361328,-0.1994834989309311,0.9999977350234985,0.7287188172340393,0.39991024136543274,-0.19945506751537323,0.9999985098838806,0.7143938541412354,0.392013281583786,-0.21602021157741547,0.9999991059303284,0.7114932537078857,0.3908912241458893,-0.21619196236133575,0.9999990463256836,0.7084227800369263,0.3895968794822693,-0.21626432240009308,0.9999990463256836,0.7281134128570557,0.4028889238834381,-0.10208810865879059,0.9999980330467224,0.7026363015174866,0.39015835523605347,-0.14881892502307892,0.9999946355819702,0.7203397750854492,0.4208946228027344,-0.17972327768802643,0.9999955296516418,0.7112408876419067,0.4157995581626892,-0.2056317776441574,0.9999947547912598,0.7284164428710938,0.48890453577041626,0.0010963145177811384,0.9999892115592957,0.6812366247177124,0.44217854738235474,-0.1445823460817337,0.9999608397483826,0.7658918499946594,0.5518139600753784,0.03671891614794731,0.9797664880752563,0.6689804792404175,0.5292611122131348,-0.20652593672275543,0.9713407158851624,0.817596435546875,0.608246386051178,-0.028326908126473427,0.9927234649658203,0.6708875298500061,0.6102505326271057,-0.32345888018608093,0.934748649597168,0.8300657272338867,0.5999553203582764,-0.037263594567775726,0.9884188175201416,0.6728668808937073,0.629476010799408,-0.352840393781662,0.9119977951049805,0.8335716128349304,0.5981653332710266,-0.0642247423529625,0.9904589056968689,0.6761539578437805,0.6260753870010376,-0.3954881727695465,0.9174445867538452,0.8270218968391418,0.6058206558227539,-0.0412178561091423,0.9892070293426514,0.6761665940284729,0.6192560195922852,-0.35317686200141907,0.9006379842758179,0.6931644678115845,0.6346103549003601,0.046626053750514984,0.999970018863678,0.6561981439590454,0.6222987771034241,-0.046770334243774414,0.9999422430992126,0.7340747117996216,0.7431735396385193,-0.05059405788779259,0.8926185965538025,0.6704645752906799,0.737405002117157,-0.12285073846578598,0.88065505027771,0.7061023116111755,0.8897520899772644,-0.027685053646564484,0.8711745142936707,0.6322048902511597,0.7673577666282654,0.04059106856584549,0.757114052772522,0.6936805844306946,0.9149590730667114,-0.03054908849298954,0.8745471835136414,0.6231848001480103,0.813361406326294,0.03191949054598808,0.6511232256889343,0.7349664568901062,0.9283921718597412,-0.08969947695732117,0.8896027207374573,0.6361698508262634,0.8586945533752441,-0.02563462220132351,0.7534343600273132
225,0.7189761400222778,0.411016583442688,-0.2449069768190384,0.9999996423721313,0.724055290222168,0.4000582993030548,-0.2283444106578827,0.9999985098838806,0.7263113856315613,0.40156736969947815,-0.22851482033729553,0.9999979138374329,0.7286842465400696,0.4030969440937042,-0.22847844660282135,0.9999986290931702,0.7149377465248108,0.3942849040031433,-0.23894433677196503,0.9999991655349731,0.7119073867797852,0.392905592918396,-0.23914557695388794,0.9999991059303284,0.7087608575820923,0.3915413022041321,-0.23921950161457062,0.9999991059303284,0.7279945015907288,0.4053284525871277,-0.13368700444698334,0.9999982118606567,0.7026645541191101,0.39191290736198425,-0.17802201211452484,0.9999951124191284,0.7204257249832153,0.4235515296459198,-0.20712703466415405,0.9999958872795105,0.7113462090492249,0.41830024123191833,-0.22213371098041534,0.9999951720237732,0.7275974154472351,0.49195653200149536,-0.02723107300698757,0.9999896883964539,0.6811044216156006,0.44461971521377563,-0.16267801821231842,0.9999632835388184,0.7640751600265503,0.560089647769928,0.016973070800304413,0.9782869219779968,0.6719864010810852,0.5382747650146484,-0.19884037971496582,0.9729777574539185,0.813755214214325,0.6181164979934692,-0.04565490782260895,0.9924335479736328,0.6801385283470154,0.625817596912384,-0.26851069927215576,0.9397998452186584,0.8262401223182678,0.6156399250030518,-0.05561558157205582,0.9881654977798462,0.6837698817253113,0.6466959118843079,-0.29754775762557983,0.9177278876304626,0.828688383102417,0.6128106117248535,-0.08266274631023407,0.9902567863464355,0.686854898929596,0.6451295614242554,-0.3105006814002991,0.9228882789611816,0.8223706483840942,0.6168457269668579,-0.058246951550245285,0.988895833492279,0.6868612766265869,0.6382967233657837,-0.2764829397201538,0.9061471819877625,0.6935169696807861,0.6349678039550781,0.04016289860010147,0.9999684691429138,0.6562604308128357,0.6235102415084839,-0.04030781239271164,0.9999368190765381,0.7322100400924683,0.7414286732673645,-0.06230268254876137,0.8957200050354004,0.6560571193695068,0.7370697855949402,-0.08284222334623337,0.8760197758674622,0.7060911059379578,0.888256311416626,-0.06772740185260773,0.8783174157142639,0.6391085982322693,0.7903600335121155,0.12964604794979095,0.7059504985809326,0.6936432719230652,0.9149758219718933,-0.07129751145839691,0.8776404857635498,0.6372575163841248,0.8012094497680664,0.14998120069503784,0.6122918725013733,0.7345190644264221,0.9278944134712219,-0.14062100648880005,0.8951279520988464,0.6405619382858276,0.8440402150154114,0.12694939970970154,0.7070847749710083
226,0.7191094160079956,0.4131672978401184,-0.28850460052490234,0.9999997019767761,0.7239300608634949,0.40151166915893555,-0.2719859778881073,0.9999986290931702,0.7260920405387878,0.40270182490348816,-0.27216240763664246,0.9999980926513672,0.7284398674964905,0.4039731025695801,-0.2721307575702667,0.9999987483024597,0.7149534821510315,0.3963673710823059,-0.2849549949169159,0.9999992251396179,0.7119444012641907,0.3950413167476654,-0.28516775369644165,0.9999992251396179,0.7088336944580078,0.39370691776275635,-0.2852471172809601,0.9999992251396179,0.7276972532272339,0.4059484004974365,-0.17253567278385162,0.9999983906745911,0.7024050354957581,0.3938524127006531,-0.23009195923805237,0.9999955892562866,0.7204640507698059,0.425056517124176,-0.24866269528865814,0.9999961853027344,0.7114971280097961,0.42024970054626465,-0.26634976267814636,0.9999955892562866,0.7249520421028137,0.49155181646347046,-0.05052794888615608,0.9999901056289673,0.681449830532074,0.4451732635498047,-0.21918480098247528,0.9999662637710571,0.7589346766471863,0.5612358450889587,0.012997077777981758,0.9729766845703125,0.6747982501983643,0.5399629473686218,-0.2566166818141937,0.9754408597946167,0.8071463704109192,0.6230165958404541,-0.02376694045960903,0.9913753271102905,0.6862459778785706,0.6341788172721863,-0.30228957533836365,0.9455525875091553,0.8213889598846436,0.6207433342933655,-0.027544111013412476,0.9871353507041931,0.6892329454421997,0.6555725932121277,-0.33172643184661865,0.9252888560295105,0.8231727480888367,0.6196434497833252,-0.05664796382188797,0.9893914461135864,0.6941696405410767,0.65348881483078,-0.34040242433547974,0.9300121665000916,0.8172045350074768,0.622698187828064,-0.03623233363032341,0.9879990220069885,0.6935316324234009,0.6470237374305725,-0.30697378516197205,0.9144470691680908,0.6915513277053833,0.6296806931495667,0.04557948559522629,0.9999645948410034,0.6563463807106018,0.6197276711463928,-0.04575376957654953,0.9999297857284546,0.7318731546401978,0.7332647442817688,-0.058632370084524155,0.8956959247589111,0.6675832867622375,0.7333891987800598,-0.09135089814662933,0.8807044625282288,0.7061035633087158,0.8848130106925964,-0.06446532905101776,0.8859156370162964,0.6262295842170715,0.7775979042053223,0.09004397690296173,0.6830586791038513,0.6936284303665161,0.9139767289161682,-0.06930045783519745,0.8838770389556885,0.6253794431686401,0.7771303653717041,0.10871102660894394,0.5942468643188477,0.7343612313270569,0.9276873469352722,-0.1344006210565567,0.9019107818603516,0.6214883327484131,0.8345804214477539,0.09362247586250305,0.6945984363555908
227,0.7190397381782532,0.4150238633155823,-0.26712432503700256,0.9999997019767761,0.723811686038971,0.4033265709877014,-0.2503800392150879,0.9999987483024597,0.7259300947189331,0.4042351245880127,-0.2505558133125305,0.9999982118606567,0.7282429337501526,0.4053247570991516,-0.2505318820476532,0.9999988079071045,0.7149928212165833,0.39889445900917053,-0.2634046971797943,0.9999992847442627,0.7119666337966919,0.3973936438560486,-0.26361215114593506,0.9999992847442627,0.7089451551437378,0.39584919810295105,-0.2636909782886505,0.9999992847442627,0.7271853685379028,0.40707048773765564,-0.15283799171447754,0.9999984502792358,0.7022901177406311,0.3954162299633026,-0.21153660118579865,0.9999958872795105,0.7203208804130554,0.4267010986804962,-0.2282070368528366,0.9999963045120239,0.7114846110343933,0.4225640594959259,-0.24609027802944183,0.9999958276748657,0.7235376834869385,0.49216359853744507,-0.04132587090134621,0.9999901056289673,0.6813834309577942,0.44611015915870667,-0.20727387070655823,0.999968409538269,0.7557814717292786,0.5648033618927002,0.017119456082582474,0.9661108255386353,0.6784363389015198,0.5429757237434387,-0.2445128709077835,0.9769484996795654,0.8036400675773621,0.6286002993583679,-0.03404882177710533,0.9886000752449036,0.692162275314331,0.6439252495765686,-0.2978762090206146,0.9493322968482971,0.8196905255317688,0.6243983507156372,-0.041042592376470566,0.9838827848434448,0.6991725564002991,0.6665855050086975,-0.3307787775993347,0.9292090535163879,0.821540892124176,0.6212538480758667,-0.0696384459733963,0.9866837859153748,0.703549325466156,0.662929356098175,-0.3341561555862427,0.9338659644126892,0.8147348165512085,0.6246042847633362,-0.04695635661482811,0.9853456616401672,0.7025746703147888,0.6559889912605286,-0.3020777106285095,0.9180375933647156,0.6907506585121155,0.630497395992279,0.050951942801475525,0.9999624490737915,0.6572731733322144,0.6197875142097473,-0.051124121993780136,0.9999268651008606,0.7320296168327332,0.73403400182724,-0.042872779071331024,0.8870676755905151,0.6914869546890259,0.732505738735199,-0.11545435339212418,0.876963198184967,0.7061018347740173,0.8822287321090698,-0.03376251831650734,0.8807206153869629,0.6543053388595581,0.7793486714363098,0.07307971268892288,0.6647329330444336,0.6936142444610596,0.9140486717224121,-0.037425413727760315,0.8772834539413452,0.6445208787918091,0.7897127866744995,0.09046285599470139,0.5763802528381348,0.7344214916229248,0.9270390868186951,-0.09540177881717682,0.8977338671684265,0.6596543192863464,0.8546763062477112,0.03453636169433594,0.6807270646095276
228,0.7187057137489319,0.4174175560474396,-0.28175821900367737,0.9999997019767761,0.7235730886459351,0.4056074619293213,-0.2650519609451294,0.9999988675117493,0.7257624864578247,0.40639427304267883,-0.2652270197868347,0.9999983310699463,0.7282026410102844,0.4073496162891388,-0.26520082354545593,0.9999988675117493,0.7147787809371948,0.40105754137039185,-0.2796039581298828,0.9999993443489075,0.711784303188324,0.399392306804657,-0.27981171011924744,0.9999993443489075,0.7087832093238831,0.3976845145225525,-0.27988991141319275,0.9999993443489075,0.7262557148933411,0.4086430072784424,-0.16564354300498962,0.9999985098838806,0.7022570371627808,0.3966163992881775,-0.2306959331035614,0.9999961853027344,0.7198808193206787,0.42954373359680176,-0.24190910160541534,0.9999964237213135,0.7114307880401611,0.4248061180114746,-0.26171764731407166,0.9999960660934448,0.721396267414093,0.4918537735939026,-0.0433872826397419,0.9999900460243225,0.6813532710075378,0.44749510288238525,-0.23000364005565643,0.9999706745147705,0.7534047961235046,0.5676373243331909,0.014253132976591587,0.9596033096313477,0.6810827851295471,0.5451785326004028,-0.27044782042503357,0.9787896275520325,0.8010188937187195,0.6326066851615906,-0.036806922405958176,0.9855228066444397,0.6946225762367249,0.646312952041626,-0.31025344133377075,0.9537273049354553,0.81658536195755,0.6293379068374634,-0.04300598427653313,0.9804065823554993,0.7023435235023499,0.6709177494049072,-0.34161850810050964,0.9346721172332764,0.8183477520942688,0.6255236864089966,-0.07270224392414093,0.9837848544120789,0.7063912749290466,0.6669819355010986,-0.3486974835395813,0.9390617609024048,0.8112561106681824,0.6295556426048279,-0.05006127431988716,0.9825015664100647,0.7049883604049683,0.6588144302368164,-0.3143814504146576,0.9237494468688965,0.6876156330108643,0.6311041116714478,0.054953254759311676,0.9999586939811707,0.6564051508903503,0.62004554271698,-0.05512591823935509,0.9999220371246338,0.7322719097137451,0.7333774566650391,-0.04560058191418648,0.8765519857406616,0.695525050163269,0.7324177026748657,-0.12286683171987534,0.8728413581848145,0.706032395362854,0.8814259171485901,-0.034332092851400375,0.8740995526313782,0.6548019647598267,0.7836592197418213,0.06677735596895218,0.641456127166748,0.6934356093406677,0.9138415455818176,-0.03744218870997429,0.87140953540802,0.643455445766449,0.8019729852676392,0.0703686848282814,0.5561503767967224,0.7341621518135071,0.9260256290435791,-0.09747591614723206,0.8934161067008972,0.6601644158363342,0.8613128066062927,0.031018109992146492,0.6638437509536743
229,0.7184827923774719,0.41849613189697266,-0.26544058322906494,0.9999997019767761,0.7233725786209106,0.4067192077636719,-0.24870461225509644,0.999998927116394,0.7253865003585815,0.4073830246925354,-0.24888141453266144,0.9999983906745911,0.7273642420768738,0.408008337020874,-0.2488580048084259,0.999998927116394,0.7145715951919556,0.4022365212440491,-0.26312488317489624,0.9999993443489075,0.7116094827651978,0.40047720074653625,-0.2633264362812042,0.9999993443489075,0.7086015343666077,0.3985876142978668,-0.263404905796051,0.9999993443489075,0.7245514392852783,0.409037709236145,-0.15182580053806305,0.9999985098838806,0.7019694447517395,0.39733949303627014,-0.21858032047748566,0.9999963641166687,0.7193752527236938,0.43001341819763184,-0.22679969668388367,0.9999961853027344,0.7113436460494995,0.42611387372016907,-0.2465975284576416,0.9999960660934448,0.7191295623779297,0.49141132831573486,-0.03494695574045181,0.99998939037323,0.680955708026886,0.44891631603240967,-0.2254454344511032,0.9999725818634033,0.750049352645874,0.5682514905929565,0.027208324521780014,0.945499062538147,0.6840289235115051,0.5511350631713867,-0.2646711766719818,0.9804686903953552,0.7959498763084412,0.6332351565361023,-0.02186642959713936,0.9789234399795532,0.6991575956344604,0.6507657170295715,-0.301352322101593,0.9578394293785095,0.8122395277023315,0.6320152282714844,-0.027007756754755974,0.9730062484741211,0.7100889086723328,0.6724188327789307,-0.3323594331741333,0.9399240016937256,0.8135635256767273,0.628764271736145,-0.057267166674137115,0.9774985313415527,0.7136796116828918,0.667107880115509,-0.34263914823532104,0.9440381526947021,0.8059197664260864,0.6334319710731506,-0.03531225770711899,0.97658771276474,0.7114089131355286,0.6597722172737122,-0.30811426043510437,0.9293491840362549,0.6827152967453003,0.6314729452133179,0.05780704692006111,0.999950647354126,0.6544572114944458,0.6204786896705627,-0.05799150466918945,0.9999114871025085,0.7316403985023499,0.7321493029594421,-0.024319985881447792,0.8405502438545227,0.7060655355453491,0.7277410626411438,-0.12293737381696701,0.8463539481163025,0.705439567565918,0.8806849122047424,-0.02029644325375557,0.838683545589447,0.6587023138999939,0.7910845875740051,0.03400173410773277,0.6006367206573486,0.6929382681846619,0.9139658212661743,-0.02392515353858471,0.8429455757141113,0.645381510257721,0.803913950920105,0.04721163213253021,0.5216720104217529,0.7338960766792297,0.9248378276824951,-0.07402064651250839,0.8638463616371155,0.6650400757789612,0.8641504049301147,0.027201741933822632,0.6274582147598267
230,0.7183495759963989,0.4197075664997101,-0.29136285185813904,0.9999997019767761,0.7228308916091919,0.4069775342941284,-0.27536478638648987,0.9999989867210388,0.724597156047821,0.4076264500617981,-0.275541752576828,0.9999985098838806,0.7261108160018921,0.40813887119293213,-0.2755117118358612,0.9999989867210388,0.7144267559051514,0.4028532803058624,-0.290323942899704,0.9999994039535522,0.7114881873130798,0.40109163522720337,-0.2905253767967224,0.9999994039535522,0.7084786891937256,0.3992433547973633,-0.290603369474411,0.9999994039535522,0.7226126194000244,0.4092045724391937,-0.1786758154630661,0.9999985694885254,0.7011709809303284,0.3980214297771454,-0.24501480162143707,0.9999966025352478,0.7185536623001099,0.4313618242740631,-0.2524310350418091,0.9999963045120239,0.7110636830329895,0.42783650755882263,-0.272593230009079,0.9999962449073792,0.7177250385284424,0.49124449491500854,-0.057364001870155334,0.9999892711639404,0.6804904937744141,0.44980689883232117,-0.24169500172138214,0.9999743700027466,0.7478340268135071,0.5694253444671631,0.0025469851680099964,0.9394000768661499,0.6853006482124329,0.5538312196731567,-0.2738209366798401,0.9821165800094604,0.7927722334861755,0.6342626214027405,-0.037470970302820206,0.9762673377990723,0.7019068598747253,0.6553331017494202,-0.3027571439743042,0.961793839931488,0.8075893521308899,0.635083794593811,-0.03576616197824478,0.9703332185745239,0.7117015719413757,0.6758716106414795,-0.33340585231781006,0.9452693462371826,0.8099794387817383,0.6317383646965027,-0.07229283452033997,0.9751982092857361,0.7162597179412842,0.6695108413696289,-0.3413844406604767,0.9490535259246826,0.803119957447052,0.6353683471679688,-0.051218632608652115,0.97414231300354,0.7134880423545837,0.6618331074714661,-0.3072371780872345,0.9352938532829285,0.6822118759155273,0.6311135292053223,0.053265996277332306,0.999943196773529,0.6525481343269348,0.6205711364746094,-0.053432151675224304,0.9998988509178162,0.7314544916152954,0.7327965497970581,-0.038938842713832855,0.8347342610359192,0.6917673945426941,0.720275342464447,-0.1335984319448471,0.8409384489059448,0.7049667239189148,0.8812599778175354,-0.06087194383144379,0.8390318751335144,0.6514514684677124,0.7935392260551453,0.04375439137220383,0.565783679485321,0.6923625469207764,0.9125622510910034,-0.06604091823101044,0.8392525315284729,0.6408194303512573,0.8007187247276306,0.06233838573098183,0.4937077462673187,0.7334709763526917,0.9247746467590332,-0.12310811132192612,0.8643363118171692,0.6544890999794006,0.8468937873840332,0.053803037852048874,0.5996676683425903
231,0.7177920937538147,0.41976380348205566,-0.28621381521224976,0.9999997019767761,0.7215074300765991,0.4070588946342468,-0.2693443298339844,0.9999989867210388,0.7233453989028931,0.4078315496444702,-0.26951202750205994,0.9999985098838806,0.7246773838996887,0.4083053171634674,-0.2694772779941559,0.9999989867210388,0.7138748168945312,0.40292131900787354,-0.28397709131240845,0.9999994039535522,0.7110478281974792,0.40120789408683777,-0.2841786742210388,0.9999994039535522,0.707912802696228,0.3993116021156311,-0.28426727652549744,0.9999994039535522,0.7212120890617371,0.4095870554447174,-0.17039209604263306,0.9999983906745911,0.6996328234672546,0.3982180655002594,-0.2357710301876068,0.9999966621398926,0.7174761891365051,0.43168339133262634,-0.24672116339206696,0.999995768070221,0.7103809118270874,0.42814213037490845,-0.2666105628013611,0.9999960660934448,0.7159377932548523,0.49097374081611633,-0.052110493183135986,0.9999874234199524,0.6801212430000305,0.44974562525749207,-0.23369385302066803,0.9999754428863525,0.7458660006523132,0.569432258605957,0.0036005862057209015,0.9193454384803772,0.6856023669242859,0.548024594783783,-0.27968695759773254,0.9835788011550903,0.7887782454490662,0.6358358263969421,-0.03583653271198273,0.9699764847755432,0.7035090327262878,0.6513742208480835,-0.3229268491268158,0.9654389023780823,0.8030501008033752,0.6399410963058472,-0.038578882813453674,0.9649682641029358,0.7134619355201721,0.6708664894104004,-0.3558937609195709,0.9503239989280701,0.8049500584602356,0.6372697949409485,-0.0697440430521965,0.9705243706703186,0.71799236536026,0.6648814082145691,-0.3608382046222687,0.9537721276283264,0.7984489798545837,0.6395528316497803,-0.0487474724650383,0.9691864252090454,0.7148729562759399,0.6585890650749207,-0.3260984718799591,0.9409583806991577,0.6832306981086731,0.6311854720115662,0.05102134495973587,0.9999272227287292,0.6517537832260132,0.6206700801849365,-0.05118519440293312,0.9998776912689209,0.7297142744064331,0.7331393361091614,-0.04306995868682861,0.8311294913291931,0.6773994565010071,0.7191468477249146,-0.14964276552200317,0.8411083221435547,0.7041143178939819,0.8813424110412598,-0.058992087841033936,0.846798300743103,0.629444420337677,0.7861801981925964,0.038042835891246796,0.5465217232704163,0.6921868920326233,0.9126096963882446,-0.06350818276405334,0.8437380790710449,0.6200996041297913,0.7898246645927429,0.05982659012079239,0.47592198848724365,0.7332907319068909,0.9242126941680908,-0.12464769929647446,0.8700283765792847,0.6173828840255737,0.8246456384658813,0.03972217068076134,0.5839318633079529
232,0.7164994478225708,0.4191845953464508,-0.275088906288147,0.9999996423721313,0.7196998000144958,0.40644577145576477,-0.25865650177001953,0.999998927116394,0.7217194437980652,0.40721285343170166,-0.2588258385658264,0.9999983906745911,0.723124623298645,0.407733678817749,-0.2587946951389313,0.999998927116394,0.7128175497055054,0.4024272859096527,-0.2721904516220093,0.9999994039535522,0.7101286053657532,0.40073734521865845,-0.2723906636238098,0.9999994039535522,0.7070190906524658,0.3988949954509735,-0.27247488498687744,0.9999994039535522,0.7198241949081421,0.40916720032691956,-0.1630583107471466,0.9999980926513672,0.6985234618186951,0.3979945778846741,-0.22490884363651276,0.9999966025352478,0.7160479426383972,0.4310123324394226,-0.23670229315757751,0.9999949932098389,0.709220826625824,0.4275074601173401,-0.2552799582481384,0.9999957084655762,0.7142993211746216,0.4907735288143158,-0.05125971511006355,0.9999859929084778,0.6785346865653992,0.449540913105011,-0.2249498814344406,0.999976396560669,0.7433986067771912,0.5687845945358276,0.003017373848706484,0.8950051665306091,0.6869184970855713,0.5459776520729065,-0.27500709891319275,0.9848172068595886,0.7869463562965393,0.6360839009284973,-0.03250167518854141,0.9582529664039612,0.707196056842804,0.6520716547966003,-0.32008248567581177,0.968550980091095,0.8008826971054077,0.6412224769592285,-0.036110810935497284,0.9553046226501465,0.7166159749031067,0.6724169254302979,-0.3531135618686676,0.9545303583145142,0.8028625845909119,0.6383231282234192,-0.06584939360618591,0.9619753956794739,0.7207223176956177,0.6683028340339661,-0.35706406831741333,0.9576866030693054,0.7963284254074097,0.6406497359275818,-0.04505705088376999,0.9604758620262146,0.718334436416626,0.6619970202445984,-0.32314491271972656,0.945334792137146,0.6808491945266724,0.6323078274726868,0.048311810940504074,0.9999260902404785,0.6470869779586792,0.6208273768424988,-0.048465125262737274,0.9998781085014343,0.7286405563354492,0.7291443347930908,-0.07754628360271454,0.8380253314971924,0.6436765193939209,0.7202906608581543,-0.14430710673332214,0.8463016748428345,0.7039927244186401,0.8832514882087708,-0.06484634429216385,0.8572309017181396,0.5965563058853149,0.791466236114502,0.054836735129356384,0.5496758222579956,0.6921072602272034,0.9126741886138916,-0.06769602000713348,0.8521950244903564,0.5896028876304626,0.796501874923706,0.07330112159252167,0.47214850783348083,0.7332314252853394,0.9241924285888672,-0.13203006982803345,0.8781762719154358,0.5832588076591492,0.8307391405105591,0.0495888814330101,0.585216760635376
233,0.7148797512054443,0.4190024435520172,-0.2598874866962433,0.9999996423721313,0.7179461717605591,0.4060160517692566,-0.24407707154750824,0.999998927116394,0.7200891971588135,0.4069412648677826,-0.24424295127391815,0.9999983310699463,0.7217341065406799,0.40752974152565,-0.24420949816703796,0.9999988675117493,0.7118770480155945,0.4019315838813782,-0.2587887644767761,0.9999994039535522,0.7094849944114685,0.40007463097572327,-0.2589873969554901,0.9999994039535522,0.706508457660675,0.39799943566322327,-0.2590753436088562,0.9999994039535522,0.7180461883544922,0.40882349014282227,-0.15241409838199615,0.9999978542327881,0.6973073482513428,0.3970735967159271,-0.21979443728923798,0.9999966025352478,0.7141640186309814,0.4304402768611908,-0.22278043627738953,0.9999945163726807,0.707851231098175,0.42635807394981384,-0.24303101003170013,0.9999955296516418,0.7108907699584961,0.48919305205345154,-0.03876625746488571,0.9999848008155823,0.6771166920661926,0.44903942942619324,-0.2141602784395218,0.999977707862854,0.7406099438667297,0.5673233866691589,0.03106740117073059,0.8553023338317871,0.6889693140983582,0.547045111656189,-0.2612132430076599,0.9858765006065369,0.7836630940437317,0.6362582445144653,0.010604286566376686,0.9417932033538818,0.7085274457931519,0.6515332460403442,-0.2960156798362732,0.9713403582572937,0.7980107665061951,0.6418015360832214,0.009704675525426865,0.9406535029411316,0.7172038555145264,0.6713330149650574,-0.326815664768219,0.9582944512367249,0.7999078631401062,0.6397300362586975,-0.019945425912737846,0.9488455057144165,0.7218003869056702,0.6675788760185242,-0.3284163475036621,0.9611709713935852,0.7931602001190186,0.6419306397438049,-0.0016399504384025931,0.9473138451576233,0.7199174761772156,0.6613844037055969,-0.29758116602897644,0.9491181373596191,0.6794184446334839,0.6323166489601135,0.04742083698511124,0.9999279379844666,0.6449803113937378,0.6196256279945374,-0.04759017005562782,0.9998838305473328,0.7269309759140015,0.7302472591400146,-0.08511253446340561,0.839738667011261,0.6259757876396179,0.7204468250274658,-0.10610556602478027,0.8468797206878662,0.7039766311645508,0.8833297491073608,-0.05849325284361839,0.862305223941803,0.5808352828025818,0.7939587235450745,0.050668973475694656,0.5650153160095215,0.692196786403656,0.9115087389945984,-0.060571905225515366,0.8567103147506714,0.5739171504974365,0.8025756478309631,0.06607307493686676,0.4742998778820038,0.7328439950942993,0.923905074596405,-0.1245056539773941,0.8822606205940247,0.5706519484519958,0.8428959250450134,0.03994834050536156,0.5951351523399353
234,0.7113697528839111,0.41847705841064453,-0.27768072485923767,0.999999463558197,0.7145804762840271,0.4047675132751465,-0.2621264159679413,0.9999986886978149,0.7164098024368286,0.40538349747657776,-0.2622810900211334,0.9999978542327881,0.7182321548461914,0.4057687222957611,-0.2622382938861847,0.9999985694885254,0.7090039849281311,0.4011283218860626,-0.2744691073894501,0.9999993443489075,0.7064146399497986,0.39892056584358215,-0.2746754288673401,0.9999992847442627,0.7033210396766663,0.3967572748661041,-0.2747781574726105,0.9999993443489075,0.7153637409210205,0.40730562806129456,-0.16821695864200592,0.9999969005584717,0.6948662996292114,0.39560961723327637,-0.22481663525104523,0.9999964833259583,0.7108394503593445,0.42917537689208984,-0.2396550178527832,0.9999933838844299,0.7044621706008911,0.4251014292240143,-0.25698256492614746,0.9999950528144836,0.7085186243057251,0.48756319284439087,-0.057851776480674744,0.9999812841415405,0.6753110885620117,0.4480896294116974,-0.2145954966545105,0.9999781250953674,0.7388556599617004,0.5660381317138672,0.010540856048464775,0.8415047526359558,0.6898237466812134,0.5473610758781433,-0.25647714734077454,0.9867727756500244,0.7822635769844055,0.635901153087616,-0.012339038774371147,0.9367321133613586,0.7118749618530273,0.649179995059967,-0.2953284680843353,0.9740087985992432,0.7966097593307495,0.6409205198287964,-0.014657184481620789,0.9364411234855652,0.7218811511993408,0.668382465839386,-0.3272251784801483,0.9620353579521179,0.7980674505233765,0.6388891339302063,-0.04506825655698776,0.9450368881225586,0.7254678010940552,0.6653352379798889,-0.3287515640258789,0.9646304249763489,0.7907488942146301,0.6416696906089783,-0.024892965331673622,0.9433250427246094,0.7232125997543335,0.6604282259941101,-0.29698646068573,0.9532135128974915,0.6781090497970581,0.632339358329773,0.03933005779981613,0.9999310970306396,0.6399497389793396,0.6193223595619202,-0.03945125266909599,0.999891459941864,0.7261800765991211,0.7315141558647156,-0.11462225764989853,0.8529760837554932,0.598376452922821,0.7025675773620605,-0.17309236526489258,0.8587300181388855,0.7039811611175537,0.8834238648414612,-0.03109908662736416,0.8731873631477356,0.5890679955482483,0.8014221787452698,0.0103531489148736,0.5973336100578308,0.6923667192459106,0.9101242423057556,-0.025502847507596016,0.8646460175514221,0.5893815159797668,0.812193751335144,0.027329858392477036,0.4957958459854126,0.7312907576560974,0.9236671924591064,-0.09309922158718109,0.8904191255569458,0.5707176327705383,0.8539221882820129,-0.022077662870287895,0.6202738285064697
235,0.7090863585472107,0.4174034595489502,-0.2868756055831909,0.9999993443489075,0.7123188376426697,0.4036605954170227,-0.2720881700515747,0.9999985694885254,0.7138713598251343,0.40417933464050293,-0.27225461602211,0.999997615814209,0.7154653072357178,0.40451616048812866,-0.27222269773483276,0.9999983906745911,0.707295835018158,0.4002625048160553,-0.28492167592048645,0.9999992847442627,0.7047584652900696,0.39786121249198914,-0.2851209044456482,0.9999992251396179,0.7016122341156006,0.39552024006843567,-0.2852109372615814,0.9999992847442627,0.7124895453453064,0.406266450881958,-0.1786879450082779,0.9999964833259583,0.6925861835479736,0.393478661775589,-0.2367861121892929,0.9999963641166687,0.7081874012947083,0.4277718663215637,-0.24861645698547363,0.9999929666519165,0.701909065246582,0.42349332571029663,-0.2664463222026825,0.9999948740005493,0.7060851454734802,0.48508158326148987,-0.06681665778160095,0.9999805688858032,0.6722605228424072,0.4464593231678009,-0.22553566098213196,0.9999788403511047,0.7357116937637329,0.5653140544891357,-0.0025791386142373085,0.8307515978813171,0.6887654662132263,0.5462412238121033,-0.2717714011669159,0.9874845147132874,0.7799659967422485,0.6342880725860596,-0.029285022988915443,0.9315856099128723,0.7141244411468506,0.6445083618164062,-0.31681913137435913,0.9761986136436462,0.7935190796852112,0.6410514712333679,-0.03255116194486618,0.9315283298492432,0.7261282205581665,0.6639131903648376,-0.3520185053348541,0.9649513959884644,0.794978678226471,0.6390593647956848,-0.06576500087976456,0.9406301975250244,0.727914035320282,0.6614951491355896,-0.3522228002548218,0.9672907590866089,0.788129448890686,0.6404404640197754,-0.042691029608249664,0.9384396076202393,0.7251490950584412,0.657387912273407,-0.31842052936553955,0.9558323621749878,0.6777963042259216,0.6322486400604248,0.0381646528840065,0.9999350905418396,0.6386116147041321,0.6189314723014832,-0.038294341415166855,0.9998993873596191,0.7264266610145569,0.7340359687805176,-0.10432927310466766,0.863698422908783,0.596028208732605,0.7072733640670776,-0.14892496168613434,0.8665309548377991,0.7039881348609924,0.8836861848831177,-0.010816371068358421,0.8799793124198914,0.5824248790740967,0.8192408084869385,0.02096075750887394,0.6254186630249023,0.6925370693206787,0.9102324843406677,-0.005231318064033985,0.8675709366798401,0.5845829844474792,0.8316848874092102,0.03615683689713478,0.5109022855758667,0.7314271926879883,0.9236999154090881,-0.07386188954114914,0.8947440981864929,0.561389148235321,0.8692532777786255,-0.017848236486315727,0.6412907838821411
236,0.7062532305717468,0.4152217209339142,-0.27085059881210327,0.9999993443489075,0.7100862264633179,0.4016092121601105,-0.25618085265159607,0.9999985694885254,0.7115554213523865,0.4022296369075775,-0.25633418560028076,0.999997615814209,0.7129210829734802,0.4025764465332031,-0.25631076097488403,0.9999983906745911,0.7050028443336487,0.39793750643730164,-0.2691904902458191,0.9999992847442627,0.7021673917770386,0.3952265679836273,-0.26937711238861084,0.9999992251396179,0.6991585493087769,0.39289888739585876,-0.2694461941719055,0.9999992847442627,0.7103041410446167,0.4045800268650055,-0.1664714813232422,0.9999964237213135,0.6911895275115967,0.3905973434448242,-0.22623707354068756,0.9999964237213135,0.7051228880882263,0.425342857837677,-0.23362451791763306,0.999993085861206,0.698643147945404,0.4209998846054077,-0.2517360746860504,0.9999950528144836,0.7031774520874023,0.48460766673088074,-0.0654512345790863,0.9999810457229614,0.6693041920661926,0.4439088702201843,-0.22338590025901794,0.9999802112579346,0.7339041829109192,0.5648475885391235,-6.597620813408867e-05,0.8280158042907715,0.6885247826576233,0.541852593421936,-0.26568320393562317,0.9883274435997009,0.7789828777313232,0.633875846862793,-0.03465711697936058,0.9297202825546265,0.7170854210853577,0.6425395011901855,-0.3167203664779663,0.9782677292823792,0.7927442193031311,0.6399022936820984,-0.04042263701558113,0.9296685457229614,0.7281212210655212,0.661359429359436,-0.3527275025844574,0.9677693843841553,0.794581949710846,0.6379732489585876,-0.07228320091962814,0.9389098286628723,0.7298076152801514,0.6594036221504211,-0.35313135385513306,0.969866156578064,0.7878848314285278,0.6391711235046387,-0.048072583973407745,0.9363634586334229,0.7275186777114868,0.6555337905883789,-0.3187023401260376,0.9586167931556702,0.6727492213249207,0.6329318284988403,0.03874807432293892,0.9999392032623291,0.635436475276947,0.6194013953208923,-0.03888940066099167,0.9999071955680847,0.7264382839202881,0.7346817851066589,-0.09571181982755661,0.873386561870575,0.5988357663154602,0.7244436740875244,-0.1300341635942459,0.8751981854438782,0.7038807272911072,0.8837933540344238,-0.006222126539796591,0.8848174214363098,0.5700420141220093,0.837520956993103,0.010530374012887478,0.6554772257804871,0.6926344037055969,0.9103344678878784,-0.001828573876991868,0.8701552152633667,0.5713673830032349,0.8505422472953796,0.020893342792987823,0.5343272686004639,0.7308079600334167,0.9233898520469666,-0.06963824480772018,0.8979628682136536,0.5520534515380859,0.8773806095123291,-0.04183230921626091,0.6663416624069214
237,0.7015570998191833,0.4130335748195648,-0.2545540928840637,0.9999993443489075,0.7060620784759521,0.400349497795105,-0.238552987575531,0.9999986290931702,0.7076579928398132,0.401225209236145,-0.23871015012264252,0.9999976754188538,0.7091229557991028,0.40193405747413635,-0.2386879026889801,0.9999984502792358,0.699985921382904,0.39577433466911316,-0.25173088908195496,0.9999992847442627,0.6970252990722656,0.39309024810791016,-0.2519194185733795,0.9999992847442627,0.6939769983291626,0.3904670476913452,-0.25198715925216675,0.9999993443489075,0.706608235836029,0.40409591794013977,-0.14352566003799438,0.999996542930603,0.6869847178459167,0.3877289891242981,-0.20327822864055634,0.9999966025352478,0.7002614140510559,0.4232884347438812,-0.21577830612659454,0.9999933242797852,0.6930512189865112,0.41827595233917236,-0.23409220576286316,0.999995231628418,0.6996490955352783,0.48255977034568787,-0.03643220663070679,0.9999815225601196,0.6660491228103638,0.440583735704422,-0.1999993771314621,0.9999812841415405,0.7304715514183044,0.5641891360282898,0.017994649708271027,0.8253052830696106,0.6891276836395264,0.539117693901062,-0.25131574273109436,0.9890874028205872,0.7764996290206909,0.6332886815071106,-0.02520071528851986,0.9295613169670105,0.721427857875824,0.634005606174469,-0.2929592430591583,0.9801050424575806,0.7909923195838928,0.6384034752845764,-0.030939191579818726,0.9291502237319946,0.7325149178504944,0.6527397036552429,-0.32806238532066345,0.9702355265617371,0.7924522757530212,0.6373388767242432,-0.06181281805038452,0.9382813572883606,0.7336057424545288,0.6539872884750366,-0.3255966007709503,0.9720935821533203,0.785489022731781,0.6386523246765137,-0.038388364017009735,0.9353811740875244,0.731026291847229,0.6510449051856995,-0.29365286231040955,0.9608831405639648,0.6689074039459229,0.6329598426818848,0.039192989468574524,0.999943196773529,0.6326679587364197,0.6193588972091675,-0.0393373928964138,0.9999145865440369,0.7231508493423462,0.7347577810287476,-0.09391742199659348,0.8818108439445496,0.5929824709892273,0.7253698706626892,-0.1309329867362976,0.8849069476127625,0.7035686373710632,0.8836987614631653,0.0069984071888029575,0.8892256617546082,0.5634778738021851,0.8509166836738586,-0.026087915524840355,0.6859362721443176,0.6926184892654419,0.9100098609924316,0.01147668156772852,0.8727176785469055,0.5651896595954895,0.87044757604599,-0.01903109811246395,0.5633260607719421,0.7301661968231201,0.9226757884025574,-0.05328955873847008,0.9009645581245422,0.5425103902816772,0.8871842622756958,-0.086016945540905,0.6933719515800476
238,0.6977807879447937,0.41086190938949585,-0.2491423338651657,0.9999992251396179,0.7025957703590393,0.3986806273460388,-0.23325015604496002,0.9999984502792358,0.7042296528816223,0.3998473286628723,-0.2334109991788864,0.9999974370002747,0.7057520151138306,0.4009326100349426,-0.23339492082595825,0.9999982714653015,0.6963115334510803,0.3931765854358673,-0.2471262812614441,0.9999992251396179,0.6933128833770752,0.3903699219226837,-0.2473178207874298,0.9999991655349731,0.6902416348457336,0.3874792456626892,-0.247390478849411,0.9999992847442627,0.7032506465911865,0.40309566259384155,-0.13848641514778137,0.9999962449073792,0.6831585764884949,0.38428807258605957,-0.2013155072927475,0.9999963045120239,0.6964328289031982,0.42132434248924255,-0.21045514941215515,0.9999927282333374,0.688924252986908,0.4155987799167633,-0.22977226972579956,0.9999948143959045,0.6961952447891235,0.4803563356399536,-0.03287317231297493,0.9999815225601196,0.6614645719528198,0.43615829944610596,-0.1997375786304474,0.9999813437461853,0.7257367968559265,0.5594682693481445,0.018419550731778145,0.8277701139450073,0.6885810494422913,0.5340138673782349,-0.25481659173965454,0.9895030856132507,0.7720252275466919,0.6319025158882141,-0.0261935256421566,0.9284151196479797,0.7236143946647644,0.6215827465057373,-0.29487496614456177,0.9811259508132935,0.7863208055496216,0.638573408126831,-0.031853917986154556,0.9275779724121094,0.734146773815155,0.639531135559082,-0.32928401231765747,0.9712933301925659,0.7882758378982544,0.6370869278907776,-0.06257328391075134,0.9367640018463135,0.7352675199508667,0.6407878994941711,-0.3300568759441376,0.9728825688362122,0.7817156314849854,0.6375357508659363,-0.03941028565168381,0.9337614178657532,0.7330290079116821,0.6374927163124084,-0.29734140634536743,0.9604381322860718,0.6652425527572632,0.6329822540283203,0.039653144776821136,0.999947190284729,0.6291628479957581,0.6201127767562866,-0.03978987783193588,0.9999215006828308,0.7214796543121338,0.7341079115867615,-0.08160179108381271,0.8917070627212524,0.5832564234733582,0.726813018321991,-0.13837218284606934,0.8953651785850525,0.7034174203872681,0.8832669258117676,0.02395460195839405,0.896533727645874,0.5565932989120483,0.8578097224235535,-0.048009973019361496,0.7158679962158203,0.692538321018219,0.9099947214126587,0.029159676283597946,0.8785385489463806,0.5578135848045349,0.8799397349357605,-0.04240649938583374,0.5968242883682251,0.7298427820205688,0.9221980571746826,-0.038986243307590485,0.9066308736801147,0.5335214138031006,0.8958342671394348,-0.11799278855323792,0.7212101221084595
239,0.6944992542266846,0.4067164659500122,-0.22797320783138275,0.9999990463256836,0.6990998983383179,0.3948730528354645,-0.2108045518398285,0.9999982118606567,0.7007436156272888,0.3964911997318268,-0.21096119284629822,0.9999970197677612,0.7022674679756165,0.398089200258255,-0.21094122529029846,0.9999979734420776,0.6926107406616211,0.3879888653755188,-0.22481325268745422,0.9999991059303284,0.689738929271698,0.38501423597335815,-0.22500337660312653,0.9999989867210388,0.6867359280586243,0.38227489590644836,-0.22508570551872253,0.9999991655349731,0.6999198198318481,0.401052325963974,-0.11480312794446945,0.9999957084655762,0.6792766451835632,0.38035762310028076,-0.1787066012620926,0.9999958872795105,0.6933671236038208,0.41738876700401306,-0.18930040299892426,0.9999915957450867,0.6852649450302124,0.41158363223075867,-0.20894625782966614,0.9999940395355225,0.6925104856491089,0.4805600643157959,-0.014095811173319817,0.9999802112579346,0.657366156578064,0.4316287636756897,-0.18466340005397797,0.9999809265136719,0.7224294543266296,0.5563886761665344,0.02979256585240364,0.8076516389846802,0.6879228949546814,0.5227127075195312,-0.24973349273204803,0.9889943599700928,0.7683197259902954,0.6311231255531311,-0.020362697541713715,0.9117580056190491,0.7232711315155029,0.607093334197998,-0.2913403809070587,0.9802029728889465,0.7838656902313232,0.6368412971496582,-0.026295220479369164,0.9122768640518188,0.7328147292137146,0.6244828104972839,-0.32620954513549805,0.9689909219741821,0.7864562273025513,0.6353341937065125,-0.0565793476998806,0.9222166538238525,0.7342690825462341,0.6246793270111084,-0.3235049843788147,0.9700557589530945,0.7798880338668823,0.6369249820709229,-0.03369329869747162,0.9185919165611267,0.732003390789032,0.6210181713104248,-0.2923333942890167,0.9529966711997986,0.6609879732131958,0.6326228380203247,0.039893463253974915,0.9999511241912842,0.6235314011573792,0.6205488443374634,-0.04002036526799202,0.9999281167984009,0.7188941836357117,0.727249026298523,-0.0826992318034172,0.8999139666557312,0.5756767392158508,0.7288997173309326,-0.14212028682231903,0.9045920372009277,0.7030947208404541,0.8830466866493225,0.020982515066862106,0.9030985236167908,0.5500696897506714,0.8642100095748901,-0.04729292169213295,0.7428206205368042,0.6923913955688477,0.9100219011306763,0.026736443862318993,0.8842028379440308,0.5549318194389343,0.8855012059211731,-0.04101290553808212,0.627084493637085,0.729985773563385,0.922101616859436,-0.0404096357524395,0.9113814234733582,0.5244004726409912,0.9044637680053711,-0.11538311094045639,0.7460271120071411
240,0.6920542120933533,0.40434911847114563,-0.23286443948745728,0.9999985694885254,0.696325421333313,0.3921825587749481,-0.2169150859117508,0.9999974370002747,0.6977407932281494,0.3937785029411316,-0.21708808839321136,0.9999958872795105,0.6990724205970764,0.39541319012641907,-0.21707318723201752,0.9999972581863403,0.6911390423774719,0.3862364590167999,-0.23165296018123627,0.9999986886978149,0.6882946491241455,0.3833220601081848,-0.2318439483642578,0.9999984502792358,0.6850965619087219,0.38066673278808594,-0.2319270819425583,0.9999987483024597,0.6956723928451538,0.3977462351322174,-0.12392780929803848,0.9999943375587463,0.6766128540039062,0.3779701590538025,-0.1896233856678009,0.9999940395355225,0.6903517842292786,0.41522568464279175,-0.19500645995140076,0.9999884963035583,0.6833916902542114,0.4094548225402832,-0.215640589594841,0.9999915957450867,0.6883409023284912,0.47989892959594727,-0.02321327105164528,0.9999788403511047,0.6539276838302612,0.4278121292591095,-0.18969887495040894,0.9999784827232361,0.7170511484146118,0.5556585788726807,0.02851208485662937,0.7822446227073669,0.6875918507575989,0.5114977359771729,-0.26016178727149963,0.9858369827270508,0.7590739130973816,0.628060519695282,-0.03374715894460678,0.8801367282867432,0.7240608334541321,0.5889303684234619,-0.2945449948310852,0.9708443880081177,0.7769602537155151,0.634414792060852,-0.04103144258260727,0.8815630078315735,0.7342889904975891,0.604042112827301,-0.3305073082447052,0.9541173577308655,0.7795518636703491,0.6319204568862915,-0.07117266207933426,0.8927212953567505,0.7354853749275208,0.605391800403595,-0.3265136778354645,0.9540759325027466,0.7707673907279968,0.6311814188957214,-0.047380588948726654,0.8880364894866943,0.7333007454872131,0.6046831607818604,-0.2929922044277191,0.9246034622192383,0.65880286693573,0.6314867734909058,0.04029714688658714,0.9999546408653259,0.6214421391487122,0.6200347542762756,-0.04041627421975136,0.9999337792396545,0.7167738676071167,0.7249791026115417,-0.0647834986448288,0.9068838953971863,0.5741369128227234,0.7336208820343018,-0.12304960936307907,0.9120779633522034,0.7030401229858398,0.8835284113883972,0.033552806824445724,0.9084926843643188,0.5435968637466431,0.8686543107032776,-0.027207164093852043,0.766674816608429,0.6923597455024719,0.9100505113601685,0.03825153037905693,0.8872946500778198,0.5471020340919495,0.8924627304077148,-0.020813370123505592,0.6504861116409302,0.7300937175750732,0.9214017391204834,-0.03005102463066578,0.9150445461273193,0.518358588218689,0.9117265343666077,-0.09444864094257355,0.7674453854560852
241,0.6873655915260315,0.4028034806251526,-0.21880580484867096,0.9999980926513672,0.6912239193916321,0.390572726726532,-0.20150701701641083,0.9999967217445374,0.692674994468689,0.39214423298835754,-0.20168432593345642,0.999994695186615,0.694006085395813,0.39353421330451965,-0.20166906714439392,0.9999964833259583,0.6860622763633728,0.3838613033294678,-0.21665163338184357,0.9999983310699463,0.6830006837844849,0.3804311454296112,-0.21685294806957245,0.9999980330467224,0.6796891093254089,0.3775007426738739,-0.2169446051120758,0.9999984502792358,0.6906627416610718,0.39586061239242554,-0.10293009132146835,0.9999929666519165,0.6706039309501648,0.37583017349243164,-0.17202702164649963,0.9999927878379822,0.6856288313865662,0.41381528973579407,-0.17872892320156097,0.999984622001648,0.6778743267059326,0.4076271057128906,-0.20000837743282318,0.9999890923500061,0.6825215220451355,0.479189395904541,-0.0011044887360185385,0.9999755024909973,0.6496581435203552,0.42402368783950806,-0.17393043637275696,0.9999765753746033,0.7123721837997437,0.5565037131309509,0.044222548604011536,0.7440258860588074,0.6873490214347839,0.505764901638031,-0.23390217125415802,0.9839202761650085,0.761574387550354,0.6279078125953674,-0.010251838713884354,0.8428449630737305,0.7320271134376526,0.5832006931304932,-0.2615703344345093,0.9693073630332947,0.777787446975708,0.6321219801902771,-0.0163072869181633,0.8475610017776489,0.7421399354934692,0.6002429127693176,-0.29482272267341614,0.9513835310935974,0.7804312109947205,0.6284306645393372,-0.04610371217131615,0.8592633008956909,0.7455454468727112,0.6022586822509766,-0.2903009057044983,0.9507661461830139,0.7741133570671082,0.6272333264350891,-0.023641163483262062,0.8539304733276367,0.741540253162384,0.6003903150558472,-0.2612771689891815,0.915941059589386,0.6537262797355652,0.6316391825675964,0.04034208878874779,0.9999580383300781,0.6167230010032654,0.6206125617027283,-0.040473196655511856,0.9999393224716187,0.7137888073921204,0.7260352373123169,-0.06382343918085098,0.9138097167015076,0.571356475353241,0.7443506717681885,-0.111449234187603,0.9192140698432922,0.702383279800415,0.8851250410079956,0.0420822948217392,0.9146748781204224,0.5403895974159241,0.8759409785270691,-0.016834331676363945,0.7887086272239685,0.6919774413108826,0.9111692309379578,0.04797438904643059,0.8928161263465881,0.5449734926223755,0.8983701467514038,-0.007837029173970222,0.6760187745094299,0.730183482170105,0.9213349223136902,-0.017300866544246674,0.9197987914085388,0.5134692788124084,0.9157782793045044,-0.07584431767463684,0.7879189848899841
242,0.6833605170249939,0.4015240967273712,-0.23139448463916779,0.9999972581863403,0.6869264245033264,0.38921546936035156,-0.21433475613594055,0.9999949932098389,0.6881268620491028,0.39053693413734436,-0.2145039439201355,0.9999917149543762,0.6893232464790344,0.3918133080005646,-0.21448397636413574,0.9999942779541016,0.6816920638084412,0.3829217553138733,-0.22805698215961456,0.999997615814209,0.6789007186889648,0.3797316253185272,-0.22825375199317932,0.9999973773956299,0.6756437420845032,0.37684085965156555,-0.22832970321178436,0.9999980330467224,0.6856749653816223,0.3938276469707489,-0.11301110684871674,0.9999883770942688,0.6669865250587463,0.37486785650253296,-0.1840868890285492,0.9999912977218628,0.6813688278198242,0.4118846356868744,-0.1920681893825531,0.9999774098396301,0.6739881634712219,0.407424658536911,-0.21116803586483002,0.9999856352806091,0.676529586315155,0.4768928289413452,-0.01966434344649315,0.9999679923057556,0.6446129679679871,0.41972628235816956,-0.19265979528427124,0.999976634979248,0.7094274163246155,0.5547934174537659,0.008146575652062893,0.6993900537490845,0.6871833205223083,0.49757063388824463,-0.25751978158950806,0.9837284684181213,0.7585628628730774,0.627767026424408,-0.05033951625227928,0.7754925489425659,0.7356479167938232,0.583049476146698,-0.28606992959976196,0.9706646800041199,0.7717781662940979,0.6359443068504333,-0.057718850672245026,0.7825743556022644,0.7453304529190063,0.5975825786590576,-0.3249991536140442,0.9530287981033325,0.7733067274093628,0.6334637403488159,-0.08751770853996277,0.7939415574073792,0.7500725388526917,0.5986756682395935,-0.3122863471508026,0.9522104859352112,0.767257034778595,0.6300005912780762,-0.06369711458683014,0.7893900275230408,0.7461950182914734,0.5964603424072266,-0.28253334760665894,0.9161432981491089,0.6503802537918091,0.628402054309845,0.03843909129500389,0.999960720539093,0.6126407980918884,0.6184092164039612,-0.038581572473049164,0.9999444484710693,0.7086125612258911,0.7239825129508972,-0.06191923841834068,0.9188089966773987,0.5687200427055359,0.7409197688102722,-0.11076096445322037,0.9248225092887878,0.7016597986221313,0.8836955428123474,0.04254807159304619,0.9170389175415039,0.5379800796508789,0.8776249885559082,-0.018908770754933357,0.8076750636100769,0.6916378140449524,0.9106796979904175,0.0482538677752018,0.8925611972808838,0.5412536263465881,0.901267945766449,-0.012858216650784016,0.6947044730186462,0.7287013530731201,0.9182190299034119,-0.016131168231368065,0.9206495881080627,0.5118873715400696,0.9158589839935303,-0.0868806540966034,0.8046316504478455
243,0.6802698969841003,0.4008946120738983,-0.202725350856781,0.9999969005584717,0.6835241317749023,0.3884742259979248,-0.18808069825172424,0.9999944567680359,0.6846160292625427,0.38964226841926575,-0.1882789582014084,0.9999910593032837,0.685773491859436,0.3908323645591736,-0.18826207518577576,0.9999939203262329,0.6790338158607483,0.38256290555000305,-0.204714834690094,0.9999971985816956,0.67645663022995,0.3794907033443451,-0.2049061506986618,0.9999969005584717,0.6736398339271545,0.3764374852180481,-0.2049712985754013,0.999997615814209,0.6800661683082581,0.3915844261646271,-0.0996173769235611,0.999987781047821,0.6632909178733826,0.37237074971199036,-0.1765650361776352,0.9999893307685852,0.6771001815795898,0.4106636047363281,-0.16630032658576965,0.999975860118866,0.6709125638008118,0.40685316920280457,-0.1897401660680771,0.9999839067459106,0.6709287166595459,0.47380444407463074,-0.00946208368986845,0.999968945980072,0.639840304851532,0.4162713289260864,-0.18486079573631287,0.9999747276306152,0.7069876194000244,0.5461140275001526,0.024093134328722954,0.7089750170707703,0.6839498281478882,0.48483192920684814,-0.2540958821773529,0.9810641407966614,0.7522684335708618,0.6079130172729492,-0.04274091497063637,0.78204745054245,0.7314494848251343,0.5556556582450867,-0.2874230742454529,0.9670408964157104,0.7670077085494995,0.6237961053848267,-0.04929499700665474,0.7852510809898376,0.742360532283783,0.5715793371200562,-0.32446974515914917,0.947175920009613,0.7692908048629761,0.6195706725120544,-0.07971516996622086,0.7972829937934875,0.7436809539794922,0.5720798373222351,-0.31746959686279297,0.9460074305534363,0.7635484337806702,0.6151130199432373,-0.05596505105495453,0.791289210319519,0.7416523694992065,0.5696812868118286,-0.2866034209728241,0.9033131003379822,0.6469824314117432,0.6247073411941528,0.040095821022987366,0.9999634623527527,0.6083757877349854,0.6158697009086609,-0.040232911705970764,0.9999484419822693,0.7061954736709595,0.7246803045272827,-0.02014284022152424,0.9223465323448181,0.5659303069114685,0.739074170589447,-0.11564993858337402,0.9300103783607483,0.701110303401947,0.8846638202667236,0.06459636986255646,0.9194393157958984,0.5383881330490112,0.8828029036521912,-0.05394040048122406,0.824345588684082,0.6914348006248474,0.9115045070648193,0.06753873825073242,0.8892141580581665,0.541995108127594,0.9068592190742493,-0.051195260137319565,0.7053270936012268,0.7294150590896606,0.9184343814849854,0.0030024657025933266,0.9217093586921692,0.5118699073791504,0.915580153465271,-0.12623317539691925,0.8190963268280029
244,0.6741412878036499,0.4007994532585144,-0.19034768640995026,0.9999966621398926,0.6787365078926086,0.3879711329936981,-0.17574718594551086,0.999994158744812,0.6800994873046875,0.3887910842895508,-0.17594940960407257,0.999990701675415,0.6812760233879089,0.38962504267692566,-0.17593474686145782,0.9999937415122986,0.6740560531616211,0.38265305757522583,-0.19269824028015137,0.9999969005584717,0.6715566515922546,0.3795337677001953,-0.1928994208574295,0.9999966025352478,0.6687946319580078,0.3763812780380249,-0.19296835362911224,0.9999973177909851,0.6755278706550598,0.38983726501464844,-0.08842669427394867,0.9999875426292419,0.6580313444137573,0.3712126612663269,-0.16627755761146545,0.9999879598617554,0.6721249222755432,0.4101652503013611,-0.15403851866722107,0.9999751448631287,0.6659347414970398,0.40659716725349426,-0.17788855731487274,0.9999828338623047,0.6672733426094055,0.46918871998786926,0.0038480304647237062,0.9999701976776123,0.6344953179359436,0.4121742248535156,-0.1743527054786682,0.9999741911888123,0.7033005952835083,0.534796953201294,0.0546441525220871,0.7222542762756348,0.6824177503585815,0.4783765971660614,-0.23988910019397736,0.9810605645179749,0.7430751919746399,0.5930578112602234,0.001361380098387599,0.7960146069526672,0.7278113961219788,0.5372712016105652,-0.2744258940219879,0.9679445624351501,0.7569140791893005,0.6126538515090942,-0.003583285491913557,0.7964487075805664,0.7382506132125854,0.5578746795654297,-0.3097895383834839,0.948134183883667,0.7592341303825378,0.6103350520133972,-0.03695804625749588,0.8083651661872864,0.7408880591392517,0.5589979887008667,-0.3062727153301239,0.9469091296195984,0.7520646452903748,0.604185938835144,-0.01312368642538786,0.8017709255218506,0.7387755513191223,0.556717038154602,-0.2751932442188263,0.9033833742141724,0.6429731845855713,0.6173574924468994,0.040395502001047134,0.9999657869338989,0.6046804189682007,0.6121649742126465,-0.04053854942321777,0.9999517798423767,0.7009298205375671,0.717764139175415,-0.027560856193304062,0.925569474697113,0.5635195970535278,0.7386283874511719,-0.11778329312801361,0.9346844553947449,0.7006129026412964,0.8842005133628845,0.041597772389650345,0.9215628504753113,0.5380957722663879,0.8887799382209778,-0.07196416705846786,0.8392996788024902,0.6911733746528625,0.9115715622901917,0.043876294046640396,0.8851922154426575,0.5420609712600708,0.914358913898468,-0.07140979170799255,0.7144785523414612,0.7297936677932739,0.9185525178909302,-0.021216481924057007,0.922875702381134,0.5074706673622131,0.9169636964797974,-0.14530186355113983,0.8324193358421326
245,0.6702747941017151,0.3996313214302063,-0.18508777022361755,0.9999967217445374,0.675143301486969,0.3869626224040985,-0.17052267491817474,0.9999942779541016,0.6765058636665344,0.3874925374984741,-0.17071247100830078,0.9999909400939941,0.6777632832527161,0.3880350887775421,-0.17069287598133087,0.9999939203262329,0.6696330904960632,0.3820054531097412,-0.18651141226291656,0.9999969601631165,0.6671321392059326,0.378775030374527,-0.18671907484531403,0.9999966621398926,0.664181113243103,0.37522801756858826,-0.18678736686706543,0.9999973773956299,0.6729024052619934,0.3875735104084015,-0.08585824072360992,0.9999878406524658,0.6540126800537109,0.36888304352760315,-0.15929493308067322,0.9999881386756897,0.6690307855606079,0.40883782505989075,-0.1501091867685318,0.9999760389328003,0.6620705127716064,0.40497615933418274,-0.1726682037115097,0.9999834299087524,0.6657674312591553,0.4689328074455261,0.0014528139727190137,0.9999715685844421,0.6295749545097351,0.40901243686676025,-0.16880697011947632,0.9999756813049316,0.695706307888031,0.5378753542900085,0.042591072618961334,0.7360639572143555,0.674871563911438,0.46624597907066345,-0.23486682772636414,0.9821842312812805,0.7401353120803833,0.5868625044822693,-0.005501843057572842,0.8094574809074402,0.7260523438453674,0.5243518948554993,-0.27603965997695923,0.9704603552818298,0.7549091577529907,0.6046351194381714,-0.005652053747326136,0.8080132603645325,0.7365903854370117,0.5502349138259888,-0.3117210268974304,0.9518826603889465,0.7566311955451965,0.6021960377693176,-0.04126637801527977,0.8197706937789917,0.7403643727302551,0.5508450269699097,-0.30855199694633484,0.9507157206535339,0.7488278746604919,0.5958914160728455,-0.017648573964834213,0.8128554821014404,0.7375368475914001,0.5472903847694397,-0.2769916355609894,0.9096290469169617,0.6397838592529297,0.6094505190849304,0.03917128965258598,0.9999676942825317,0.6006459593772888,0.6080807447433472,-0.039318837225437164,0.9999551177024841,0.69423907995224,0.7163300514221191,-0.034025952219963074,0.9264697432518005,0.562549352645874,0.7376617789268494,-0.12209609150886536,0.9384521842002869,0.699791669845581,0.8840015530586243,0.03274153172969818,0.9209030270576477,0.5396459698677063,0.8879037499427795,-0.08659461885690689,0.8514833450317383,0.6907587647438049,0.9119560718536377,0.029022466391324997,0.8782694339752197,0.5433176755905151,0.9168800711631775,-0.08695760369300842,0.718056321144104,0.729896605014801,0.9184985160827637,-0.03580670803785324,0.9217579364776611,0.5083304643630981,0.9178663492202759,-0.16161540150642395,0.8427299857139587
246,0.666184663772583,0.3987137973308563,-0.20430365204811096,0.9999966025352478,0.6706688404083252,0.3851686716079712,-0.19427992403507233,0.999994158744812,0.6719951629638672,0.38540440797805786,-0.1945321261882782,0.9999908208847046,0.6731482148170471,0.38564595580101013,-0.1945391446352005,0.9999939203262329,0.6656123399734497,0.3809213936328888,-0.21411652863025665,0.9999968409538269,0.6634904146194458,0.37807393074035645,-0.21432451903820038,0.999996542930603,0.6610834002494812,0.3747982978820801,-0.2143869251012802,0.9999972581863403,0.6677037477493286,0.3840300440788269,-0.11597464233636856,0.999987781047821,0.6506202220916748,0.36750274896621704,-0.19779057800769806,0.9999874830245972,0.6649003624916077,0.40772709250450134,-0.17244476079940796,0.9999762177467346,0.6584909558296204,0.4038989841938019,-0.20008735358715057,0.9999833106994629,0.6619256734848022,0.4671523869037628,-0.028391389176249504,0.9999727606773376,0.6238012313842773,0.40574726462364197,-0.1993367075920105,0.9999758005142212,0.6923423409461975,0.5381379723548889,0.01598445698618889,0.751605749130249,0.6674926280975342,0.4545147120952606,-0.27217063307762146,0.9825128316879272,0.7412974834442139,0.5883747339248657,-0.03890680521726608,0.8226573467254639,0.7237877249717712,0.5047960877418518,-0.31728631258010864,0.9719036817550659,0.7562986612319946,0.6020653247833252,-0.04393796622753143,0.8188447952270508,0.7304555773735046,0.5288273096084595,-0.35408130288124084,0.9535771608352661,0.7576391696929932,0.6021782755851746,-0.07866064459085464,0.8304674029350281,0.7321357131004333,0.5302337408065796,-0.34977006912231445,0.9523642659187317,0.7501115798950195,0.5972283482551575,-0.05345515161752701,0.8232670426368713,0.729482889175415,0.5264396667480469,-0.3179946839809418,0.9116038084030151,0.6356461644172668,0.6033111214637756,0.03844117000699043,0.9999691843986511,0.5970546007156372,0.6035774350166321,-0.03857918083667755,0.9999575614929199,0.6898354887962341,0.7171406745910645,-0.02128249779343605,0.9271273612976074,0.5591806173324585,0.7369043827056885,-0.12413212656974792,0.9410066604614258,0.6989622712135315,0.8869275450706482,0.03787579387426376,0.9216598272323608,0.539622962474823,0.8885219097137451,-0.08904489129781723,0.8626265525817871,0.6904565691947937,0.9151566624641418,0.036441586911678314,0.8710511922836304,0.5432066321372986,0.9177945852279663,-0.08995357900857925,0.7209539413452148,0.7301567792892456,0.9182769656181335,-0.031750135123729706,0.9210196137428284,0.508470356464386,0.9196613430976868,-0.16933435201644897,0.8518038988113403
247,0.6608313322067261,0.3963961899280548,-0.1926550567150116,0.9999967217445374,0.6654866337776184,0.38264545798301697,-0.17828550934791565,0.9999943971633911,0.6671172380447388,0.38270583748817444,-0.17850357294082642,0.9999911785125732,0.668328583240509,0.3828350901603699,-0.17849478125572205,0.9999942183494568,0.660079836845398,0.37881943583488464,-0.19645266234874725,0.9999969601631165,0.6577512621879578,0.3760460913181305,-0.19664934277534485,0.9999966025352478,0.6554420590400696,0.3730720579624176,-0.1967044174671173,0.9999973177909851,0.662535548210144,0.3816852569580078,-0.09339937567710876,0.999988317489624,0.6446698904037476,0.3656994104385376,-0.1764686107635498,0.9999876022338867,0.6590190529823303,0.4065091609954834,-0.15755820274353027,0.999977171421051,0.6529355645179749,0.4023436903953552,-0.18304093182086945,0.9999837279319763,0.6575738787651062,0.4649522304534912,-0.012340245768427849,0.9999743103981018,0.6159294843673706,0.4025868773460388,-0.18160167336463928,0.9999763369560242,0.6853696703910828,0.5332893133163452,0.026309913024306297,0.7642902135848999,0.6587496995925903,0.4354163706302643,-0.25868844985961914,0.9827383756637573,0.7378557324409485,0.582958996295929,-0.03623408451676369,0.8343756198883057,0.7186751961708069,0.486460417509079,-0.29807955026626587,0.97320157289505,0.751790463924408,0.597290575504303,-0.04212958365678787,0.8288632035255432,0.7259380221366882,0.50648033618927,-0.33379361033439636,0.9554013609886169,0.7534205913543701,0.5986064076423645,-0.07843968272209167,0.8402688503265381,0.7261769771575928,0.5090624690055847,-0.32832279801368713,0.9541705250740051,0.746477484703064,0.5943925976753235,-0.05174581706523895,0.8329985737800598,0.7228773832321167,0.5063303112983704,-0.29863226413726807,0.9143772721290588,0.6324208974838257,0.6004291772842407,0.03802594169974327,0.9999709129333496,0.593632698059082,0.6016516089439392,-0.038165874779224396,0.9999601244926453,0.6861402988433838,0.7180907726287842,-0.010242941789329052,0.9281828999519348,0.5575515031814575,0.7366583943367004,-0.12344276160001755,0.9435822367668152,0.6982949376106262,0.8881468772888184,0.041775114834308624,0.9229846000671387,0.5381358861923218,0.8906255960464478,-0.08929537236690521,0.8728390336036682,0.6898939609527588,0.9166464805603027,0.04047595337033272,0.866374135017395,0.5417391061782837,0.9189922213554382,-0.09052340686321259,0.7247583270072937,0.7302063703536987,0.9182409644126892,-0.025957563892006874,0.9216360449790955,0.5065685510635376,0.9208013415336609,-0.16684743762016296,0.8607032299041748
248,0.6562122106552124,0.39321601390838623,-0.25001972913742065,0.9999969601631165,0.6613731384277344,0.379733145236969,-0.2355988472700119,0.9999948740005493,0.6628673672676086,0.37990880012512207,-0.23583218455314636,0.9999918937683105,0.6644272208213806,0.38024190068244934,-0.23581941425800323,0.999994695186615,0.6550805568695068,0.37547287344932556,-0.25342556834220886,0.9999971985816956,0.6522592902183533,0.3728487491607666,-0.2536049783229828,0.9999968409538269,0.649732232093811,0.3704071640968323,-0.2536419928073883,0.9999974966049194,0.6599121689796448,0.38072311878204346,-0.1432928591966629,0.9999892711639404,0.6392534971237183,0.3647824823856354,-0.2246984839439392,0.9999883770942688,0.6544377207756042,0.404779314994812,-0.21150819957256317,0.9999788999557495,0.6473976373672485,0.3997609615325928,-0.23652540147304535,0.999984860420227,0.6529095768928528,0.46314090490341187,-0.05176275223493576,0.9999762773513794,0.6098129749298096,0.4003370404243469,-0.2191217690706253,0.9999771118164062,0.6823193430900574,0.5326042175292969,-0.013601541519165039,0.782573401927948,0.6490638852119446,0.4254857003688812,-0.307895690202713,0.9833215475082397,0.7341254353523254,0.5808448195457458,-0.07691178470849991,0.8485150337219238,0.7127994894981384,0.47054797410964966,-0.3668536841869354,0.9745728373527527,0.7488840818405151,0.5968863368034363,-0.08544907718896866,0.8421906232833862,0.7212658524513245,0.49280309677124023,-0.4065878093242645,0.9572002291679382,0.7501900792121887,0.5995534062385559,-0.11964689195156097,0.8529744744300842,0.7207037806510925,0.49544915556907654,-0.4012082815170288,0.9559497237205505,0.7437036633491516,0.5961092114448547,-0.09195967763662338,0.8457931280136108,0.7172242403030396,0.491359680891037,-0.3676682710647583,0.9169420599937439,0.6282774806022644,0.600161612033844,0.03814350441098213,0.9999720454216003,0.5893263220787048,0.6023008227348328,-0.0382814034819603,0.9999616146087646,0.6825500726699829,0.7182550430297852,-0.010580573230981827,0.9308096766471863,0.5555006861686707,0.7364158630371094,-0.12340652942657471,0.9456685185432434,0.6978310346603394,0.8885332345962524,0.05591094493865967,0.9252176284790039,0.5371510982513428,0.8894217014312744,-0.0708785429596901,0.8815053105354309,0.6891999840736389,0.9176019430160522,0.05576951801776886,0.8640232086181641,0.5406302809715271,0.9174603819847107,-0.06897551566362381,0.7261618375778198,0.7314386963844299,0.9186086058616638,-0.01346671860665083,0.9232968091964722,0.5075845718383789,0.9197691679000854,-0.14394105970859528,0.8679429888725281
249,0.6527189016342163,0.38768041133880615,-0.25938349962234497,0.999997079372406,0.6571391224861145,0.37598884105682373,-0.24612419307231903,0.9999951124191284,0.6585714221000671,0.376549631357193,-0.2463618814945221,0.999992311000824,0.6601497530937195,0.37728485465049744,-0.2463487684726715,0.9999949932098389,0.6514737606048584,0.3714713752269745,-0.26339849829673767,0.9999972581863403,0.6486254334449768,0.36882153153419495,-0.2635788023471832,0.9999969005584717,0.6458413004875183,0.3663490414619446,-0.263623982667923,0.9999975562095642,0.6552002429962158,0.3787817358970642,-0.15951119363307953,0.9999898076057434,0.6356551647186279,0.3616008460521698,-0.2386178970336914,0.9999884366989136,0.6509678363800049,0.3996707797050476,-0.22316843271255493,0.9999799132347107,0.6438031792640686,0.3942619264125824,-0.24745655059814453,0.9999853372573853,0.6492214798927307,0.46100619435310364,-0.0706096962094307,0.9999778270721436,0.6047511696815491,0.3983537554740906,-0.23653167486190796,0.9999777674674988,0.6808138489723206,0.5325213074684143,-0.04080941528081894,0.7981104254722595,0.6471883058547974,0.4141761362552643,-0.32065850496292114,0.9835534691810608,0.7329508662223816,0.5800461173057556,-0.11067172884941101,0.8602971434593201,0.7080057859420776,0.45818328857421875,-0.37601763010025024,0.9756896495819092,0.747491717338562,0.5970006585121155,-0.12074102461338043,0.8528885245323181,0.7167908549308777,0.4805229604244232,-0.41590356826782227,0.9587271809577942,0.7486776113510132,0.599070131778717,-0.15557363629341125,0.8633235096931458,0.7161145806312561,0.4838971793651581,-0.4121464490890503,0.957502007484436,0.7419594526290894,0.5949345231056213,-0.12622256577014923,0.8560806512832642,0.7123491764068604,0.47903579473495483,-0.37749749422073364,0.9191936254501343,0.6255528330802917,0.5952894687652588,0.038234226405620575,0.9999729990959167,0.5856025815010071,0.5977165699005127,-0.038371119648218155,0.9999629259109497,0.676652193069458,0.7180953621864319,-0.0001800403988454491,0.9275773167610168,0.5519751310348511,0.7317740321159363,-0.12342889606952667,0.9447779655456543,0.6966713070869446,0.888388454914093,0.05091656744480133,0.9241791367530823,0.5360265970230103,0.8876365423202515,-0.0846514031291008,0.8874552845954895,0.6881625056266785,0.9174399971961975,0.04944940656423569,0.8566923141479492,0.5394560694694519,0.9157695174217224,-0.0862077996134758,0.7203718423843384,0.7314117550849915,0.9187024235725403,-0.020848872140049934,0.9221697449684143,0.5076600909233093,0.9194909930229187,-0.1698019951581955,0.8719408512115479
250,0.6449019312858582,0.38427525758743286,-0.252683162689209,0.9999973177909851,0.6507949829101562,0.37428489327430725,-0.23756498098373413,0.9999955296516418,0.6526497006416321,0.37516000866889954,-0.23778729140758514,0.9999929666519165,0.6545554995536804,0.3761129379272461,-0.2377646565437317,0.9999954104423523,0.6440789699554443,0.36933156847953796,-0.2533201277256012,0.9999974966049194,0.6413260102272034,0.3666937053203583,-0.2535003423690796,0.9999971389770508,0.6385829448699951,0.3640182316303253,-0.25353845953941345,0.9999977350234985,0.6509813666343689,0.3793434500694275,-0.14641882479190826,0.9999906420707703,0.6289166212081909,0.3599534332752228,-0.22001862525939941,0.9999892115592957,0.6434805393218994,0.3978385031223297,-0.21523517370224,0.9999815225601196,0.6363635659217834,0.391694039106369,-0.2375366985797882,0.9999864101409912,0.6440242528915405,0.4612692892551422,-0.057842008769512177,0.9999792575836182,0.6007260084152222,0.39774563908576965,-0.22075672447681427,0.9999788403511047,0.6791536211967468,0.531424343585968,-0.03699139878153801,0.8151499629020691,0.6426529288291931,0.40485045313835144,-0.3146882951259613,0.9845831394195557,0.7316347360610962,0.5797703266143799,-0.11494533717632294,0.8725664615631104,0.7031589150428772,0.4455932378768921,-0.3790304958820343,0.9773708581924438,0.7457720041275024,0.5990086793899536,-0.12670138478279114,0.8649224042892456,0.7123919725418091,0.4706002175807953,-0.4201405346393585,0.961239755153656,0.746436357498169,0.6006683111190796,-0.16077165305614471,0.8747034072875977,0.7121275663375854,0.47336918115615845,-0.4143657088279724,0.9600428342819214,0.7395692467689514,0.5955957770347595,-0.13039909303188324,0.8677718639373779,0.7089217901229858,0.4687443971633911,-0.37999480962753296,0.9237257242202759,0.6216962933540344,0.5982814431190491,0.03825940564274788,0.999974250793457,0.5827881693840027,0.5993621945381165,-0.03839884325861931,0.999964714050293,0.6729230284690857,0.7153040170669556,-0.01809689961373806,0.9316491484642029,0.5524801015853882,0.7358918786048889,-0.12253309041261673,0.9475618004798889,0.6954118013381958,0.887148916721344,0.035394322127103806,0.9277606010437012,0.5347062349319458,0.8900417685508728,-0.08239086717367172,0.8957018852233887,0.6874595284461975,0.9173809885978699,0.03362477943301201,0.8589374423027039,0.5382687449455261,0.9167078733444214,-0.07816950976848602,0.7259612083435059,0.7314109802246094,0.9185855984687805,-0.042715754359960556,0.9257686138153076,0.5076422095298767,0.9200838208198547,-0.15038380026817322,0.8797397017478943
251,0.640358567237854,0.3815267086029053,-0.20950356125831604,0.9999974966049194,0.6458221077919006,0.37240487337112427,-0.19317038357257843,0.999995768070221,0.6474854946136475,0.3731895685195923,-0.1933869868516922,0.9999933838844299,0.6490236520767212,0.3739148676395416,-0.19336670637130737,0.9999956488609314,0.6397294998168945,0.3679184913635254,-0.21057336032390594,0.999997615814209,0.6370094418525696,0.36526933312416077,-0.21073995530605316,0.9999972581863403,0.6344982385635376,0.3624331057071686,-0.21077142655849457,0.9999978542327881,0.6459892988204956,0.3779641091823578,-0.10414838790893555,0.999991238117218,0.6254144906997681,0.35766613483428955,-0.18441295623779297,0.9999896883964539,0.6384332180023193,0.3945368230342865,-0.17366348206996918,0.9999827742576599,0.6315976977348328,0.38926732540130615,-0.19817669689655304,0.9999873042106628,0.6390069127082825,0.4611830711364746,-0.021765967831015587,0.9999803900718689,0.5950034856796265,0.39720335602760315,-0.2057361751794815,0.9999799132347107,0.6765657067298889,0.5288165807723999,-0.00763767771422863,0.8298949003219604,0.6354053020477295,0.39748188853263855,-0.31779515743255615,0.9858591556549072,0.72832190990448,0.5739823579788208,-0.09377103298902512,0.8836613893508911,0.6973916888237,0.43323439359664917,-0.39966005086898804,0.9793789982795715,0.7423942685127258,0.5938988327980042,-0.0995715856552124,0.8759180307388306,0.7074233293533325,0.45891544222831726,-0.44370517134666443,0.9645259380340576,0.7427527904510498,0.5962411165237427,-0.13260792195796967,0.885086178779602,0.707610011100769,0.4631609618663788,-0.4342953860759735,0.9634009003639221,0.7354950308799744,0.5902704000473022,-0.10740576684474945,0.8785445690155029,0.704476535320282,0.4584084153175354,-0.39950862526893616,0.9298943877220154,0.6172665953636169,0.6002472639083862,0.04210835322737694,0.999975323677063,0.5796034336090088,0.6006423234939575,-0.04225028306245804,0.9999663233757019,0.6700097322463989,0.7145228385925293,-0.02036694996058941,0.9355378150939941,0.5534812211990356,0.7410208582878113,-0.12000982463359833,0.9504051208496094,0.6937819719314575,0.8841966986656189,0.045517630875110626,0.9314935803413391,0.5349099636077881,0.888859212398529,-0.05911440774798393,0.9033343195915222,0.6862388849258423,0.9168398380279541,0.04539408162236214,0.862975001335144,0.5376976728439331,0.9153933525085449,-0.056633807718753815,0.7307845950126648,0.7313048839569092,0.918472945690155,-0.02708945982158184,0.929471492767334,0.5079885125160217,0.9199996590614319,-0.13528646528720856,0.8869951367378235
252,0.6374873518943787,0.37592771649360657,-0.18075251579284668,0.999997615814209,0.6421305537223816,0.3667110204696655,-0.16273853182792664,0.9999959468841553,0.6438687443733215,0.3678128123283386,-0.1629505455493927,0.9999936819076538,0.6456463932991028,0.36896607279777527,-0.16292305290699005,0.9999958872795105,0.6363269090652466,0.362271785736084,-0.17936435341835022,0.9999977350234985,0.6333046555519104,0.3597644865512848,-0.1795368641614914,0.9999973773956299,0.6302971243858337,0.357093870639801,-0.17957639694213867,0.9999979138374329,0.6418859362602234,0.3741565942764282,-0.07183723896741867,0.9999917149543762,0.6213518977165222,0.3543047606945038,-0.1486717313528061,0.9999900460243225,0.6356664896011353,0.38886943459510803,-0.1449737399816513,0.9999838471412659,0.6277862787246704,0.38437598943710327,-0.16854062676429749,0.9999880790710449,0.6353638172149658,0.4603193402290344,0.004529905039817095,0.9999809861183167,0.590674638748169,0.3983566462993622,-0.17147652804851532,0.9999805688858032,0.6736311316490173,0.5272220373153687,0.02109702304005623,0.841305136680603,0.6297214031219482,0.3927524983882904,-0.3062616288661957,0.986829936504364,0.7250242233276367,0.5686703324317932,-0.06295256316661835,0.892431378364563,0.694032609462738,0.4250291883945465,-0.3699275553226471,0.9809809327125549,0.7388076186180115,0.5893558859825134,-0.074039526283741,0.88433837890625,0.7036081552505493,0.4488784074783325,-0.41273367404937744,0.9670354127883911,0.73872971534729,0.5916221141815186,-0.10639578849077225,0.8931519985198975,0.7032650709152222,0.4555102288722992,-0.40462055802345276,0.9659382104873657,0.7315305471420288,0.5858636498451233,-0.07790187001228333,0.8868244886398315,0.7004705667495728,0.45083150267601013,-0.37024784088134766,0.9345101118087769,0.6147119998931885,0.6018772125244141,0.042321059852838516,0.9999765753746033,0.5763269662857056,0.6024110913276672,-0.042467452585697174,0.9999682307243347,0.665034294128418,0.7150375843048096,-0.007297408767044544,0.9383993148803711,0.5502566695213318,0.7424796223640442,-0.1093212366104126,0.9521831274032593,0.6923427581787109,0.8817006945610046,0.07229151576757431,0.9347404837608337,0.5349348783493042,0.8880178332328796,-0.01828560046851635,0.9091290235519409,0.6850297451019287,0.9154204726219177,0.07364905625581741,0.864598274230957,0.5378783345222473,0.9141247272491455,-0.013956049457192421,0.7296105623245239,0.7313578724861145,0.9190226197242737,0.0007078373455442488,0.9324139356613159,0.5071121454238892,0.9204196333885193,-0.09172720462083817,0.891731321811676
253,0.6362249255180359,0.3769475817680359,-0.08633237332105637,0.9999971389770508,0.6397629380226135,0.36680495738983154,-0.07070115208625793,0.9999948740005493,0.6407813429832458,0.36741194128990173,-0.07090465724468231,0.9999922513961792,0.641775369644165,0.36817213892936707,-0.07088252902030945,0.9999951124191284,0.6350122690200806,0.36291438341140747,-0.08916189521551132,0.9999970197677612,0.6322538256645203,0.36049532890319824,-0.08932569622993469,0.9999966025352478,0.6292312145233154,0.35783469676971436,-0.08936478197574615,0.9999972581863403,0.6360566020011902,0.37125465273857117,0.002082441234961152,0.9999907612800598,0.619429349899292,0.35426947474479675,-0.0828038826584816,0.9999879002571106,0.6330124735832214,0.3888743221759796,-0.05748927220702171,0.9999834299087524,0.6265264749526978,0.385506272315979,-0.08338991552591324,0.9999874830245972,0.6311854720115662,0.4589606821537018,0.05556131899356842,0.9999817609786987,0.5850727558135986,0.39916595816612244,-0.12112332880496979,0.9999810457229614,0.6699553728103638,0.5237069725990295,0.061606504023075104,0.852262020111084,0.6270953416824341,0.3889462649822235,-0.24036850035190582,0.9876441359519958,0.7223853468894958,0.5658326148986816,-0.025934498757123947,0.9005984663963318,0.6891051530838013,0.41472676396369934,-0.31332528591156006,0.9823473691940308,0.7360010743141174,0.5874788761138916,-0.03823726624250412,0.8920235633850098,0.6989561319351196,0.43727460503578186,-0.3545302152633667,0.9691579937934875,0.7350993752479553,0.5897789001464844,-0.06878975033760071,0.9004694819450378,0.6995209455490112,0.4442097544670105,-0.3459846079349518,0.9680699110031128,0.7276918888092041,0.5840144157409668,-0.04083424434065819,0.8942322134971619,0.6966307759284973,0.4399840235710144,-0.31360509991645813,0.9383268356323242,0.6126288771629333,0.6026036143302917,0.04227251932024956,0.9999781250953674,0.5734903812408447,0.6037633419036865,-0.04241904243826866,0.9999703764915466,0.6612327694892883,0.7160414457321167,0.028849994763731956,0.9344133138656616,0.5498902797698975,0.7443167567253113,-0.10035247355699539,0.9516983032226562,0.6904317736625671,0.8808859586715698,0.09032300859689713,0.9342581033706665,0.5341827273368835,0.8873134255409241,-0.03069019317626953,0.9124485850334167,0.6841805577278137,0.9137469530105591,0.0897662565112114,0.8573302626609802,0.5372268557548523,0.9133210182189941,-0.02824139967560768,0.7211167216300964,0.7308663129806519,0.9186561107635498,0.019129980355501175,0.9320114254951477,0.5079200267791748,0.9204367399215698,-0.10380289703607559,0.8939041495323181
254,0.632771372795105,0.3741815984249115,-0.03962542489171028,0.9999969005584717,0.6369828581809998,0.36510205268859863,-0.020656006410717964,0.9999942183494568,0.6382465362548828,0.3661388158798218,-0.020842919126152992,0.9999913573265076,0.639520525932312,0.3672381341457367,-0.020805319771170616,0.9999946355819702,0.6313377618789673,0.36016473174095154,-0.03855074197053909,0.9999966025352478,0.6282363533973694,0.357683002948761,-0.03871665522456169,0.9999961256980896,0.6248587369918823,0.355185329914093,-0.038744669407606125,0.9999968409538269,0.6333407163619995,0.3706681728363037,0.058869149535894394,0.9999900460243225,0.6148092150688171,0.3535923659801483,-0.023459531366825104,0.9999864101409912,0.6300488114356995,0.38676688075065613,-0.00913921557366848,0.9999825954437256,0.6224800944328308,0.3833274841308594,-0.03428478538990021,0.9999865293502808,0.6278470158576965,0.45818209648132324,0.10627163201570511,0.9999821186065674,0.5823143720626831,0.3986751139163971,-0.06812482327222824,0.9999811053276062,0.6671245098114014,0.5215185284614563,0.10201748460531235,0.8610057830810547,0.6267277598381042,0.3858187794685364,-0.1782073974609375,0.9883318543434143,0.7190105319023132,0.5602291226387024,0.005099703092128038,0.9080935716629028,0.6866580843925476,0.4060978591442108,-0.24009887874126434,0.9836366176605225,0.7330021262168884,0.5812963843345642,-0.007732868194580078,0.8994661569595337,0.6967648863792419,0.42926716804504395,-0.27787524461746216,0.9712339043617249,0.7309465408325195,0.5840396881103516,-0.03539928048849106,0.9074836373329163,0.6967136859893799,0.4368225932121277,-0.27043458819389343,0.9701774716377258,0.7235360741615295,0.5789879560470581,-0.008838225156068802,0.9013143181800842,0.6933024525642395,0.4319984018802643,-0.24043744802474976,0.9422515034675598,0.6095073819160461,0.6031997203826904,0.0424458384513855,0.999979555606842,0.570206344127655,0.6037657260894775,-0.04260064661502838,0.9999722838401794,0.6576647162437439,0.7169509530067444,0.027863387018442154,0.9306928515434265,0.5519553422927856,0.7477948069572449,-0.10052068531513214,0.9522132873535156,0.6887403726577759,0.8799672722816467,0.07443184405565262,0.935374915599823,0.5345760583877563,0.8871702551841736,-0.042266543954610825,0.9156553745269775,0.6839921474456787,0.9133682250976562,0.07298765331506729,0.8543648719787598,0.5377278923988342,0.9131425619125366,-0.040093794465065,0.7166551351547241,0.729867696762085,0.9158155918121338,0.001933022984303534,0.933298647403717,0.5086999535560608,0.9200441837310791,-0.10519594699144363,0.8969241380691528
255,0.6298136115074158,0.3761560618877411,-0.044876717031002045,0.9999964833259583,0.6325708031654358,0.3665171265602112,-0.028242575004696846,0.9999931454658508,0.6333045363426208,0.36753323674201965,-0.028438519686460495,0.9999899864196777,0.6341956257820129,0.36856216192245483,-0.02841145545244217,0.9999939203262329,0.6280393004417419,0.36143743991851807,-0.047335173934698105,0.999995768070221,0.6252591013908386,0.35899800062179565,-0.047494076192379,0.999995231628418,0.6223640441894531,0.35650286078453064,-0.0475236251950264,0.9999961256980896,0.6274077892303467,0.3714428246021271,0.044603873044252396,0.9999891519546509,0.611589252948761,0.3545611500740051,-0.04294246435165405,0.9999837279319763,0.6262577772140503,0.3883548974990845,-0.01620105840265751,0.999981701374054,0.6201600432395935,0.3847731649875641,-0.0428658127784729,0.9999852180480957,0.6232435703277588,0.4575706124305725,0.09384170174598694,0.9999828338623047,0.5784635543823242,0.3988756835460663,-0.08677085489034653,0.9999808073043823,0.6625927686691284,0.5183003544807434,0.09877824783325195,0.8712314367294312,0.6210628747940063,0.38289961218833923,-0.2006712704896927,0.9890185594558716,0.7150728702545166,0.5559857487678528,0.009917442686855793,0.9158229827880859,0.682084858417511,0.3955402076244354,-0.26458245515823364,0.9847288727760315,0.7292166352272034,0.578079104423523,-0.001448113122023642,0.9071584343910217,0.6914463639259338,0.41739019751548767,-0.30305802822113037,0.9729031920433044,0.7271775603294373,0.5805053114891052,-0.030129672959446907,0.914692223072052,0.6909963488578796,0.4240869879722595,-0.29457637667655945,0.971840500831604,0.7202358245849609,0.5756474733352661,-0.004248361103236675,0.9087603688240051,0.6877647638320923,0.4202701151371002,-0.2645803689956665,0.945294201374054,0.6072462797164917,0.6048027276992798,0.042999327182769775,0.9999807476997375,0.5681608319282532,0.6056236624717712,-0.043151356279850006,0.9999737739562988,0.6530749797821045,0.7186987400054932,0.04262639209628105,0.9269888997077942,0.5518275499343872,0.7495308518409729,-0.09861300140619278,0.9519559144973755,0.686992347240448,0.879799485206604,0.08728744089603424,0.9361371397972107,0.5347655415534973,0.8859237432479858,-0.03734390437602997,0.9179487228393555,0.6832901239395142,0.9133698344230652,0.08496926724910736,0.8503983020782471,0.5378090143203735,0.9109315276145935,-0.035524144768714905,0.7088680267333984,0.7276442646980286,0.911162257194519,0.0128619484603405,0.9342233538627625,0.5097614526748657,0.9198800325393677,-0.10552456229925156,0.8986388444900513
256,0.625734269618988,0.37650159001350403,-0.046356312930583954,0.9999957084655762,0.6287357807159424,0.36674177646636963,-0.030127255246043205,0.9999912977218628,0.6296072006225586,0.36758819222450256,-0.030327584594488144,0.9999874830245972,0.6305983662605286,0.3685375452041626,-0.030301233753561974,0.9999926090240479,0.6241331100463867,0.36213934421539307,-0.048828139901161194,0.9999945163726807,0.6212441325187683,0.35971832275390625,-0.04899044707417488,0.9999938607215881,0.6181474328041077,0.3572391867637634,-0.049033522605895996,0.9999950528144836,0.6240924596786499,0.37108170986175537,0.04077291116118431,0.9999874830245972,0.6074947714805603,0.3551129698753357,-0.04511713609099388,0.9999804496765137,0.622725784778595,0.3884710371494293,-0.018500803038477898,0.9999805688858032,0.616575300693512,0.38493257761001587,-0.04465848207473755,0.9999837875366211,0.6198706030845642,0.4574590027332306,0.0880129262804985,0.9999833106994629,0.5748081803321838,0.39923766255378723,-0.08863579481840134,0.9999807476997375,0.6600645184516907,0.5181945562362671,0.0933166891336441,0.8797309398651123,0.6158178448677063,0.3803243935108185,-0.21017800271511078,0.9896922707557678,0.7128555178642273,0.5561937093734741,0.007731318473815918,0.9223538637161255,0.6775437593460083,0.38669008016586304,-0.28444570302963257,0.9859058856964111,0.7269089818000793,0.5779685974121094,-0.003210746916010976,0.9134846925735474,0.6879189014434814,0.4082072675228119,-0.3248167932033539,0.9747967720031738,0.7259390950202942,0.5807530283927917,-0.03272324055433273,0.9206530451774597,0.6870104670524597,0.4149470031261444,-0.31601959466934204,0.9737517833709717,0.7190209627151489,0.5751993656158447,-0.006622878834605217,0.9147772192955017,0.6833553910255432,0.41148436069488525,-0.2845398187637329,0.9487623572349548,0.6053585410118103,0.6063340902328491,0.04256351664662361,0.9999818801879883,0.5657291412353516,0.608881413936615,-0.042711760848760605,0.999975323677063,0.650282621383667,0.7211259603500366,0.054878488183021545,0.9225775599479675,0.5430112481117249,0.7483542561531067,-0.09965848177671432,0.9518981575965881,0.6860918402671814,0.8799000978469849,0.11326165497303009,0.9363937973976135,0.5335100293159485,0.8859442472457886,-0.032682884484529495,0.9201539754867554,0.6833035945892334,0.9133324027061462,0.11209569126367569,0.844234049320221,0.5377745032310486,0.9107145667076111,-0.030524760484695435,0.7039799094200134,0.7266788482666016,0.9052972197532654,0.04097910225391388,0.9341710805892944,0.5085204839706421,0.9199029207229614,-0.10210084915161133,0.9002297520637512
257,0.6230356097221375,0.3772567808628082,-0.09148258715867996,0.9999945163726807,0.6256378293037415,0.36736059188842773,-0.07754764705896378,0.999988853931427,0.626331090927124,0.3681356906890869,-0.07776135951280594,0.9999842643737793,0.627181351184845,0.3690309226512909,-0.07774346321821213,0.9999908208847046,0.6213875412940979,0.36282745003700256,-0.096098892390728,0.999992847442627,0.6188055276870728,0.36032769083976746,-0.096267931163311,0.9999921917915344,0.6159172654151917,0.357738733291626,-0.09631633013486862,0.9999937415122986,0.6199331283569336,0.37090402841567993,-0.002603415632620454,0.9999857544898987,0.6055562496185303,0.3554747402667999,-0.0755244567990303,0.9999769330024719,0.6199004650115967,0.38897839188575745,-0.06352633982896805,0.9999796152114868,0.6146450638771057,0.38527223467826843,-0.0894087627530098,0.9999825954437256,0.6165195107460022,0.4573018252849579,0.06909246742725372,0.9999839663505554,0.5709527730941772,0.39948219060897827,-0.11122099310159683,0.9999811053276062,0.657451868057251,0.5176299810409546,0.06578070670366287,0.8871898055076599,0.6123436093330383,0.37640175223350525,-0.250227153301239,0.990321695804596,0.7116864919662476,0.5534647107124329,-0.011502527631819248,0.9273304343223572,0.6745447516441345,0.3788330554962158,-0.33006179332733154,0.9869897365570068,0.724740207195282,0.5775564312934875,-0.020603209733963013,0.9177755117416382,0.6854318380355835,0.400227427482605,-0.37229445576667786,0.9765759110450745,0.7250108122825623,0.5786568522453308,-0.052735548466444016,0.9247667193412781,0.6842787861824036,0.40735509991645813,-0.3632560670375824,0.975548267364502,0.7188968062400818,0.5714706778526306,-0.02680477313697338,0.9188302159309387,0.6808531880378723,0.40436410903930664,-0.33032575249671936,0.9519878029823303,0.6037828922271729,0.6084212064743042,0.04146038740873337,0.999983012676239,0.5641884207725525,0.6131268739700317,-0.04159152880311012,0.9999769330024719,0.6475996375083923,0.7239639759063721,0.06502442806959152,0.9217477440834045,0.537962019443512,0.7476264238357544,-0.09334185719490051,0.9531588554382324,0.6844534277915955,0.8794351816177368,0.1329134702682495,0.9380668997764587,0.5324685573577881,0.8860836029052734,-0.02657840959727764,0.9240772724151611,0.6826791167259216,0.913027286529541,0.13255426287651062,0.8420335650444031,0.5378062129020691,0.9121975302696228,-0.024860762059688568,0.7059502601623535,0.7259102463722229,0.8995200395584106,0.06416041404008865,0.9355548024177551,0.5061549544334412,0.9215021729469299,-0.09699154645204544,0.9038541913032532
258,0.6200575232505798,0.3775912821292877,-0.08323650062084198,0.999992847442627,0.6223552227020264,0.36789435148239136,-0.07039929926395416,0.9999852776527405,0.6229302287101746,0.36854758858680725,-0.0706213191151619,0.9999796748161316,0.6236755847930908,0.3693201243877411,-0.07060285657644272,0.9999882578849792,0.6182569265365601,0.3641032576560974,-0.08938393741846085,0.9999903440475464,0.6158274412155151,0.3619561791419983,-0.0895472913980484,0.9999897480010986,0.6132739186286926,0.35972726345062256,-0.08960028737783432,0.999991774559021,0.6159793138504028,0.37130042910575867,-0.005414610728621483,0.9999833106994629,0.6026760935783386,0.35695570707321167,-0.08974163234233856,0.9999717473983765,0.6167383193969727,0.3891943693161011,-0.05707382410764694,0.9999781250953674,0.6118319034576416,0.3855767250061035,-0.08358096331357956,0.9999808669090271,0.6133401393890381,0.45733708143234253,0.0527438260614872,0.9999845623970032,0.5668584108352661,0.39966055750846863,-0.12398388236761093,0.9999812245368958,0.6561937928199768,0.5174217224121094,0.06089882552623749,0.894244909286499,0.6077190041542053,0.3739818036556244,-0.2589799165725708,0.9909589886665344,0.7098463177680969,0.554931104183197,-0.018629400059580803,0.9324862957000732,0.6697179675102234,0.3700604736804962,-0.34756848216056824,0.9880381226539612,0.7239084243774414,0.5780003666877747,-0.030385378748178482,0.9226592183113098,0.6808717250823975,0.39174625277519226,-0.39169102907180786,0.9783182144165039,0.7236309051513672,0.5796676278114319,-0.06279642134904861,0.9293733239173889,0.6804091334342957,0.3998129665851593,-0.3816961646080017,0.9773193597793579,0.716717541217804,0.5726116895675659,-0.03458160534501076,0.9233858585357666,0.6772798895835876,0.3971325159072876,-0.3477032482624054,0.9551720023155212,0.6018549799919128,0.6096356511116028,0.04086250066757202,0.9999839663505554,0.5620271563529968,0.6163906455039978,-0.040992092341184616,0.9999781847000122,0.6455410122871399,0.7259851694107056,0.0632462128996849,0.9191493988037109,0.5384530425071716,0.7521408796310425,-0.08052323758602142,0.9524598121643066,0.682810366153717,0.8783884048461914,0.1361541748046875,0.9380211234092712,0.5322120785713196,0.8859792351722717,0.0015178899047896266,0.9250041246414185,0.6817969083786011,0.9125391244888306,0.13623552024364471,0.8367882370948792,0.537943959236145,0.9118469953536987,0.00470667565241456,0.7002851963043213,0.7251784205436707,0.8945326805114746,0.06562088429927826,0.9352841973304749,0.5064591765403748,0.9214626550674438,-0.06663975119590759,0.9039109945297241
259,0.6160868406295776,0.3779587745666504,-0.06300989538431168,0.9999921321868896,0.6186665892601013,0.36875244975090027,-0.0503583699464798,0.9999838471412659,0.6193923950195312,0.3693639636039734,-0.05057387426495552,0.9999779462814331,0.6202582716941833,0.3700602352619171,-0.05055024102330208,0.9999873638153076,0.6142303347587585,0.36518704891204834,-0.06850091367959976,0.9999892711639404,0.6116765141487122,0.3631201982498169,-0.06866782158613205,0.9999887347221375,0.6090542674064636,0.3609897792339325,-0.06870581209659576,0.9999909400939941,0.6126500368118286,0.3715827465057373,0.011560202576220036,0.9999825358390808,0.5980882048606873,0.3576882779598236,-0.07188475131988525,0.9999693036079407,0.612575888633728,0.389482319355011,-0.03755724057555199,0.9999779462814331,0.607528805732727,0.38590171933174133,-0.06308246403932571,0.9999803900718689,0.6097900867462158,0.4572162330150604,0.0608065240085125,0.9999852776527405,0.563488781452179,0.3996937572956085,-0.10673751682043076,0.9999813437461853,0.6543717980384827,0.5163049697875977,0.07797564566135406,0.9016696810722351,0.6064523458480835,0.369920015335083,-0.219821035861969,0.9914513826370239,0.7072022557258606,0.5535060167312622,0.0034426827915012836,0.9379264116287231,0.6660236716270447,0.3632604479789734,-0.29162803292274475,0.9889292120933533,0.7209499478340149,0.5754263997077942,-0.006218038033694029,0.9281809329986572,0.6772617697715759,0.3860044777393341,-0.3317568004131317,0.9798171520233154,0.7202584147453308,0.5770143270492554,-0.03793438896536827,0.9345038533210754,0.6763740181922913,0.39447084069252014,-0.3242817223072052,0.9788501858711243,0.7134672999382019,0.5704863667488098,-0.01145830936729908,0.9286767244338989,0.6733516454696655,0.3916015625,-0.29243913292884827,0.9580000042915344,0.598999559879303,0.611246645450592,0.03902200236916542,0.9999849200248718,0.5605303645133972,0.617741584777832,-0.039161015301942825,0.9999793171882629,0.6419105529785156,0.7259817719459534,0.04644398018717766,0.9209521412849426,0.5371707081794739,0.7543020844459534,-0.08574678748846054,0.9528206586837769,0.6803691387176514,0.8763148188591003,0.11273861676454544,0.9393024444580078,0.5322432518005371,0.8858962655067444,-0.0021522396709769964,0.9258947372436523,0.6813849806785583,0.9124913215637207,0.11256329715251923,0.8346379399299622,0.537990927696228,0.9112224578857422,0.001303727156482637,0.6947810053825378,0.7217426896095276,0.8895120620727539,0.0466344878077507,0.9366950392723083,0.5068990588188171,0.9214099645614624,-0.06999114900827408,0.904649019241333
260,0.6120065450668335,0.3789757192134857,-0.06773705035448074,0.9999918937683105,0.6149923801422119,0.3699861764907837,-0.054763149470090866,0.9999833106994629,0.6158835887908936,0.37061893939971924,-0.054985806345939636,0.9999774098396301,0.6168579459190369,0.37131303548812866,-0.054966844618320465,0.9999871253967285,0.6101124882698059,0.3664883077144623,-0.0730886459350586,0.999988853931427,0.6073969006538391,0.3644164204597473,-0.07325374335050583,0.999988317489624,0.6046350002288818,0.36227887868881226,-0.07329235225915909,0.9999905824661255,0.6094455122947693,0.37168747186660767,0.00987408496439457,0.9999826550483704,0.5940382480621338,0.35823068022727966,-0.07440261542797089,0.9999683499336243,0.608711302280426,0.3899688422679901,-0.0410245843231678,0.9999780058860779,0.6033250093460083,0.3860165476799011,-0.06675466150045395,0.9999802112579346,0.6057611703872681,0.4564644694328308,0.06168990582227707,0.9999858736991882,0.5597431659698486,0.39978957176208496,-0.1060737669467926,0.9999812245368958,0.6514434814453125,0.5146721601486206,0.0882083848118782,0.9079632759094238,0.6024368405342102,0.3674173653125763,-0.22290590405464172,0.9920328259468079,0.7042683959007263,0.5507645010948181,0.027352891862392426,0.9428660273551941,0.662237286567688,0.355709969997406,-0.2978634238243103,0.9898321628570557,0.718646764755249,0.5711212754249573,0.020141059532761574,0.9331883788108826,0.6737003922462463,0.3762107789516449,-0.3381814658641815,0.981349527835846,0.7171697616577148,0.5732924342155457,-0.011133340187370777,0.9391632080078125,0.6734894514083862,0.38490891456604004,-0.32943785190582275,0.9804319739341736,0.7097700238227844,0.5672624707221985,0.013081062585115433,0.9334986209869385,0.6702571511268616,0.3824698328971863,-0.2981494963169098,0.9609416723251343,0.5982829332351685,0.6116045713424683,0.03782476857304573,0.9999852776527405,0.5597323179244995,0.6185765862464905,-0.03797460347414017,0.9999794960021973,0.6401496529579163,0.7295078635215759,0.0544196218252182,0.9208921194076538,0.5398109555244446,0.7574811577796936,-0.07226824015378952,0.9518148303031921,0.6801243424415588,0.8762596249580383,0.1314995139837265,0.9390228390693665,0.5323909521102905,0.8869184851646423,0.018087167292833328,0.9254054427146912,0.6815714240074158,0.9132569432258606,0.13234609365463257,0.8301461338996887,0.5380442142486572,0.9116950631141663,0.0224338099360466,0.6880204677581787,0.7211338877677917,0.8848283290863037,0.06613150984048843,0.9364861845970154,0.5063018798828125,0.9211891293525696,-0.04179886728525162,0.904143214225769
261,0.6072208285331726,0.3797374367713928,-0.08658602833747864,0.9999918341636658,0.6104437708854675,0.3710215985774994,-0.07773265242576599,0.9999831914901733,0.6115280389785767,0.371616393327713,-0.07797563821077347,0.9999773502349854,0.6126812696456909,0.372225284576416,-0.07796642929315567,0.9999871253967285,0.6052822470664978,0.36768198013305664,-0.09721633046865463,0.9999886155128479,0.6023754477500916,0.3655599057674408,-0.09737455099821091,0.9999881386756897,0.5994693636894226,0.3633456230163574,-0.09740737825632095,0.9999903440475464,0.6057212352752686,0.3718808889389038,-0.01572538912296295,0.9999829530715942,0.5893632769584656,0.35891619324684143,-0.10342330485582352,0.9999679327011108,0.6043837070465088,0.39037784934043884,-0.06090650334954262,0.9999784231185913,0.5988470315933228,0.38607293367385864,-0.08839483559131622,0.9999803304672241,0.6032841205596924,0.4557291865348816,0.04060393199324608,0.9999865889549255,0.5559307932853699,0.3999004662036896,-0.12611189484596252,0.9999812841415405,0.6495806574821472,0.514106810092926,0.06786005198955536,0.9146971106529236,0.5958006381988525,0.3658282458782196,-0.2564326226711273,0.9926015138626099,0.701758086681366,0.5482944846153259,0.01492078322917223,0.9477444887161255,0.6568412184715271,0.3500080108642578,-0.3459288775920868,0.9906975030899048,0.7166877388954163,0.5697112083435059,0.010580121539533138,0.9384293556213379,0.6684415936470032,0.3681013286113739,-0.38855496048927307,0.9828653931617737,0.7155467867851257,0.5719206929206848,-0.02739282138645649,0.9439927935600281,0.6692718863487244,0.3768271803855896,-0.3785460293292999,0.9819937944412231,0.7078908681869507,0.5651727914810181,-0.0011686334619298577,0.9385705590248108,0.6661030054092407,0.37465935945510864,-0.34591999650001526,0.9638671875,0.5975424647331238,0.6116787791252136,0.03654434531927109,0.9999858736991882,0.5575312972068787,0.6199496388435364,-0.03669121116399765,0.9999800324440002,0.6374695897102356,0.7293941974639893,0.04444532468914986,0.9252549409866333,0.5296932458877563,0.7564775347709656,-0.07572481036186218,0.9530875086784363,0.679147481918335,0.8759510517120361,0.11746248602867126,0.9423102736473083,0.5323227047920227,0.8868350982666016,0.010546674951910973,0.9282042384147644,0.6817066669464111,0.9137285351753235,0.1170041561126709,0.8359628319740295,0.5380901098251343,0.9115958213806152,0.014095809310674667,0.6924849152565002,0.7206774353981018,0.8806778788566589,0.04639206454157829,0.9397290945053101,0.5054622292518616,0.9212498664855957,-0.05390515550971031,0.9071415066719055
262,0.6053017973899841,0.3812539577484131,-0.11827513575553894,0.9999916553497314,0.6085662841796875,0.3717087209224701,-0.10695058852434158,0.9999829530715942,0.6094444990158081,0.37214985489845276,-0.10718881338834763,0.999977171421051,0.6103696227073669,0.372604638338089,-0.1071808785200119,0.999987006187439,0.6035464406013489,0.3686079680919647,-0.1265093833208084,0.9999882578849792,0.6007845997810364,0.3664635121822357,-0.12666632235050201,0.999987781047821,0.5978298783302307,0.36410969495773315,-0.1267031729221344,0.9999898672103882,0.6031692624092102,0.37206876277923584,-0.038974665105342865,0.9999832510948181,0.5870360136032104,0.3591616153717041,-0.12846241891384125,0.9999672174453735,0.6022363901138306,0.39214015007019043,-0.08973757177591324,0.9999786019325256,0.5967602133750916,0.3875841498374939,-0.11718621850013733,0.9999801516532898,0.601425290107727,0.45505475997924805,0.016504433006048203,0.9999872446060181,0.5521889925003052,0.4002522826194763,-0.14759768545627594,0.9999807476997375,0.6480329036712646,0.5133053660392761,0.026934180408716202,0.9214423894882202,0.5913184285163879,0.363892525434494,-0.2850193381309509,0.9931437373161316,0.6997118592262268,0.5465749502182007,-0.05079638212919235,0.9523134231567383,0.6522303223609924,0.34348058700561523,-0.3811270296573639,0.9914812445640564,0.7149537801742554,0.5686967372894287,-0.06193358451128006,0.9434389472007751,0.664337694644928,0.3612188994884491,-0.4245813488960266,0.9842488765716553,0.7134371995925903,0.5714809894561768,-0.09377980977296829,0.9485918879508972,0.6659545302391052,0.37000924348831177,-0.4139990508556366,0.9834163784980774,0.7052590847015381,0.5641107559204102,-0.06572530418634415,0.943417489528656,0.6626745462417603,0.3683401346206665,-0.38100725412368774,0.9665249586105347,0.5971653461456299,0.6121439337730408,0.03476574644446373,0.9999863505363464,0.5557352304458618,0.6233667731285095,-0.03489931672811508,0.9999802112579346,0.6360255479812622,0.7294656038284302,0.029151814058423042,0.9299388527870178,0.5253449082374573,0.7559043765068054,-0.0842052772641182,0.9552261829376221,0.6786394119262695,0.8760907053947449,0.0955498144030571,0.9460156559944153,0.5324698090553284,0.8869732618331909,-0.005135944578796625,0.932030975818634,0.681731641292572,0.9139850735664368,0.09465119242668152,0.8440685868263245,0.538324236869812,0.9121047258377075,-0.003091078484430909,0.7031732201576233,0.7199676632881165,0.8792914152145386,0.02463695965707302,0.9433344602584839,0.5046934485435486,0.9212640523910522,-0.06835801899433136,0.9114106893539429
263,0.6024799346923828,0.3822202682495117,-0.10960964113473892,0.9999915361404419,0.6051827669143677,0.3719249665737152,-0.09857038408517838,0.9999827742576599,0.6058895587921143,0.3722761571407318,-0.09881442040205002,0.9999770522117615,0.6066915988922119,0.3726438879966736,-0.09881234169006348,0.9999869465827942,0.600494384765625,0.369003027677536,-0.11723899841308594,0.9999879598617554,0.5977926254272461,0.36689743399620056,-0.11738457530736923,0.9999874234199524,0.5948955416679382,0.3645329475402832,-0.11741222441196442,0.9999894499778748,0.5990960597991943,0.3722105920314789,-0.036823347210884094,0.9999834895133972,0.5839215517044067,0.35953065752983093,-0.12165065854787827,0.9999662637710571,0.599109947681427,0.3933579623699188,-0.08222588151693344,0.9999786019325256,0.594203531742096,0.3888738453388214,-0.108394093811512,0.9999797940254211,0.5989624261856079,0.45443975925445557,0.024878591299057007,0.999987781047821,0.5496760606765747,0.40198075771331787,-0.13437457382678986,0.9999800324440002,0.645182728767395,0.5128245949745178,0.033602964133024216,0.9268372654914856,0.5880546569824219,0.3638243079185486,-0.26893138885498047,0.9936071634292603,0.6975817084312439,0.5449225902557373,-0.04498900845646858,0.9561182260513306,0.6473951935768127,0.33787575364112854,-0.3606347143650055,0.9921572208404541,0.7128458619117737,0.5671107769012451,-0.05652439221739769,0.9474601745605469,0.6588536500930786,0.3534531593322754,-0.4030829071998596,0.9854148030281067,0.7112162709236145,0.5698817372322083,-0.0866340696811676,0.9522920250892639,0.6612443923950195,0.36152219772338867,-0.3920358121395111,0.9846011400222778,0.7031079530715942,0.5622287392616272,-0.05931367725133896,0.9472251534461975,0.6581543684005737,0.35991403460502625,-0.36033010482788086,0.9687264561653137,0.5957489609718323,0.6120206117630005,0.03147019073367119,0.9999867677688599,0.5549778342247009,0.6228411793708801,-0.031619083136320114,0.9999804496765137,0.6349956393241882,0.7292526960372925,0.022007307037711143,0.9338536262512207,0.5276102423667908,0.7555742263793945,-0.06642548739910126,0.9557800889015198,0.6775312423706055,0.8761934638023376,0.08007895201444626,0.9491904973983765,0.5325305461883545,0.8874598145484924,0.011331427842378616,0.934757649898529,0.6816073656082153,0.9141703248023987,0.07864531874656677,0.8498967289924622,0.538435697555542,0.9121515154838562,0.013749375008046627,0.7098175883293152,0.7195224761962891,0.874618411064148,0.007082426454871893,0.946368396282196,0.5049841403961182,0.9212229251861572,-0.05312686413526535,0.9143579602241516
264,0.6008912920951843,0.3822508752346039,-0.107724629342556,0.9999920129776001,0.6031687259674072,0.37178775668144226,-0.09661675244569778,0.9999837875366211,0.6037725806236267,0.3720773160457611,-0.09685410559177399,0.9999784231185913,0.6045222878456116,0.3723917603492737,-0.09686149656772614,0.9999877214431763,0.5987396836280823,0.36897456645965576,-0.11571408063173294,0.9999886155128479,0.5959734320640564,0.3668934106826782,-0.11584517359733582,0.9999880790710449,0.5930111408233643,0.3645365536212921,-0.1158519759774208,0.999989926815033,0.5967136025428772,0.37174421548843384,-0.03391975536942482,0.9999845623970032,0.5816867351531982,0.3595922887325287,-0.11676513403654099,0.9999679923057556,0.5974172949790955,0.3937430679798126,-0.08095576614141464,0.9999798536300659,0.5925741791725159,0.3895778954029083,-0.10753308236598969,0.9999808669090271,0.5964391827583313,0.4544200301170349,0.025896605104207993,0.9999884366989136,0.5465981960296631,0.4040139615535736,-0.13364391028881073,0.9999800324440002,0.6432276964187622,0.512252151966095,0.02983247861266136,0.9324029684066772,0.5841278433799744,0.36110594868659973,-0.27249494194984436,0.9941411018371582,0.6961928606033325,0.5424360632896423,-0.048655811697244644,0.9598402976989746,0.6427733898162842,0.33168724179267883,-0.36704427003860474,0.9928563237190247,0.7110701203346252,0.5665462017059326,-0.05984831601381302,0.9516124725341797,0.6540061831474304,0.3464786410331726,-0.40873292088508606,0.9866686463356018,0.7091591954231262,0.5685436129570007,-0.08935830742120743,0.9560841917991638,0.6573401689529419,0.3541054427623749,-0.3963475525379181,0.9858992099761963,0.7011895775794983,0.560398519039154,-0.06273107975721359,0.9512841701507568,0.6540844440460205,0.35206547379493713,-0.3661244809627533,0.9712584018707275,0.5942755341529846,0.6121286749839783,0.02895352989435196,0.9999873638153076,0.5531545877456665,0.623535692691803,-0.02910645864903927,0.9999809265136719,0.6331228017807007,0.7282992601394653,-0.028067028149962425,0.9395173192024231,0.5248528718948364,0.750106930732727,-0.07309135794639587,0.958233654499054,0.6771964430809021,0.8761722445487976,0.0022100810892879963,0.9535548686981201,0.532586932182312,0.8873958587646484,-0.004596222657710314,0.9390222430229187,0.6816540360450745,0.9142469763755798,-0.0018520231824368238,0.8615251183509827,0.5388732552528381,0.9120956063270569,-0.003774045268073678,0.7255043387413025,0.71910160779953,0.8718284368515015,-0.07835344970226288,0.9508266448974609,0.5052868127822876,0.9207014441490173,-0.06694637984037399,0.9195655584335327
265,0.5987258553504944,0.38222119212150574,-0.09316657483577728,0.9999925494194031,0.6003961563110352,0.37107303738594055,-0.08006487786769867,0.999984860420227,0.6009718775749207,0.37133365869522095,-0.08028566092252731,0.9999799132347107,0.6017143726348877,0.3716382682323456,-0.08028165996074677,0.9999885559082031,0.5961715579032898,0.3684696555137634,-0.09899890422821045,0.9999893307685852,0.5933641791343689,0.3665730655193329,-0.09913922846317291,0.999988853931427,0.590324342250824,0.3643634617328644,-0.09915144741535187,0.9999905228614807,0.5932615995407104,0.3712122440338135,-0.014518842101097107,0.9999856948852539,0.5786236524581909,0.35965046286582947,-0.09991192817687988,0.9999698996543884,0.5953028202056885,0.39378637075424194,-0.06605128943920135,0.9999812245368958,0.5904757976531982,0.3897269070148468,-0.09234841167926788,0.9999819993972778,0.5947301983833313,0.4543844759464264,0.02927241101861,0.9999890923500061,0.5434249639511108,0.4049665331840515,-0.12422715872526169,0.9999802708625793,0.6425600647926331,0.5123040080070496,0.03302791714668274,0.9371400475502014,0.5820206999778748,0.3567431569099426,-0.2680368423461914,0.9946212768554688,0.6958778500556946,0.5405970215797424,-0.04775272309780121,0.9630529284477234,0.63900226354599,0.32723772525787354,-0.3607487082481384,0.9934765696525574,0.7109304070472717,0.5665730237960815,-0.05951959639787674,0.9551261067390442,0.6498212814331055,0.3413524329662323,-0.4022941589355469,0.987770140171051,0.7087703347206116,0.5684314966201782,-0.08847380429506302,0.959296464920044,0.65301913022995,0.3486899137496948,-0.3898014426231384,0.9870349168777466,0.7008798122406006,0.5600260496139526,-0.06175582855939865,0.9546834230422974,0.6498182415962219,0.3468787968158722,-0.35981857776641846,0.9734646677970886,0.5935305953025818,0.6121249198913574,0.027604540809988976,0.9999879598617554,0.5527893304824829,0.6236022114753723,-0.027766624465584755,0.9999814629554749,0.6308329105377197,0.7252060770988464,-0.02919861674308777,0.9443795084953308,0.5244676470756531,0.7493717670440674,-0.07129951566457748,0.9597235321998596,0.6769323945045471,0.8757342100143433,-0.00193654908798635,0.9573003649711609,0.5326365232467651,0.8876707553863525,-0.0021416987292468548,0.9424051642417908,0.6813448667526245,0.9136437773704529,-0.006346531677991152,0.8713219165802002,0.5392599701881409,0.9123512506484985,-0.0007898519979789853,0.7381134629249573,0.7189063429832458,0.8708958029747009,-0.0826202780008316,0.9546683430671692,0.5054101943969727,0.9206221699714661,-0.06504382193088531,0.9237619042396545
266,0.5957990884780884,0.38196125626564026,-0.09369189292192459,0.999993085861206,0.5976362228393555,0.370418518781662,-0.0809309259057045,0.999985933303833,0.5982778668403625,0.3707186281681061,-0.08114679157733917,0.9999813437461853,0.5990641117095947,0.3710738718509674,-0.0811404138803482,0.99998939037323,0.5933321714401245,0.367787629365921,-0.10055259615182877,0.9999900460243225,0.5905879139900208,0.3660394549369812,-0.10070062428712845,0.9999895691871643,0.5875968933105469,0.36395636200904846,-0.10072372853755951,0.9999911189079285,0.5910335779190063,0.3709557056427002,-0.015085035935044289,0.9999867677688599,0.5757970213890076,0.35966628789901733,-0.09798894822597504,0.999971866607666,0.5924608111381531,0.3938031792640686,-0.06630616635084152,0.9999825358390808,0.5873960256576538,0.38974758982658386,-0.09359905123710632,0.9999830722808838,0.593128502368927,0.4540412425994873,0.029494794085621834,0.9999895691871643,0.5406029224395752,0.4052782654762268,-0.11840075999498367,0.9999800324440002,0.6418885588645935,0.5120821595191956,0.030950302258133888,0.9416911602020264,0.5801702737808228,0.3518022894859314,-0.26747971773147583,0.9950310587882996,0.6949504017829895,0.5393325090408325,-0.04787861183285713,0.9660378098487854,0.6328068971633911,0.3220383822917938,-0.35810479521751404,0.9940357208251953,0.7090306878089905,0.5657525658607483,-0.059255365282297134,0.9584168195724487,0.6434391736984253,0.334319144487381,-0.3997170329093933,0.9887714982032776,0.7069312930107117,0.5680941939353943,-0.08821947872638702,0.9622933268547058,0.6464681029319763,0.3411363661289215,-0.387624591588974,0.9880682229995728,0.6996327638626099,0.5599495768547058,-0.06171700730919838,0.9578742980957031,0.6435203552246094,0.3389107584953308,-0.3574577569961548,0.9754950404167175,0.5929776430130005,0.612088143825531,0.025672053918242455,0.9999885559082031,0.5523843169212341,0.623228907585144,-0.02584299072623253,0.9999820590019226,0.6305673122406006,0.7258274555206299,-0.024402491748332977,0.9489991664886475,0.5205880403518677,0.7465851306915283,-0.07904566824436188,0.961996853351593,0.6771591901779175,0.8756707906723022,0.006733512971550226,0.9608882665634155,0.5326617956161499,0.8865610957145691,-0.014461970888078213,0.9461910724639893,0.6813226342201233,0.9135274887084961,0.00281905778683722,0.8806372284889221,0.5398212671279907,0.9110190868377686,-0.013178020715713501,0.7526493072509766,0.7189302444458008,0.8679028153419495,-0.07405181229114532,0.9583303928375244,0.5059201121330261,0.9203790426254272,-0.07863501459360123,0.9284464120864868
267,0.5932852029800415,0.3816576898097992,-0.03456760570406914,0.9999935626983643,0.5951961874961853,0.37017393112182617,-0.0186338908970356,0.999987006187439,0.5957842469215393,0.3705945312976837,-0.01884010061621666,0.9999827742576599,0.59652179479599,0.37104490399360657,-0.01881980337202549,0.9999902248382568,0.5910530686378479,0.36734381318092346,-0.03539964184165001,0.9999907612800598,0.58835768699646,0.3656209111213684,-0.03555105999112129,0.9999902844429016,0.5853176116943359,0.36355122923851013,-0.03556586056947708,0.9999917149543762,0.588777482509613,0.371025413274765,0.04941701889038086,0.999987781047821,0.5737642049789429,0.3596882224082947,-0.027399443089962006,0.9999737739562988,0.5895839333534241,0.39380744099617004,-0.007983495481312275,0.9999838471412659,0.5847046375274658,0.38974153995513916,-0.031632255762815475,0.9999842047691345,0.5914384126663208,0.45395106077194214,0.07981188595294952,0.9999901056289673,0.5384193062782288,0.40596869587898254,-0.0584404319524765,0.9999799728393555,0.6413530707359314,0.5116599798202515,0.06852542608976364,0.945357084274292,0.578018307685852,0.346359521150589,-0.1999472975730896,0.9953718781471252,0.6935858130455017,0.5382349491119385,-0.021286649629473686,0.9687052369117737,0.6298027038574219,0.31711670756340027,-0.29067495465278625,0.9944858551025391,0.7076619267463684,0.5650762319564819,-0.03457363694906235,0.9614425301551819,0.6401156783103943,0.3297117352485657,-0.32978448271751404,0.9895374178886414,0.7051807045936584,0.5668831467628479,-0.06067417562007904,0.9650307297706604,0.6432751417160034,0.3355660140514374,-0.3170247972011566,0.9888306260108948,0.6978757977485657,0.5590091347694397,-0.034333012998104095,0.9607401490211487,0.6403792500495911,0.3335113227367401,-0.2897343337535858,0.9770039319992065,0.5921970009803772,0.6122647523880005,0.022549573332071304,0.9999893307685852,0.5512346625328064,0.6230598092079163,-0.022760862484574318,0.9999831318855286,0.6295375227928162,0.726145327091217,-0.043035052716732025,0.9531720280647278,0.5190730094909668,0.7465487122535706,-0.08175233006477356,0.9638038277626038,0.6774008274078369,0.8755760788917542,-0.022810757160186768,0.9640465974807739,0.5328513979911804,0.8858650326728821,-0.011434805579483509,0.9488230347633362,0.6809753775596619,0.9134541749954224,-0.02746609039604664,0.8887796998023987,0.5409107804298401,0.9098672270774841,-0.008685778826475143,0.7647192478179932,0.7184187173843384,0.8668001294136047,-0.10635412484407425,0.9615693688392639,0.5059934258460999,0.9203903079032898,-0.06916547566652298,0.9318643808364868
268,0.5910158753395081,0.3810841739177704,-0.03361023962497711,0.9999940395355225,0.5930764675140381,0.369954377412796,-0.01707584410905838,0.9999880194664001,0.5936931371688843,0.37052977085113525,-0.017283346503973007,0.9999841451644897,0.5944613218307495,0.3710716664791107,-0.01726425252854824,0.9999909996986389,0.588758647441864,0.3668358325958252,-0.032535478472709656,0.9999914765357971,0.5859634876251221,0.3651171326637268,-0.032689277082681656,0.9999909996986389,0.5827793478965759,0.36302778124809265,-0.032704081386327744,0.999992311000824,0.587115466594696,0.371189683675766,0.05275014415383339,0.9999887943267822,0.5710769891738892,0.35965773463249207,-0.018666667863726616,0.9999755620956421,0.5870718359947205,0.39376503229141235,-0.006658350117504597,0.9999850392341614,0.5818731784820557,0.38959211111068726,-0.02865743078291416,0.9999853372573853,0.5902606248855591,0.45390310883522034,0.08218684792518616,0.9999905228614807,0.5361976027488708,0.407330185174942,-0.0475764125585556,0.9999796748161316,0.6406297087669373,0.5110250115394592,0.07154251635074615,0.9487423300743103,0.5744129419326782,0.34221717715263367,-0.1870277225971222,0.995642364025116,0.6926872134208679,0.5365459322929382,-0.016673151403665543,0.9711342453956604,0.6259382963180542,0.31140828132629395,-0.28071945905685425,0.9948537349700928,0.7068729996681213,0.563954770565033,-0.030045023187994957,0.9642237424850464,0.6370503306388855,0.32414090633392334,-0.31994593143463135,0.9901548624038696,0.7038085460662842,0.5655948519706726,-0.05625995621085167,0.967544674873352,0.6401010155677795,0.3300751745700836,-0.3079206645488739,0.9894336462020874,0.6964219212532043,0.5580405592918396,-0.02967001125216484,0.9633809924125671,0.6371145248413086,0.32807233929634094,-0.28025755286216736,0.978230893611908,0.5913074612617493,0.6128054857254028,0.020174341276288033,0.9999900460243225,0.5504236221313477,0.6237045526504517,-0.02040049247443676,0.9999840259552002,0.6289347410202026,0.7281087040901184,-0.053873997181653976,0.9570985436439514,0.518359363079071,0.7465459108352661,-0.09021854400634766,0.9656439423561096,0.6775553822517395,0.8760493397712708,-0.035279832780361176,0.9669766426086426,0.5331945419311523,0.8849803805351257,-0.012000503949820995,0.9513401389122009,0.6810433268547058,0.9136513471603394,-0.04003496095538139,0.8964530825614929,0.5416926145553589,0.9092838168144226,-0.008862248621881008,0.7767308354377747,0.7178931832313538,0.8662406802177429,-0.12072955071926117,0.9645668268203735,0.5061020851135254,0.9204935431480408,-0.07012069225311279,0.9351216554641724
269,0.5885082483291626,0.3806441128253937,-0.03309262916445732,0.9999944567680359,0.5907009840011597,0.3697150647640228,-0.016596537083387375,0.9999889731407166,0.5913352966308594,0.37046197056770325,-0.0168094914406538,0.9999853372573853,0.5921007394790649,0.3710969090461731,-0.016791541129350662,0.9999917149543762,0.5864102244377136,0.36616772413253784,-0.03027617186307907,0.9999920725822449,0.5836585164070129,0.36444416642189026,-0.030434736981987953,0.9999915957450867,0.580557644367218,0.36235564947128296,-0.03044883720576763,0.9999927878379822,0.5850727558135986,0.37145522236824036,0.05351709574460983,0.9999896883964539,0.5691534876823425,0.3596634864807129,-0.009957159869372845,0.9999770522117615,0.5844631791114807,0.39373859763145447,-0.0061056301929056644,0.9999861121177673,0.5793089270591736,0.3894445300102234,-0.02584204263985157,0.9999862313270569,0.5887985825538635,0.4537591338157654,0.08143094927072525,0.9999907612800598,0.5346117615699768,0.4089256227016449,-0.03279766067862511,0.9999783039093018,0.6397541165351868,0.5103018879890442,0.07193977385759354,0.9519608616828918,0.5712552666664124,0.33957669138908386,-0.16361920535564423,0.9958031177520752,0.6913020014762878,0.5338512063026428,-0.014252306893467903,0.9733883738517761,0.6212218999862671,0.30504482984542847,-0.25377610325813293,0.9950980544090271,0.7049674987792969,0.5609953999519348,-0.027612589299678802,0.9668113589286804,0.6322811841964722,0.31691721081733704,-0.2913780212402344,0.9905332922935486,0.7020618915557861,0.562494695186615,-0.05351534113287926,0.9698719382286072,0.6352010369300842,0.3219895362854004,-0.2803346812725067,0.9897661209106445,0.695006787776947,0.5550525188446045,-0.02698986977338791,0.96583092212677,0.6322724223136902,0.3202379643917084,-0.2537500560283661,0.9790039658546448,0.5904792547225952,0.6136651635169983,0.01660730689764023,0.999990701675415,0.5502707362174988,0.6256219148635864,-0.016843190416693687,0.999984860420227,0.6286265850067139,0.7297564744949341,-0.053616587072610855,0.9607877731323242,0.516862690448761,0.746894121170044,-0.09049715846776962,0.9676061868667603,0.6776314377784729,0.8765187859535217,-0.028997939079999924,0.9697162508964539,0.533236563205719,0.8857145309448242,-0.012138037011027336,0.9542111158370972,0.6811126470565796,0.9137158393859863,-0.03305511176586151,0.9035083651542664,0.5421332716941833,0.9103622436523438,-0.008940895088016987,0.7898468971252441,0.7170276045799255,0.8666274547576904,-0.11305263638496399,0.9673284292221069,0.5060937404632568,0.9204810261726379,-0.0706881731748581,0.9387073516845703
270,0.5857182145118713,0.37987977266311646,-0.04085002467036247,0.9999948740005493,0.5879516005516052,0.3696572482585907,-0.0244604479521513,0.9999898672103882,0.588626503944397,0.3704642951488495,-0.024676179513335228,0.9999865293502808,0.5894381999969482,0.37111926078796387,-0.024661563336849213,0.9999923706054688,0.5835438370704651,0.3660402297973633,-0.036810752004384995,0.9999926686286926,0.5806970000267029,0.36433327198028564,-0.03697005286812782,0.9999921917915344,0.5775076150894165,0.36225634813308716,-0.036982256919145584,0.9999932646751404,0.5823177099227905,0.3719782531261444,0.04552273079752922,0.9999905228614807,0.5663341879844666,0.35981640219688416,-0.01171589270234108,0.9999784827232361,0.5810200572013855,0.3937417268753052,-0.014029857702553272,0.9999871253967285,0.5758170485496521,0.389164000749588,-0.03206333518028259,0.9999871253967285,0.5875436067581177,0.45374271273612976,0.07241224497556686,0.9999909996986389,0.532455563545227,0.4107680022716522,-0.02971501089632511,0.999977171421051,0.6380930542945862,0.509871244430542,0.06579168140888214,0.9544706344604492,0.5670554041862488,0.33739206194877625,-0.16114456951618195,0.9958587884902954,0.6906488537788391,0.5325124859809875,-0.017793456092476845,0.9752375483512878,0.6160187125205994,0.30056607723236084,-0.2571567893028259,0.9952410459518433,0.7038630247116089,0.5595009922981262,-0.03068564645946026,0.9688943028450012,0.6273089051246643,0.3112281560897827,-0.2949198782444,0.9907361268997192,0.7012729048728943,0.5607621073722839,-0.05705346167087555,0.9717374444007874,0.6303462982177734,0.31651127338409424,-0.28424158692359924,0.9899078011512756,0.6944645643234253,0.5528753995895386,-0.03056742064654827,0.9677387475967407,0.6273573637008667,0.3152916431427002,-0.2575308680534363,0.9794508218765259,0.5902649164199829,0.6136899590492249,0.012295840308070183,0.9999911785125732,0.5504999756813049,0.6270674467086792,-0.01254330389201641,0.9999855160713196,0.6289449334144592,0.7323099374771118,-0.06173038110136986,0.9640364050865173,0.5167235732078552,0.7469728589057922,-0.08765292167663574,0.9690122604370117,0.6777910590171814,0.8765283823013306,-0.04295171797275543,0.9721389412879944,0.5332672595977783,0.8869797587394714,-0.01211379375308752,0.9568020701408386,0.6811379790306091,0.9136859178543091,-0.04759575426578522,0.9097453951835632,0.5425189733505249,0.9128721952438354,-0.008938170038163662,0.802085280418396,0.7164821624755859,0.8664131760597229,-0.1299971640110016,0.9697795510292053,0.5060689449310303,0.9205007553100586,-0.07108071446418762,0.9419653415679932
271,0.5826297402381897,0.3795088529586792,-0.042499955743551254,0.999995231628418,0.5852593779563904,0.3696330487728119,-0.03331862390041351,0.9999906420707703,0.5861433744430542,0.37047719955444336,-0.03354484587907791,0.9999875426292419,0.5871465802192688,0.3711296319961548,-0.033541761338710785,0.9999929666519165,0.5801462531089783,0.3658875823020935,-0.05123068764805794,0.9999932050704956,0.5770126581192017,0.3641502261161804,-0.05138711258769035,0.9999926686286926,0.5736575722694397,0.36206671595573425,-0.05140893533825874,0.9999936819076538,0.5800121426582336,0.3725639283657074,0.03311019763350487,0.999991238117218,0.5630553960800171,0.36013925075531006,-0.027575692161917686,0.9999796152114868,0.5780790448188782,0.39374542236328125,-0.020404508337378502,0.9999879598617554,0.5723667740821838,0.3889232277870178,-0.045883070677518845,0.9999878406524658,0.5862047076225281,0.4537631571292877,0.06959132105112076,0.9999909400939941,0.5307311415672302,0.4126351773738861,-0.04176449403166771,0.9999749064445496,0.6375049352645874,0.5091651678085327,0.059224460273981094,0.9571815133094788,0.5636383295059204,0.33438295125961304,-0.16365303099155426,0.9958649277687073,0.6904205083847046,0.5308481454849243,-0.02396922931075096,0.9770028591156006,0.6115347743034363,0.2961905300617218,-0.24990488588809967,0.9953244924545288,0.7034499645233154,0.5575647950172424,-0.03767453879117966,0.9708530902862549,0.6229379177093506,0.3061681389808655,-0.2868269979953766,0.9907616972923279,0.70057213306427,0.5587060451507568,-0.06276959925889969,0.9735092520713806,0.6263516545295715,0.3110235929489136,-0.2768588960170746,0.9898548126220703,0.6938140392303467,0.5512223243713379,-0.035943496972322464,0.9695802330970764,0.6233307123184204,0.3099406957626343,-0.25033506751060486,0.979583203792572,0.5890099406242371,0.6141588687896729,0.013101859018206596,0.9999912977218628,0.5501269102096558,0.6291099190711975,-0.013334888964891434,0.9999853372573853,0.6292445659637451,0.7337445020675659,-0.05570300295948982,0.9666182994842529,0.5172020792961121,0.7479428648948669,-0.09770858287811279,0.9694861769676208,0.6778711676597595,0.8766372203826904,-0.030509309843182564,0.9739166498184204,0.5334348082542419,0.8869351148605347,-0.01524754986166954,0.9573116302490234,0.6814528703689575,0.9137189388275146,-0.034493181854486465,0.913321316242218,0.5428144931793213,0.9128146171569824,-0.01158975437283516,0.8070234656333923,0.716606855392456,0.8653168678283691,-0.11666221171617508,0.9713782668113708,0.5065401792526245,0.9204292297363281,-0.0752626433968544,0.9422050714492798
272,0.5799029469490051,0.3793753981590271,-0.07309041172266006,0.9999955892562866,0.5831407904624939,0.36992618441581726,-0.0572214275598526,0.9999914169311523,0.5842384696006775,0.3710668981075287,-0.05743304267525673,0.9999885559082031,0.5853497982025146,0.3720533549785614,-0.057418275624513626,0.9999935626983643,0.5773642659187317,0.3659078776836395,-0.06968286633491516,0.9999937415122986,0.5742251873016357,0.3641746938228607,-0.06984629482030869,0.9999932050704956,0.5710480213165283,0.36211881041526794,-0.06985162198543549,0.9999940991401672,0.5780478119850159,0.3737927973270416,0.02033219486474991,0.9999918937683105,0.560945451259613,0.3608689606189728,-0.03784583508968353,0.9999807476997375,0.5760335326194763,0.3939143419265747,-0.04412774369120598,0.9999887943267822,0.5698829293251038,0.38885951042175293,-0.06242022663354874,0.9999885559082031,0.584783136844635,0.4537695050239563,0.05572761967778206,0.9999910593032837,0.529501736164093,0.41350674629211426,-0.05307329073548317,0.9999732375144958,0.6358610987663269,0.5082911252975464,0.04944632202386856,0.9598730802536011,0.55929034948349,0.33381137251853943,-0.17809268832206726,0.9959200620651245,0.689493715763092,0.5290682315826416,-0.029807427898049355,0.9787598252296448,0.6058481931686401,0.2922872006893158,-0.26917824149131775,0.9954774975776672,0.701570451259613,0.555119514465332,-0.042657721787691116,0.9728859066963196,0.6181761026382446,0.29962971806526184,-0.307157963514328,0.9910131096839905,0.6988280415534973,0.5561122894287109,-0.06844241917133331,0.9753553867340088,0.6215558648109436,0.30401578545570374,-0.29707711935043335,0.9900749921798706,0.6924496293067932,0.5485349297523499,-0.04187458008527756,0.9715756773948669,0.6180976629257202,0.30356693267822266,-0.2696113586425781,0.9801434278488159,0.5876913666725159,0.6141419410705566,0.013689001090824604,0.9999911785125732,0.5493192076683044,0.6292873620986938,-0.013918456621468067,0.9999845623970032,0.6287081837654114,0.73319011926651,-0.07546089589595795,0.9693264365196228,0.5155267119407654,0.7480883598327637,-0.10887201875448227,0.9704332947731018,0.6779725551605225,0.8765063285827637,-0.0617622546851635,0.975894033908844,0.5336887836456299,0.8865569829940796,-0.023663954809308052,0.9582861661911011,0.6814620494842529,0.913659393787384,-0.06693219393491745,0.9186341166496277,0.5432531833648682,0.9112587571144104,-0.01979968138039112,0.8130820393562317,0.7167295813560486,0.864241898059845,-0.15140485763549805,0.9733381271362305,0.5066026449203491,0.9204199314117432,-0.0842902660369873,0.9431003332138062
273,0.5790782570838928,0.37978267669677734,-0.08072871714830399,0.999995768070221,0.5814631581306458,0.37021204829216003,-0.06447750329971313,0.9999918937683105,0.5824207067489624,0.37147119641304016,-0.06469341367483139,0.9999891519546509,0.5833625793457031,0.37257957458496094,-0.06468072533607483,0.9999939203262329,0.5759146213531494,0.36596065759658813,-0.07735250890254974,0.9999939799308777,0.5729795098304749,0.364234060049057,-0.07751796394586563,0.9999933838844299,0.5701237320899963,0.3622625172138214,-0.07752923667430878,0.9999942779541016,0.574934720993042,0.3740900158882141,0.012003269046545029,0.999992311000824,0.5597783923149109,0.36174526810646057,-0.04457073286175728,0.9999809265136719,0.5749498605728149,0.3945501744747162,-0.05123187229037285,0.9999892115592957,0.5690194964408875,0.38901832699775696,-0.06988300383090973,0.9999887347221375,0.5831333994865417,0.4537249505519867,0.049345530569553375,0.9999910593032837,0.5277341604232788,0.41418641805648804,-0.05974746495485306,0.9999707341194153,0.6344853043556213,0.5073851346969604,0.04896240681409836,0.9618063569068909,0.5574091672897339,0.33178848028182983,-0.18417932093143463,0.9959742426872253,0.6881109476089478,0.5269315838813782,-0.027959264814853668,0.9801640510559082,0.6033178567886353,0.2877134382724762,-0.2722369432449341,0.9956205487251282,0.6997653841972351,0.5525323152542114,-0.03940645232796669,0.974455714225769,0.6158795952796936,0.29450154304504395,-0.3096407949924469,0.991259753704071,0.6975109577178955,0.5532314777374268,-0.06589396297931671,0.9767802953720093,0.6187557578086853,0.29981729388237,-0.2998386025428772,0.9902985095977783,0.6912124156951904,0.5450632572174072,-0.040121499449014664,0.9731065034866333,0.6150282025337219,0.2999809682369232,-0.2727087140083313,0.9806919097900391,0.5873578786849976,0.6138333082199097,0.01421150378882885,0.9999909400939941,0.5487499833106995,0.6291793584823608,-0.014434808865189552,0.9999836087226868,0.6287354230880737,0.7331002950668335,-0.07291033118963242,0.9718235731124878,0.5163195729255676,0.747977077960968,-0.1033158004283905,0.9713028073310852,0.6780264973640442,0.876153290271759,-0.05891711637377739,0.9777393937110901,0.5337494611740112,0.8860746026039124,-0.022698910906910896,0.959632933139801,0.6814681887626648,0.9134668111801147,-0.06413454562425613,0.9236429333686829,0.5434131026268005,0.9097168445587158,-0.017992986366152763,0.81977778673172,0.7168314456939697,0.8626430630683899,-0.14813025295734406,0.9751696586608887,0.5064756870269775,0.9203668236732483,-0.08108561486005783,0.944464921951294
274,0.5782199501991272,0.380686491727829,-0.07839774340391159,0.9999958276748657,0.5800482034683228,0.37071850895881653,-0.062270842492580414,0.9999921321868896,0.5808354020118713,0.3720412254333496,-0.062486596405506134,0.9999894499778748,0.5816636681556702,0.3732457458972931,-0.06247244030237198,0.999994158744812,0.5747734308242798,0.36619624495506287,-0.07581303268671036,0.9999939799308777,0.5718869566917419,0.36444878578186035,-0.0759764239192009,0.9999932646751404,0.5691195726394653,0.36253634095191956,-0.07598988711833954,0.999994158744812,0.5730348229408264,0.3745708465576172,0.01275020930916071,0.9999925494194031,0.5590609312057495,0.36242440342903137,-0.04588164761662483,0.999980092048645,0.5735481381416321,0.3955148458480835,-0.04927656799554825,0.9999893307685852,0.5678579807281494,0.389512300491333,-0.06877724081277847,0.9999884963035583,0.5817915797233582,0.453728049993515,0.05014123395085335,0.9999909996986389,0.5261592268943787,0.41489893198013306,-0.05742789804935455,0.9999660849571228,0.634124219417572,0.5063867568969727,0.050785381346940994,0.9635459184646606,0.55342036485672,0.33133068680763245,-0.17762477695941925,0.9958396553993225,0.6874717473983765,0.5249928832054138,-0.023392455652356148,0.9814560413360596,0.5986595153808594,0.28301581740379333,-0.26453134417533875,0.9955053925514221,0.6990401148796082,0.550290048122406,-0.03447490185499191,0.9758830666542053,0.6116217374801636,0.2889063358306885,-0.30166664719581604,0.99099200963974,0.696711540222168,0.5512160062789917,-0.06132734939455986,0.9780682921409607,0.614395797252655,0.2942803204059601,-0.2918089032173157,0.9899126887321472,0.6906693577766418,0.543426513671875,-0.0357491709291935,0.9744412899017334,0.6104536056518555,0.29503384232521057,-0.2650512456893921,0.9801805019378662,0.5874019265174866,0.6137197017669678,0.01402572076767683,0.999990701675415,0.5488960146903992,0.6295328736305237,-0.01425117626786232,0.9999826550483704,0.62821364402771,0.7329545021057129,-0.060802411288022995,0.9739347696304321,0.5155805945396423,0.7485018968582153,-0.1016923263669014,0.9718992114067078,0.6783681511878967,0.8760735988616943,-0.04026962071657181,0.979324460029602,0.5341395735740662,0.885925829410553,-0.022234860807657242,0.9607057571411133,0.6823109984397888,0.913126528263092,-0.04485924169421196,0.9277956485748291,0.544228196144104,0.9092397093772888,-0.01686432771384716,0.8261227607727051,0.7156579494476318,0.8620237708091736,-0.12879586219787598,0.9766788482666016,0.5047354102134705,0.9209142327308655,-0.0806732028722763,0.9453748464584351
275,0.5767517685890198,0.38313135504722595,-0.049793701618909836,0.9999952912330627,0.5778324604034424,0.3716569244861603,-0.034283287823200226,0.9999914169311523,0.5784252882003784,0.37284910678863525,-0.03450802341103554,0.9999884963035583,0.5791133642196655,0.3739892244338989,-0.03449688106775284,0.9999938011169434,0.5729801654815674,0.367143839597702,-0.047281209379434586,0.9999929070472717,0.5701261758804321,0.36538165807724,-0.0474466048181057,0.9999918341636658,0.5674083232879639,0.36354076862335205,-0.04746495187282562,0.999992847442627,0.569776713848114,0.3748789429664612,0.033691808581352234,0.9999921321868896,0.5573555827140808,0.36359789967536926,-0.02616310864686966,0.9999750852584839,0.5716024041175842,0.3974737226963043,-0.023184804245829582,0.9999885559082031,0.5665042996406555,0.3919111490249634,-0.04200804978609085,0.9999867081642151,0.580236554145813,0.4537121653556824,0.06159438565373421,0.9999909400939941,0.5240810513496399,0.4157376289367676,-0.03792959824204445,0.9999595284461975,0.6335229277610779,0.5052142143249512,0.06453346461057663,0.9648805260658264,0.549599289894104,0.330787718296051,-0.14934761822223663,0.9954825043678284,0.6865279674530029,0.5237349271774292,-0.007802593056112528,0.9825162291526794,0.5929642915725708,0.2783297896385193,-0.22472810745239258,0.9950785040855408,0.6989166140556335,0.5486767292022705,-0.018417788669466972,0.9769449234008789,0.6064156293869019,0.283165842294693,-0.2592203617095947,0.9900758266448975,0.6963309645652771,0.5497304201126099,-0.044632673263549805,0.9790074825286865,0.6086466908454895,0.28755703568458557,-0.2496066838502884,0.9887677431106567,0.6899398565292358,0.5420650839805603,-0.02000778540968895,0.9753590226173401,0.604478657245636,0.2886839509010315,-0.22520440816879272,0.9785209894180298,0.5873472690582275,0.6135346293449402,0.013163701631128788,0.9999905824661255,0.5489775538444519,0.6299663186073303,-0.013392670080065727,0.9999819397926331,0.6273185014724731,0.7327826619148254,-0.05193861946463585,0.9756463766098022,0.515764057636261,0.7484298944473267,-0.09434933960437775,0.9720807671546936,0.6783732175827026,0.8759102821350098,-0.028493421152234077,0.9806378483772278,0.5344852805137634,0.8856040239334106,-0.014862080104649067,0.9618968367576599,0.6824055910110474,0.9121538400650024,-0.032540787011384964,0.9306789040565491,0.5448841452598572,0.9083326458930969,-0.01087099127471447,0.8322260975837708,0.7155100703239441,0.8619466423988342,-0.12280850112438202,0.9778396487236023,0.5043178796768188,0.9214146733283997,-0.07721176743507385,0.9464331269264221
276,0.5757216811180115,0.38489028811454773,-0.04699311405420303,0.9999943971633911,0.5761703252792358,0.37238559126853943,-0.0320296511054039,0.999989926815033,0.5765396356582642,0.37339678406715393,-0.03225754201412201,0.9999865293502808,0.577082633972168,0.37443384528160095,-0.032246217131614685,0.9999929666519165,0.5719192624092102,0.36809995770454407,-0.0455513596534729,0.9999909400939941,0.5691462755203247,0.3663237988948822,-0.04571549594402313,0.9999892711639404,0.5664803981781006,0.3645022511482239,-0.045732032507658005,0.9999905228614807,0.5675771236419678,0.3750036358833313,0.03414727374911308,0.9999911785125732,0.556471586227417,0.364536851644516,-0.028109580278396606,0.9999666213989258,0.5701577663421631,0.3985741138458252,-0.02078666351735592,0.999987006187439,0.5655907392501831,0.39351126551628113,-0.040209636092185974,0.9999836683273315,0.5786545872688293,0.4535629153251648,0.06305146962404251,0.9999908804893494,0.5224569439888,0.41618266701698303,-0.04041838273406029,0.9999529719352722,0.6317125558853149,0.5037757158279419,0.06568104773759842,0.965634822845459,0.5461954474449158,0.3303477466106415,-0.14444483816623688,0.995228111743927,0.6849072575569153,0.5223485827445984,-0.010147315450012684,0.9833831787109375,0.5871765613555908,0.2735257148742676,-0.20852026343345642,0.994800865650177,0.6975564956665039,0.5468952059745789,-0.021310776472091675,0.9777661561965942,0.6009294986724854,0.277853786945343,-0.24156717956066132,0.9894351363182068,0.694914698600769,0.5478591918945312,-0.04783139377832413,0.9797278642654419,0.6033531427383423,0.2815851867198944,-0.23248538374900818,0.9879644513130188,0.6885007619857788,0.5404092669487,-0.02263745106756687,0.9760304689407349,0.5992256999015808,0.2829371690750122,-0.20892204344272614,0.9774014949798584,0.5869665741920471,0.6129700541496277,0.013334403745830059,0.9999901652336121,0.5491123199462891,0.6298109889030457,-0.01356743834912777,0.9999803900718689,0.6267732381820679,0.7326552271842957,-0.03916817530989647,0.9770591855049133,0.5160669088363647,0.7481783628463745,-0.0621497742831707,0.9709787964820862,0.6784106492996216,0.875155508518219,-0.018766261637210846,0.981748640537262,0.5345426797866821,0.8856378793716431,0.022850267589092255,0.9622579216957092,0.6830349564552307,0.9111624956130981,-0.02330961264669895,0.9329420924186707,0.544920802116394,0.9083358645439148,0.026296041905879974,0.8349140286445618,0.7156078219413757,0.8591881394386292,-0.11292461305856705,0.9788162112236023,0.504089891910553,0.9213995337486267,-0.03889957815408707,0.9462733864784241
277,0.5750150680541992,0.38603833317756653,-0.041100338101387024,0.9999939203262329,0.574803352355957,0.37267178297042847,-0.025073396041989326,0.9999892115592957,0.5750135779380798,0.37354645133018494,-0.02529507875442505,0.9999855160713196,0.575445830821991,0.37450188398361206,-0.025278422981500626,0.9999925494194031,0.5709994435310364,0.3687269985675812,-0.039256755262613297,0.9999900460243225,0.568249523639679,0.366987407207489,-0.03942639380693436,0.9999880790710449,0.5655075907707214,0.3651864528656006,-0.03944140300154686,0.9999895095825195,0.5658382177352905,0.3749982416629791,0.04483206942677498,0.9999905824661255,0.5552355647087097,0.36509814858436584,-0.020682645961642265,0.9999624490737915,0.5694273114204407,0.39951518177986145,-0.013633393682539463,0.9999863505363464,0.5651662349700928,0.3952999711036682,-0.033956315368413925,0.9999823570251465,0.5773940682411194,0.45324575901031494,0.07589351385831833,0.9999908208847046,0.5210923552513123,0.4176260530948639,-0.03372811898589134,0.9999504089355469,0.6294583678245544,0.5022517442703247,0.07885560393333435,0.9649361371994019,0.5419222116470337,0.33086836338043213,-0.13997410237789154,0.9951006770133972,0.6828626394271851,0.5205889940261841,-0.001572502194903791,0.9838963150978088,0.5819974541664124,0.26934894919395447,-0.21122290194034576,0.9948260188102722,0.6951587200164795,0.5437226891517639,-0.012820128351449966,0.9781970381736755,0.5958940386772156,0.27311190962791443,-0.24564309418201447,0.9894326329231262,0.6932570338249207,0.5444453358650208,-0.03997932747006416,0.9801031351089478,0.5991014838218689,0.27576130628585815,-0.23644334077835083,0.9879207611083984,0.68701171875,0.5373988151550293,-0.014438142068684101,0.9762863516807556,0.5948073267936707,0.27733442187309265,-0.2116783708333969,0.9773877263069153,0.5868914127349854,0.6127433776855469,0.013752344064414501,0.9999898672103882,0.5490100979804993,0.6296945810317993,-0.013985659927129745,0.9999794960021973,0.6265033483505249,0.7323592901229858,-0.042052075266838074,0.9783112406730652,0.5159408450126648,0.7476059198379517,-0.07355871051549911,0.9701365828514099,0.6785405874252319,0.8749653100967407,-0.02694399282336235,0.9827767610549927,0.5347506999969482,0.8856196999549866,0.009649255312979221,0.9620130062103271,0.6835625171661377,0.9109752774238586,-0.032005514949560165,0.9352841973304749,0.5450848340988159,0.9079934358596802,0.013027883134782314,0.8353692293167114,0.7156989574432373,0.8569208383560181,-0.12086933106184006,0.9797778129577637,0.504167914390564,0.9213044047355652,-0.05300137773156166,0.9455973505973816
278,0.5740047693252563,0.3864571452140808,-0.042698781937360764,0.9999930262565613,0.5733539462089539,0.37276512384414673,-0.02688967064023018,0.9999877214431763,0.5735215544700623,0.37357211112976074,-0.027113262563943863,0.999983549118042,0.5739186406135559,0.37449967861175537,-0.02709796279668808,0.9999917149543762,0.5696858167648315,0.36903116106987,-0.041260141879320145,0.9999881386756897,0.566959798336029,0.3673523962497711,-0.04142862185835838,0.9999855756759644,0.5641651749610901,0.3656279444694519,-0.0414421483874321,0.9999872446060181,0.564025342464447,0.3749498724937439,0.042613402009010315,0.9999895095825195,0.5534294843673706,0.36556312441825867,-0.023734230548143387,0.9999539256095886,0.5685689449310303,0.3999669849872589,-0.015245137736201286,0.9999849200248718,0.5643840432167053,0.396427184343338,-0.0358336940407753,0.999979555606842,0.5760732293128967,0.45311179757118225,0.07301301509141922,0.9999908208847046,0.519363284111023,0.41983407735824585,-0.03414475545287132,0.9999445080757141,0.6277047395706177,0.5008788108825684,0.07725869119167328,0.9647576808929443,0.5385766625404358,0.3314273953437805,-0.13291434943675995,0.9946959018707275,0.6813673377037048,0.517866849899292,-0.0019854512065649033,0.9845584034919739,0.5777348279953003,0.266667902469635,-0.19556237757205963,0.99456787109375,0.6942106485366821,0.5409640669822693,-0.013170948252081871,0.9788363575935364,0.5911195874214172,0.2686961889266968,-0.22825540602207184,0.9889078140258789,0.6919348835945129,0.5420171022415161,-0.040239982306957245,0.9806676506996155,0.5944148302078247,0.2709040343761444,-0.21991512179374695,0.9872856736183167,0.6854706406593323,0.5350383520126343,-0.014741803519427776,0.9767799973487854,0.5904289484024048,0.272757887840271,-0.19615934789180756,0.9764194488525391,0.5870478749275208,0.6127438545227051,0.013864945620298386,0.9999890327453613,0.5490586161613464,0.62990403175354,-0.014098585583269596,0.9999768733978271,0.6267639994621277,0.7325447797775269,-0.04273252934217453,0.9789220094680786,0.5150234699249268,0.7459410429000854,-0.08104516565799713,0.9677117466926575,0.6785621047019958,0.8740176558494568,-0.027014195919036865,0.9831826090812683,0.5352325439453125,0.8837633728981018,0.001540653989650309,0.9592239260673523,0.6840324997901917,0.9096513986587524,-0.03183181583881378,0.9354006052017212,0.5455368757247925,0.9040903449058533,0.004845348186790943,0.8303003311157227,0.7152696251869202,0.8567139506340027,-0.11840588599443436,0.9798764586448669,0.5046724677085876,0.9197261333465576,-0.0618136003613472,0.9414381980895996
279,0.5723575949668884,0.38635972142219543,-0.009663212113082409,0.9999931454658508,0.5714194178581238,0.37265172600746155,0.006826332304626703,0.9999879598617554,0.5716518759727478,0.37334948778152466,0.006605661008507013,0.9999839663505554,0.5721088647842407,0.3741312325000763,0.006626400630921125,0.9999919533729553,0.5676671862602234,0.3690349757671356,-0.006545044481754303,0.9999882578849792,0.5649826526641846,0.36741092801094055,-0.00671032490208745,0.9999856352806091,0.5621856451034546,0.36576029658317566,-0.006708298809826374,0.9999871850013733,0.5623921155929565,0.37468960881233215,0.07187017798423767,0.9999898076057434,0.5511505007743835,0.3658510148525238,0.00994809065014124,0.9999533295631409,0.5675223469734192,0.3999868929386139,0.01533268392086029,0.9999852776527405,0.5633408427238464,0.39699816703796387,-0.003955416847020388,0.9999794960021973,0.5753049850463867,0.4529108703136444,0.08712781965732574,0.9999911785125732,0.518230676651001,0.42238277196884155,-0.004281871020793915,0.9999420046806335,0.6275908350944519,0.49976375699043274,0.08482035994529724,0.9659762382507324,0.5357336401939392,0.3309668004512787,-0.10519856959581375,0.9942708015441895,0.6814271211624146,0.516262412071228,0.009318139404058456,0.9855679869651794,0.5737699866294861,0.264801025390625,-0.1654975861310959,0.9943713545799255,0.694195568561554,0.5397256016731262,-0.0014608544297516346,0.9800501465797424,0.5866875052452087,0.26491495966911316,-0.19575363397598267,0.988640546798706,0.6918420791625977,0.5419801473617554,-0.02632957510650158,0.9817542433738708,0.5901271104812622,0.26693227887153625,-0.18733999133110046,0.9869386553764343,0.685569167137146,0.5351969599723816,-0.002439296105876565,0.9779862761497498,0.5863369107246399,0.26940563321113586,-0.1661044955253601,0.9761055111885071,0.5871283411979675,0.6121962070465088,0.011371326632797718,0.9999890327453613,0.5490202307701111,0.6298491358757019,-0.011624583043158054,0.9999760985374451,0.6264661550521851,0.730582058429718,-0.06720045953989029,0.9801190495491028,0.5144298672676086,0.7438246011734009,-0.0970347672700882,0.9672946929931641,0.6783899664878845,0.8720213174819946,-0.08055027574300766,0.9840663075447083,0.5359862446784973,0.8817345499992371,-0.04367637261748314,0.9593220353126526,0.6840275526046753,0.9087074995040894,-0.08823452889919281,0.9379956126213074,0.5459057688713074,0.9033551812171936,-0.04321882501244545,0.8341602087020874,0.7152582406997681,0.8552578091621399,-0.1741132140159607,0.9808028936386108,0.5055873990058899,0.9187586307525635,-0.10843103379011154,0.9418387413024902
280,0.5706767439842224,0.3862661123275757,0.024332378059625626,0.9999935626983643,0.5696648955345154,0.3725665807723999,0.043064411729574203,0.9999887347221375,0.5700065493583679,0.3731635510921478,0.04284942150115967,0.9999849796295166,0.5705872178077698,0.37381500005722046,0.04287111386656761,0.9999924898147583,0.5657909512519836,0.36910173296928406,0.030129913240671158,0.9999889135360718,0.5630437135696411,0.36763671040534973,0.029966622591018677,0.9999863505363464,0.5602321624755859,0.3661581575870514,0.029982654377818108,0.999987781047821,0.5613555312156677,0.3746233582496643,0.11086290329694748,0.9999904036521912,0.5491975545883179,0.36654016375541687,0.05126599222421646,0.999954879283905,0.5664591193199158,0.4000319838523865,0.04952364042401314,0.9999861121177673,0.5622797012329102,0.39757153391838074,0.030918985605239868,0.9999802708625793,0.5751909613609314,0.45232319831848145,0.11690063029527664,0.9999916553497314,0.5176958441734314,0.42518091201782227,0.03242863342165947,0.9999411702156067,0.6274322271347046,0.49876171350479126,0.10744653642177582,0.9666306972503662,0.5333839654922485,0.3297165334224701,-0.0783325582742691,0.9937177896499634,0.68114173412323,0.5142194628715515,0.029781579971313477,0.9865167737007141,0.5694009065628052,0.2617916762828827,-0.14490367472171783,0.9941227436065674,0.6937139630317688,0.5376302003860474,0.01874513551592827,0.9812255501747131,0.5814347863197327,0.26101112365722656,-0.1739916056394577,0.9883571267127991,0.6912774443626404,0.5401465892791748,-0.004152690060436726,0.9828076362609863,0.5853981375694275,0.2623594403266907,-0.16461984813213348,0.9865586757659912,0.6851457357406616,0.5335363149642944,0.01878402568399906,0.9791683554649353,0.5816434025764465,0.2652764618396759,-0.14516739547252655,0.9757565259933472,0.587192177772522,0.6110888719558716,0.007466586772352457,0.9999889135360718,0.5490367412567139,0.6298291683197021,-0.007776333950459957,0.9999748468399048,0.6261684894561768,0.7285469770431519,-0.111724354326725,0.981386661529541,0.5146998167037964,0.740756630897522,-0.10229671746492386,0.9657170176506042,0.6783592700958252,0.8703444600105286,-0.16381531953811646,0.9848684668540955,0.5367372632026672,0.8794121146202087,-0.06306792795658112,0.9583086967468262,0.6840137839317322,0.9078208208084106,-0.17533500492572784,0.941128671169281,0.5463749170303345,0.902618944644928,-0.06403181701898575,0.8380272388458252,0.7156538367271423,0.8524726629257202,-0.2648012042045593,0.9817256331443787,0.5061008930206299,0.9169760346412659,-0.12669606506824493,0.9411423206329346
281,0.5693370699882507,0.3861757814884186,0.051117487251758575,0.9999939799308777,0.5682975649833679,0.37247776985168457,0.07144991308450699,0.9999895095825195,0.568694531917572,0.3730037808418274,0.07124366611242294,0.9999859929084778,0.5693308711051941,0.3735814094543457,0.07126367837190628,0.9999930262565613,0.5643532276153564,0.36913248896598816,0.05871899798512459,0.9999896287918091,0.5616108775138855,0.3677828907966614,0.05855424329638481,0.9999871850013733,0.5588074922561646,0.3664800822734833,0.05857374891638756,0.9999884963035583,0.5606219172477722,0.3746100962162018,0.14197784662246704,0.9999909996986389,0.5481125116348267,0.36742714047431946,0.08331647515296936,0.9999567866325378,0.5654974579811096,0.4000726342201233,0.07678262889385223,0.9999869465827942,0.5612936615943909,0.39799949526786804,0.058468546718358994,0.999981164932251,0.57508784532547,0.45197153091430664,0.14288212358951569,0.9999920725822449,0.5172348022460938,0.4284294545650482,0.06172329932451248,0.9999409914016724,0.6271272301673889,0.4975019693374634,0.13740913569927216,0.9663642644882202,0.5303712487220764,0.3295462131500244,-0.05650367960333824,0.9929793477058411,0.6810022592544556,0.5124509334564209,0.06764068454504013,0.9873286485671997,0.565295934677124,0.2600840628147125,-0.13224907219409943,0.9938805103302002,0.69326251745224,0.5362789034843445,0.058271635323762894,0.982241153717041,0.5773983597755432,0.2587965130805969,-0.16134700179100037,0.9881508350372314,0.6909122467041016,0.5387625694274902,0.03564932569861412,0.9837214350700378,0.5811511278152466,0.2601737976074219,-0.15120404958724976,0.9862657785415649,0.6850131154060364,0.5319783687591553,0.05701919272542,0.9801996350288391,0.577519416809082,0.26344215869903564,-0.13235080242156982,0.9755225777626038,0.5872754454612732,0.6102501749992371,0.004602115135639906,0.9999884963035583,0.5491179823875427,0.6297819018363953,-0.004942937754094601,0.9999729990959167,0.6261767148971558,0.7275831699371338,-0.1415277123451233,0.9826472997665405,0.5144420862197876,0.7391251921653748,-0.11463621258735657,0.963728666305542,0.6784433126449585,0.868788480758667,-0.20843349397182465,0.9855080842971802,0.5371952652931213,0.8789342045783997,-0.07385077327489853,0.9548956155776978,0.6842420697212219,0.9072926044464111,-0.22116129100322723,0.9440743327140808,0.5468583703041077,0.9024641513824463,-0.07432302087545395,0.838943600654602,0.7166454195976257,0.8504818677902222,-0.3117468059062958,0.9824307560920715,0.5065860152244568,0.9161481261253357,-0.1349121779203415,0.9375118017196655
282,0.5686102509498596,0.38609838485717773,0.04052112624049187,0.9999943375587463,0.5673482418060303,0.37243902683258057,0.05964087322354317,0.9999902248382568,0.5677553415298462,0.37292441725730896,0.059431735426187515,0.9999869465827942,0.5684053897857666,0.37347376346588135,0.05944863706827164,0.9999935030937195,0.5633410811424255,0.3691594898700714,0.046204935759305954,0.9999902844429016,0.5606673359870911,0.3678743243217468,0.04603791609406471,0.9999879598617554,0.5579478740692139,0.3666749596595764,0.046051811426877975,0.9999891519546509,0.5597922801971436,0.37459710240364075,0.1281171590089798,0.9999915957450867,0.5474414825439453,0.36777517199516296,0.06624351441860199,0.9999587535858154,0.564763605594635,0.4000457525253296,0.06587143242359161,0.999987781047821,0.5604745745658875,0.39807507395744324,0.04663334786891937,0.9999820590019226,0.5746783018112183,0.4519059956073761,0.13332673907279968,0.9999924898147583,0.5162723660469055,0.4297710359096527,0.045472558587789536,0.9999408721923828,0.6262351870536804,0.49607545137405396,0.13164931535720825,0.9661247730255127,0.5273337960243225,0.3292887806892395,-0.07273542881011963,0.9925278425216675,0.6805216670036316,0.5102106928825378,0.06362465769052505,0.9880160093307495,0.5619062781333923,0.25726044178009033,-0.1485341340303421,0.9936689138412476,0.6923586130142212,0.5336790680885315,0.05494949594140053,0.983089029788971,0.5746107697486877,0.25625720620155334,-0.17835183441638947,0.9879460334777832,0.6902446150779724,0.5358197689056396,0.03123653121292591,0.9844851493835449,0.5780560970306396,0.2577573359012604,-0.16800256073474884,0.9859684109687805,0.6846669316291809,0.529445230960846,0.0525997094810009,0.9810624122619629,0.5744259357452393,0.26079097390174866,-0.1485724002122879,0.9752314686775208,0.5873345136642456,0.610122799873352,0.004579582251608372,0.9999882578849792,0.5491983294487,0.6298224329948425,-0.004910407587885857,0.9999715089797974,0.6262525320053101,0.7271643280982971,-0.13317042589187622,0.9838017821311951,0.5137447118759155,0.7395458817481995,-0.11236659437417984,0.962120771408081,0.6786015033721924,0.8688022494316101,-0.19658146798610687,0.9862160086631775,0.5384373068809509,0.8784382939338684,-0.06371677666902542,0.9518702030181885,0.6848471760749817,0.9067965149879456,-0.20900951325893402,0.9468826055526733,0.5480521321296692,0.9011220335960388,-0.0633789449930191,0.8390055894851685,0.7166531085968018,0.851153552532196,-0.2988361120223999,0.9832238554954529,0.5073590278625488,0.9156599044799805,-0.12262323498725891,0.9343253374099731
283,0.5673810243606567,0.3859294056892395,0.049497708678245544,0.9999947547912598,0.5663138031959534,0.37224164605140686,0.06958878040313721,0.9999909400939941,0.566802978515625,0.3726925551891327,0.06937526911497116,0.9999878406524658,0.5675392150878906,0.3732261061668396,0.06940089166164398,0.9999939799308777,0.5621334314346313,0.3691229820251465,0.057119693607091904,0.9999909400939941,0.5593294501304626,0.3678719103336334,0.05695195496082306,0.9999887347221375,0.556505024433136,0.3666779100894928,0.0569707527756691,0.9999898076057434,0.5591811537742615,0.3745667338371277,0.14006094634532928,0.9999921321868896,0.5462318658828735,0.3679053783416748,0.08255774527788162,0.9999607801437378,0.5638870596885681,0.39994266629219055,0.07526959478855133,0.9999884963035583,0.5592835545539856,0.3979629874229431,0.05729193612933159,0.9999828338623047,0.5743049383163452,0.45181095600128174,0.1425069272518158,0.999992847442627,0.515234649181366,0.43046361207962036,0.06153584271669388,0.9999409317970276,0.6257687211036682,0.49462807178497314,0.13780194520950317,0.9653864502906799,0.5253633260726929,0.32839393615722656,-0.0531771294772625,0.9920244812965393,0.6802216172218323,0.5085585713386536,0.06728339940309525,0.9886379241943359,0.5581663250923157,0.2551630139350891,-0.12693250179290771,0.9936066269874573,0.6919304728507996,0.5324957370758057,0.057780928909778595,0.9838641285896301,0.5710867047309875,0.252069890499115,-0.1559707075357437,0.9879909753799438,0.6901160478591919,0.5341190099716187,0.034821707755327225,0.985174834728241,0.5746375322341919,0.2539437413215637,-0.14597436785697937,0.9859851598739624,0.6846017837524414,0.527554452419281,0.05646979436278343,0.981846034526825,0.5711452960968018,0.25758543610572815,-0.12712417542934418,0.975467324256897,0.5871666073799133,0.6085631847381592,0.003566577099263668,0.999987781047821,0.5492125749588013,0.62936931848526,-0.003913567401468754,0.9999695420265198,0.6262732148170471,0.7253119945526123,-0.12719467282295227,0.9848595261573792,0.5139238238334656,0.7393322587013245,-0.09925517439842224,0.9601808190345764,0.6785975694656372,0.8682183027267456,-0.19946154952049255,0.9869294166564941,0.5387929677963257,0.8778398036956787,-0.06281307339668274,0.9491100311279297,0.6850518584251404,0.9063284397125244,-0.2129746377468109,0.9498302936553955,0.5483919978141785,0.9004026651382446,-0.059347935020923615,0.8405061960220337,0.7170810103416443,0.8508515954017639,-0.3058403730392456,0.984024703502655,0.5076436400413513,0.914535403251648,-0.10819598287343979,0.9313249588012695
284,0.5660527944564819,0.38587990403175354,0.03809664398431778,0.9999949336051941,0.5651493668556213,0.37225720286369324,0.057528071105480194,0.9999912977218628,0.5656863451004028,0.3727036714553833,0.05730922520160675,0.9999882578849792,0.5664927959442139,0.37323659658432007,0.05733700841665268,0.9999942183494568,0.5608090162277222,0.3692460060119629,0.04569680243730545,0.9999911785125732,0.5578701496124268,0.3680766820907593,0.04552778974175453,0.9999889731407166,0.5549987554550171,0.3669511079788208,0.045538902282714844,0.9999899864196777,0.558236837387085,0.37478792667388916,0.12662741541862488,0.9999923706054688,0.5447970032691956,0.36841100454330444,0.0720067173242569,0.9999609589576721,0.56282639503479,0.3999251425266266,0.0635177344083786,0.9999887943267822,0.5581061840057373,0.39798998832702637,0.04633026197552681,0.9999827742576599,0.5739892721176147,0.45177382230758667,0.1298171430826187,0.9999929666519165,0.5144073963165283,0.4312637746334076,0.05528309568762779,0.9999388456344604,0.6252843141555786,0.4936535954475403,0.12320136278867722,0.9654547572135925,0.5227270722389221,0.327134907245636,-0.049772460013628006,0.9914835691452026,0.6800163388252258,0.5075089931488037,0.04970705509185791,0.9892561435699463,0.5532180070877075,0.2538606822490692,-0.1181262955069542,0.9936952590942383,0.6917852163314819,0.5312928557395935,0.039357807487249374,0.9846091270446777,0.5648826956748962,0.24903078377246857,-0.14685088396072388,0.9882326126098633,0.6901223063468933,0.5332667827606201,0.01596829853951931,0.9858403205871582,0.56866455078125,0.25090500712394714,-0.1384853720664978,0.9862571954727173,0.6846328377723694,0.5268608331680298,0.03864220902323723,0.9825941324234009,0.5655860900878906,0.25511428713798523,-0.1190122589468956,0.9761222004890442,0.5871075391769409,0.6083503365516663,0.0028636830393224955,0.9999867677688599,0.5493481755256653,0.6295191645622253,-0.003202025080099702,0.9999663829803467,0.6263198852539062,0.7253689169883728,-0.12118739634752274,0.9854068160057068,0.5140753388404846,0.7394910454750061,-0.0889129489660263,0.9573754668235779,0.6789644956588745,0.8683645725250244,-0.1544981449842453,0.9872296452522278,0.5390173196792603,0.8777557611465454,-0.047043245285749435,0.9458293318748474,0.6853616237640381,0.9061112403869629,-0.1659688800573349,0.9509586691856384,0.5485475063323975,0.9002943634986877,-0.04613789543509483,0.8399642109870911,0.7174775004386902,0.8511041402816772,-0.2549692988395691,0.9842419028282166,0.507927656173706,0.9143767952919006,-0.09563031792640686,0.9273777604103088
285,0.5648835301399231,0.38584616780281067,0.028603147715330124,0.9999949932098389,0.5638619065284729,0.3723190724849701,0.04776777699589729,0.9999914169311523,0.5643513202667236,0.37277036905288696,0.04754779115319252,0.9999883770942688,0.5651413202285767,0.3733166456222534,0.04758039861917496,0.9999943375587463,0.5596106052398682,0.3694330155849457,0.0355837419629097,0.9999911785125732,0.5566690564155579,0.3683098256587982,0.03541143611073494,0.999988853931427,0.5538270473480225,0.36718589067459106,0.03541423752903938,0.9999898672103882,0.5568258762359619,0.3751283288002014,0.11742731928825378,0.9999924898147583,0.5435312986373901,0.3686354458332062,0.06085072085261345,0.9999603629112244,0.5613569617271423,0.3999089002609253,0.05446646362543106,0.9999889135360718,0.5568551421165466,0.3979630470275879,0.036709800362586975,0.999982476234436,0.5738029479980469,0.45155462622642517,0.12453455477952957,0.999993085861206,0.5133415460586548,0.43185317516326904,0.0454413965344429,0.9999364018440247,0.6248751878738403,0.4926658272743225,0.12280690670013428,0.9660180807113647,0.5203085541725159,0.32560455799102783,-0.05228181928396225,0.9907931089401245,0.6800050735473633,0.5060254335403442,0.05274685472249985,0.9898820519447327,0.549326479434967,0.25121068954467773,-0.11508043110370636,0.9936957359313965,0.6916791200637817,0.5299630165100098,0.04307865351438522,0.9853740334510803,0.5604155659675598,0.2453480213880539,-0.1444467455148697,0.9882983565330505,0.6902216672897339,0.5318562388420105,0.01915152184665203,0.9865323305130005,0.5644136667251587,0.24724239110946655,-0.13614843785762787,0.9863336086273193,0.6847965717315674,0.5254013538360596,0.04162700101733208,0.9833722114562988,0.5615823864936829,0.2518945336341858,-0.11598909646272659,0.9764429926872253,0.5871178507804871,0.6082060933113098,0.003737713908776641,0.9999861717224121,0.5495191812515259,0.6295329332351685,-0.004066898487508297,0.9999645948410034,0.6267334818840027,0.7254502177238464,-0.06641913205385208,0.9857880473136902,0.5141622424125671,0.7395790815353394,-0.09033041447401047,0.9570654630661011,0.6789971590042114,0.8684107661247253,-0.0851035937666893,0.9874861240386963,0.5397660732269287,0.8757520914077759,-0.040743812918663025,0.9448248744010925,0.6853624582290649,0.9055660367012024,-0.09325147420167923,0.9515352249145508,0.5498563051223755,0.8956857919692993,-0.038801901042461395,0.8409100770950317,0.7179697751998901,0.8513739109039307,-0.18032655119895935,0.9843384623527527,0.5094955563545227,0.913877010345459,-0.09459151327610016,0.9259198904037476
286,0.5639750361442566,0.3858337104320526,0.0379374735057354,0.9999951720237732,0.5626981258392334,0.3723907470703125,0.05821932852268219,0.9999917149543762,0.5631303787231445,0.37281903624534607,0.05799550563097,0.9999887347221375,0.563883900642395,0.3733506202697754,0.05803106725215912,0.9999945759773254,0.5586490631103516,0.36972227692604065,0.04593686759471893,0.9999913573265076,0.5556928515434265,0.36867499351501465,0.04576518386602402,0.9999890327453613,0.552888810634613,0.36761194467544556,0.04576864466071129,0.9999900460243225,0.5554907917976379,0.3752743899822235,0.13024882972240448,0.9999927878379822,0.5426803827285767,0.36903828382492065,0.07336001843214035,0.9999608993530273,0.560550332069397,0.3998948931694031,0.06450305134057999,0.9999893307685852,0.5562546253204346,0.3979993462562561,0.04665239155292511,0.9999827742576599,0.5735375285148621,0.4510446786880493,0.1351449340581894,0.9999932646751404,0.5125695466995239,0.43312349915504456,0.059588704258203506,0.999934196472168,0.6244772672653198,0.4916135370731354,0.13715408742427826,0.9671750664710999,0.5175386667251587,0.3258044719696045,-0.033601704984903336,0.9904483556747437,0.6799973249435425,0.5052856206893921,0.06990082561969757,0.9906005859375,0.5446262359619141,0.24993300437927246,-0.0925227627158165,0.9938339591026306,0.6914854049682617,0.5290985703468323,0.06054799258708954,0.9862926006317139,0.5552279353141785,0.24236537516117096,-0.1206727996468544,0.988588809967041,0.6903999447822571,0.5313712358474731,0.03685156628489494,0.9873715043067932,0.5593835711479187,0.24386964738368988,-0.11217989772558212,0.9866690635681152,0.6849222779273987,0.5248763561248779,0.058923304080963135,0.9843596816062927,0.5566630959510803,0.24877870082855225,-0.09323760867118835,0.9771808385848999,0.5873976349830627,0.608238935470581,0.004167648497968912,0.9999854564666748,0.5502715706825256,0.6295242309570312,-0.004486249294131994,0.9999623894691467,0.6276140809059143,0.7270482182502747,-0.06907662749290466,0.9864634871482849,0.5158334970474243,0.739769458770752,-0.08520760387182236,0.9570232629776001,0.6793984174728394,0.8684467077255249,-0.08970955014228821,0.9877675771713257,0.5399446487426758,0.875698983669281,-0.01650635153055191,0.9442641139030457,0.6858553290367126,0.9052727222442627,-0.09779375046491623,0.952221691608429,0.5498010516166687,0.895957350730896,-0.013885571621358395,0.8424947261810303,0.718027651309967,0.8515469431877136,-0.18601100146770477,0.9844875335693359,0.5100753307342529,0.9128784537315369,-0.0752490758895874,0.9247836470603943
287,0.5628213286399841,0.3860622048377991,0.03748925402760506,0.9999955296516418,0.5614416003227234,0.3724330961704254,0.058888357132673264,0.999992311000824,0.5619404911994934,0.37282899022102356,0.05866853520274162,0.9999895095825195,0.5627790093421936,0.37334969639778137,0.058705929666757584,0.9999949336051941,0.5574253797531128,0.37006527185440063,0.047183211892843246,0.9999919533729553,0.5543744564056396,0.36913639307022095,0.04700668156147003,0.9999897480010986,0.5515012741088867,0.36819106340408325,0.04701836034655571,0.9999906420707703,0.5547793507575989,0.3756510019302368,0.13596592843532562,0.9999932646751404,0.5411338210105896,0.36978617310523987,0.0819087028503418,0.999963104724884,0.5597133636474609,0.39994072914123535,0.06572680175304413,0.9999899864196777,0.5554360747337341,0.3983033299446106,0.04863546043634415,0.9999836683273315,0.5731457471847534,0.4506913721561432,0.1405332386493683,0.9999935030937195,0.5117425918579102,0.4358316957950592,0.07508871704339981,0.9999334812164307,0.6241263747215271,0.4903479218482971,0.14562386274337769,0.968180775642395,0.5148082971572876,0.32593029737472534,-0.012079926207661629,0.9900609850883484,0.6797440052032471,0.5037376284599304,0.08482110500335693,0.99127197265625,0.5403931736946106,0.2479810118675232,-0.06916587799787521,0.994015097618103,0.6910151243209839,0.5274961590766907,0.07648229598999023,0.9871819019317627,0.5512619614601135,0.2397264540195465,-0.09546639025211334,0.9890325665473938,0.690281093120575,0.5298451781272888,0.052974119782447815,0.9881868958473206,0.5554376840591431,0.24103939533233643,-0.08758983016014099,0.9871905446052551,0.684886634349823,0.5232437252998352,0.0741928443312645,0.9853454828262329,0.5527137517929077,0.24591030180454254,-0.06996341049671173,0.9782291054725647,0.5873964428901672,0.6080000400543213,0.0015757833607494831,0.9999843239784241,0.550191342830658,0.6295623779296875,-0.0018972608959302306,0.9999589920043945,0.6276862025260925,0.7265401482582092,-0.10508563369512558,0.9874138832092285,0.5158191323280334,0.7399150729179382,-0.08857335895299911,0.9579541087150574,0.6797932982444763,0.8685078620910645,-0.15191353857517242,0.9883600473403931,0.5398960709571838,0.8750811815261841,-0.021049242466688156,0.9444525241851807,0.6858730912208557,0.9047987461090088,-0.16240949928760529,0.954090416431427,0.5499264597892761,0.8946645855903625,-0.019081484526395798,0.8454168438911438,0.7186889052391052,0.8501713275909424,-0.2544739544391632,0.985124409198761,0.5107815265655518,0.9124423265457153,-0.08088263124227524,0.9248185753822327
288,0.5609303712844849,0.38604938983917236,0.030017293989658356,0.9999958276748657,0.5601174831390381,0.3724864423274994,0.050514884293079376,0.999992847442627,0.5607806444168091,0.3728804290294647,0.050294797867536545,0.9999902248382568,0.5617638826370239,0.37338683009147644,0.05032922327518463,0.9999952912330627,0.5555978417396545,0.3702227771282196,0.038868244737386703,0.9999924898147583,0.5525234937667847,0.3693823516368866,0.03869154676795006,0.9999904036521912,0.5496167540550232,0.3685241639614105,0.038700465112924576,0.999991238117218,0.5544079542160034,0.37626948952674866,0.12807835638523102,0.9999937415122986,0.5392763614654541,0.3700944185256958,0.07654090225696564,0.999965250492096,0.5586739778518677,0.39995089173316956,0.05774359777569771,0.9999906420707703,0.5538742542266846,0.398288369178772,0.040754806250333786,0.9999845623970032,0.5727919340133667,0.45021331310272217,0.13496007025241852,0.9999936819076538,0.5110498070716858,0.4375476539134979,0.07284273207187653,0.9999327063560486,0.6237054467201233,0.4893937408924103,0.14000873267650604,0.9691207408905029,0.5119743943214417,0.3265646994113922,-0.017433971166610718,0.9896683096885681,0.6796033382415771,0.5022898316383362,0.08066753298044205,0.9918789267539978,0.5370774865150452,0.24635519087314606,-0.08149965107440948,0.9941880702972412,0.6908824443817139,0.5269443988800049,0.07214829325675964,0.9879876375198364,0.548279881477356,0.23780664801597595,-0.10908491164445877,0.9894401431083679,0.6901877522468567,0.5291458964347839,0.04857725650072098,0.9889262318611145,0.5525941252708435,0.23921729624271393,-0.10103955864906311,0.9876716732978821,0.6847847700119019,0.5221381187438965,0.0701005756855011,0.9862307906150818,0.5498141050338745,0.24411514401435852,-0.0824517235159874,0.9791919589042664,0.5874031186103821,0.6071733236312866,0.00033408388844691217,0.9999833703041077,0.5502849817276001,0.6292415261268616,-0.0006527555524371564,0.999956488609314,0.6277271509170532,0.7261239886283875,-0.10300089418888092,0.9882358312606812,0.5158093571662903,0.739963948726654,-0.09643153101205826,0.9591989517211914,0.6803616285324097,0.868543267250061,-0.14408396184444427,0.988942563533783,0.5401307344436646,0.8752360343933105,-0.03930799663066864,0.9460287094116211,0.6863270998001099,0.9045557975769043,-0.15412257611751556,0.9559051394462585,0.5503677725791931,0.8949456214904785,-0.038431648164987564,0.8506088852882385,0.7188800573348999,0.8502484560012817,-0.24610893428325653,0.9857589602470398,0.5110082030296326,0.9124771952629089,-0.10434767603874207,0.9268209338188171
289,0.5607522130012512,0.3860343396663666,0.008673193864524364,0.9999955296516418,0.559032142162323,0.3724666237831116,0.02741817571222782,0.9999922513961792,0.5593929886817932,0.3728126287460327,0.02717893011868,0.9999894499778748,0.5600468516349792,0.37323662638664246,0.02719932422041893,0.9999949932098389,0.5551861524581909,0.37030866742134094,0.01622622273862362,0.9999917149543762,0.5521313548088074,0.36957022547721863,0.016043109819293022,0.9999893307685852,0.5492059588432312,0.3688781261444092,0.016039928421378136,0.9999902844429016,0.5513182282447815,0.3762579560279846,0.09815992414951324,0.9999932646751404,0.5386863946914673,0.37096378207206726,0.047898367047309875,0.9999600052833557,0.5581583380699158,0.3999449908733368,0.035024095326662064,0.9999902248382568,0.5538519620895386,0.3983171284198761,0.018828295171260834,0.9999833703041077,0.57242751121521,0.4491051435470581,0.10272567719221115,0.9999937415122986,0.5100774168968201,0.4383334517478943,0.05320759490132332,0.9999297857284546,0.6236618757247925,0.4881383180618286,0.1072191521525383,0.9675102233886719,0.5093675851821899,0.32672059535980225,-0.03154332563281059,0.9888175129890442,0.6794590353965759,0.5011879801750183,0.04506673663854599,0.9917402863502502,0.5336390733718872,0.2448110282421112,-0.10937293618917465,0.9939506649971008,0.6906387209892273,0.525678277015686,0.03448786959052086,0.9875925779342651,0.5445627570152283,0.23544302582740784,-0.13784737884998322,0.9891003370285034,0.6901918649673462,0.5285061001777649,0.009997774846851826,0.9885733127593994,0.5487937331199646,0.23600435256958008,-0.13378404080867767,0.9872881770133972,0.684800922870636,0.5213161706924438,0.03390689194202423,0.9857770800590515,0.5460572838783264,0.24113775789737701,-0.1127428337931633,0.9788117408752441,0.5874491333961487,0.6062955856323242,-0.0022804772015661,0.9999814629554749,0.5508037209510803,0.6290158629417419,0.0019500114722177386,0.9999515414237976,0.627787172794342,0.7254992723464966,-0.1120542511343956,0.9881724715232849,0.5176795721054077,0.7400379180908203,-0.05150098726153374,0.9483640193939209,0.6810300350189209,0.8683077096939087,-0.16222204267978668,0.9883753657341003,0.540278971195221,0.8761053681373596,0.021921765059232712,0.9399484395980835,0.6863582730293274,0.9035340547561646,-0.17339485883712769,0.9541075825691223,0.550639808177948,0.895530641078949,0.02405993826687336,0.8405548930168152,0.7187480330467224,0.850384533405304,-0.2690955400466919,0.9851366281509399,0.5109036564826965,0.9125580191612244,-0.04033868759870529,0.9186875820159912
290,0.5599932074546814,0.38533443212509155,-0.02872728928923607,0.999995231628418,0.5581110119819641,0.37176454067230225,-0.009011118672788143,0.9999916553497314,0.5584753751754761,0.3721185326576233,-0.009258742444217205,0.9999886155128479,0.5591079592704773,0.37251386046409607,-0.00923443678766489,0.9999946355819702,0.5542331337928772,0.3697994649410248,-0.019657205790281296,0.9999909400939941,0.5510692596435547,0.36915814876556396,-0.01984238810837269,0.9999882578849792,0.5480059385299683,0.3686245381832123,-0.019857557490468025,0.9999892711639404,0.5505343079566956,0.37602555751800537,0.06920589506626129,0.9999927878379822,0.5376406908035278,0.37092944979667664,0.020281430333852768,0.9999552369117737,0.5572581887245178,0.3995230793952942,0.0007129510631784797,0.9999896287918091,0.552970290184021,0.39789193868637085,-0.01490757241845131,0.9999818801879883,0.5718949437141418,0.4487285614013672,0.08041560649871826,0.9999935626983643,0.5090926885604858,0.4390888214111328,0.03003680892288685,0.9999217391014099,0.6237102150917053,0.4871549904346466,0.08712726086378098,0.9680460095405579,0.5066355466842651,0.3283435106277466,-0.06168030574917793,0.9883752465248108,0.6795287728309631,0.4997793138027191,0.0240313783288002,0.9919573664665222,0.528052568435669,0.2445748746395111,-0.14453791081905365,0.9939086437225342,0.6907683610916138,0.5241766571998596,0.012852149084210396,0.9877225160598755,0.5395234227180481,0.2343386858701706,-0.17602697014808655,0.9890113472938538,0.6902235150337219,0.5276702046394348,-0.011692460626363754,0.9886877536773682,0.5437303185462952,0.23513157665729523,-0.17041417956352234,0.9872094392776489,0.6848198771476746,0.5203931927680969,0.0129257095977664,0.9858644008636475,0.5407844185829163,0.24048137664794922,-0.1472800225019455,0.9789053201675415,0.5874742269515991,0.606334388256073,-0.002867215545848012,0.9999791979789734,0.5511518120765686,0.6290427446365356,0.002559274435043335,0.999946117401123,0.6306172013282776,0.7276484370231628,-0.08531951159238815,0.9881163835525513,0.5182507634162903,0.7400977611541748,-0.06036192923784256,0.9445132613182068,0.681697428226471,0.8683405518531799,-0.0865696370601654,0.9879757761955261,0.5404762029647827,0.8764491677284241,0.025680122897028923,0.9373039603233337,0.6863409876823425,0.9031732082366943,-0.09273717552423477,0.9510926604270935,0.5507621765136719,0.8955767154693604,0.029452551156282425,0.8361680507659912,0.7187369465827942,0.8505954146385193,-0.18415994942188263,0.9842081665992737,0.5109277963638306,0.9126207232475281,-0.03501037135720253,0.9145405888557434
291,0.5593101978302002,0.38460612297058105,-0.04283631592988968,0.999993622303009,0.5570859909057617,0.37089329957962036,-0.024707484990358353,0.9999884366989136,0.5574156641960144,0.37109753489494324,-0.024963676929473877,0.9999845623970032,0.5580065250396729,0.3713008463382721,-0.024946177378296852,0.9999927878379822,0.5534136891365051,0.3693060874938965,-0.03441156819462776,0.9999870657920837,0.550338089466095,0.3687892258167267,-0.034595929086208344,0.9999832510948181,0.5473726391792297,0.368423730134964,-0.034617189317941666,0.999984622001648,0.5492544174194336,0.37547752261161804,0.049359697848558426,0.9999906420707703,0.5372930765151978,0.37092214822769165,0.0049916780553758144,0.999936044216156,0.5566637516021729,0.39885038137435913,-0.014585578814148903,0.9999872446060181,0.5525980591773987,0.39739564061164856,-0.028899801895022392,0.9999766945838928,0.5713217258453369,0.44805383682250977,0.05993594229221344,0.9999932646751404,0.5083661079406738,0.4389626383781433,0.018771082162857056,0.999908983707428,0.6231268644332886,0.4863593876361847,0.06462925672531128,0.9687135815620422,0.5047177672386169,0.329189658164978,-0.0702444314956665,0.9877418279647827,0.6795818209648132,0.4987146556377411,-0.0016199593665078282,0.99213045835495,0.5239207744598389,0.24369575083255768,-0.15141518414020538,0.993851900100708,0.6908524036407471,0.5237855315208435,-0.014203095808625221,0.9877405762672424,0.5357606410980225,0.23263075947761536,-0.1827988177537918,0.9889180064201355,0.6902366280555725,0.5273953080177307,-0.038733672350645065,0.9887019395828247,0.5395596027374268,0.23343698680400848,-0.17806203663349152,0.987142026424408,0.6848616003990173,0.5200970768928528,-0.01277051493525505,0.985800564289093,0.5365309119224548,0.23892678320407867,-0.15442176163196564,0.9789981245994568,0.5875282883644104,0.6061829328536987,-0.005578668788075447,0.9999757409095764,0.5512894988059998,0.6287760734558105,0.005288330372422934,0.9999370574951172,0.6317058205604553,0.7284859418869019,-0.08208431303501129,0.9872531294822693,0.5186642408370972,0.7402538657188416,-0.05354136601090431,0.9353662133216858,0.682511568069458,0.8684275150299072,-0.0809999406337738,0.9866655468940735,0.5405828952789307,0.8769203424453735,0.032668229192495346,0.9309806823730469,0.6866398453712463,0.903188943862915,-0.0870581641793251,0.9438989758491516,0.5508235692977905,0.8957077860832214,0.036247868090867996,0.8246932625770569,0.7186968922615051,0.8512099385261536,-0.1788812130689621,0.9820383191108704,0.5109943747520447,0.9126547574996948,-0.028903577476739883,0.9061320424079895
292,0.5590325593948364,0.3840288519859314,-0.034967921674251556,0.9999914765357971,0.556308388710022,0.37051787972450256,-0.01724533550441265,0.999984622001648,0.556545615196228,0.3707577586174011,-0.017503295093774796,0.9999798536300659,0.5570307374000549,0.37099000811576843,-0.017492586746811867,0.9999907612800598,0.5528489351272583,0.3691006898880005,-0.027296626940369606,0.9999825358390808,0.5498422384262085,0.3686799705028534,-0.02748056687414646,0.9999773502349854,0.5469850897789001,0.36838144063949585,-0.027498161420226097,0.9999793767929077,0.5478191375732422,0.3754546344280243,0.05394216999411583,0.9999881982803345,0.536791980266571,0.37101468443870544,0.008329459466040134,0.9999122023582458,0.5563884377479553,0.3984895944595337,-0.007795288227498531,0.9999849200248718,0.5525442361831665,0.3970274329185486,-0.0224625151604414,0.9999716281890869,0.5707274675369263,0.44767919182777405,0.06224483996629715,0.9999931454658508,0.5076383948326111,0.43881937861442566,0.020494041964411736,0.9999008774757385,0.6214631199836731,0.48548832535743713,0.06947171688079834,0.9677149653434753,0.5022431015968323,0.3304204046726227,-0.07096906751394272,0.9868723750114441,0.6790600419044495,0.4966195523738861,0.006546556483954191,0.9921237230300903,0.5192583799362183,0.24299968779087067,-0.15348288416862488,0.9937516450881958,0.6903392672538757,0.5191357731819153,-0.005501834210008383,0.9874992370605469,0.529969334602356,0.23046475648880005,-0.1843346655368805,0.9887957572937012,0.6901931166648865,0.5225371718406677,-0.03007429465651512,0.9884874224662781,0.5345215201377869,0.23074254393577576,-0.17988209426403046,0.987042248249054,0.6847684383392334,0.5158316493034363,-0.004616632126271725,0.9854642152786255,0.5319817066192627,0.23660114407539368,-0.15659679472446442,0.978987991809845,0.5874581933021545,0.6036689281463623,-0.008172408677637577,0.9999726414680481,0.5512651205062866,0.6261608600616455,0.007873964495956898,0.9999281167984009,0.6316568851470947,0.7264376282691956,-0.10699478536844254,0.9866625666618347,0.5193349123001099,0.7402427792549133,-0.0397026389837265,0.9186064600944519,0.6827020645141602,0.8678149580955505,-0.12734505534172058,0.9858638048171997,0.5418012738227844,0.8752256631851196,0.05228905379772186,0.9213308095932007,0.6868327856063843,0.9029821753501892,-0.13573971390724182,0.9386060237884521,0.5522977113723755,0.8930327892303467,0.05629706755280495,0.8081849217414856,0.717819094657898,0.852587103843689,-0.23679549992084503,0.9808518290519714,0.5117443799972534,0.91169673204422,-0.00928780622780323,0.8947746753692627
293,0.5580584406852722,0.3835747241973877,-0.08590356260538101,0.9999880790710449,0.5550974011421204,0.36981847882270813,-0.06884407997131348,0.9999780058860779,0.5554332733154297,0.3700258135795593,-0.06912322342395782,0.9999719858169556,0.5560054183006287,0.37019139528274536,-0.06911473721265793,0.9999870657920837,0.5512669682502747,0.36873388290405273,-0.0755392536520958,0.9999740719795227,0.5481842756271362,0.3684776723384857,-0.07572831213474274,0.9999668598175049,0.545424222946167,0.3682931661605835,-0.07575336843729019,0.9999691247940063,0.5470930933952332,0.37542715668678284,0.008695869706571102,0.9999834895133972,0.5354989767074585,0.3712654113769531,-0.02169049344956875,0.9998622536659241,0.5559266805648804,0.3975345194339752,-0.05577487871050835,0.9999790787696838,0.5519238710403442,0.39682692289352417,-0.06602784246206284,0.999958872795105,0.5704250335693359,0.4467208981513977,0.020069357007741928,0.9999924898147583,0.5074449181556702,0.43934768438339233,0.014997952617704868,0.9998800754547119,0.6206106543540955,0.48397114872932434,0.026504406705498695,0.9680759906768799,0.499996155500412,0.3319794237613678,-0.06611074507236481,0.9853119850158691,0.678598940372467,0.49421805143356323,-0.03506958857178688,0.992189347743988,0.5152793526649475,0.24312736093997955,-0.14889836311340332,0.9934524893760681,0.6901271939277649,0.5156832337379456,-0.05016995221376419,0.9873289465904236,0.5254684090614319,0.2305590808391571,-0.17931194603443146,0.9884206056594849,0.690125584602356,0.5189120173454285,-0.07403811812400818,0.988355278968811,0.5298952460289001,0.2305901199579239,-0.17567287385463715,0.9867251515388489,0.6846506595611572,0.5125632286071777,-0.04579991102218628,0.9852150678634644,0.5274707674980164,0.23661406338214874,-0.15218345820903778,0.9787635207176208,0.5874627828598022,0.6036994457244873,-0.017642337828874588,0.9999658465385437,0.5513156652450562,0.6253725290298462,0.017366867512464523,0.9999096989631653,0.6315416097640991,0.7261985540390015,-0.11413049697875977,0.9860368371009827,0.5195029973983765,0.7402577996253967,-0.013459066860377789,0.9013254046440125,0.6838523745536804,0.8669729828834534,-0.1282028704881668,0.9852958917617798,0.5425514578819275,0.8738226890563965,0.09060171991586685,0.914217472076416,0.6880931854248047,0.9029752016067505,-0.13617968559265137,0.9332579970359802,0.5533393621444702,0.8906501531600952,0.0954657569527626,0.7946548461914062,0.7180367112159729,0.8524233102798462,-0.24058789014816284,0.9799365997314453,0.5122606754302979,0.9110531210899353,0.025115523487329483,0.8859051465988159
294,0.557359516620636,0.3816722333431244,-0.084481380879879,0.9999849200248718,0.5542053580284119,0.36845725774765015,-0.06785663217306137,0.9999712705612183,0.5545213222503662,0.3686937689781189,-0.06813973933458328,0.99996417760849,0.555060088634491,0.36889100074768066,-0.06813377887010574,0.9999836087226868,0.5503371953964233,0.36769017577171326,-0.07573981583118439,0.999965250492096,0.5472363829612732,0.36768803000450134,-0.0759292021393776,0.9999557137489319,0.544544517993927,0.3676736056804657,-0.07595667243003845,0.9999586939811707,0.5459821820259094,0.3749980032444,0.006969759240746498,0.9999790787696838,0.5344094038009644,0.37120917439460754,-0.028315113857388496,0.9998106360435486,0.5554846525192261,0.39591488242149353,-0.05525900423526764,0.9999741315841675,0.5513854622840881,0.3954436182975769,-0.06698815524578094,0.9999473690986633,0.5700508952140808,0.4458310604095459,0.0191984660923481,0.9999921917915344,0.5069321393966675,0.4394250810146332,0.0054631042294204235,0.999861478805542,0.62074214220047,0.48275044560432434,0.02853657491505146,0.9682255387306213,0.49789562821388245,0.33301177620887756,-0.07149770855903625,0.9838840365409851,0.6789897084236145,0.49346300959587097,-0.03379140794277191,0.9921642541885376,0.5118468999862671,0.24326525628566742,-0.15328659117221832,0.9928929805755615,0.6903864741325378,0.516113817691803,-0.04882984235882759,0.9869939088821411,0.5221443772315979,0.229569673538208,-0.18322841823101044,0.9875324368476868,0.6902435421943665,0.5196300745010376,-0.07342914491891861,0.9880620837211609,0.5260966420173645,0.229387566447258,-0.18143974244594574,0.9858227968215942,0.6848001480102539,0.5132221579551697,-0.044896919280290604,0.9847818613052368,0.5237990021705627,0.23554128408432007,-0.15742632746696472,0.9776721596717834,0.587702751159668,0.6038022637367249,-0.01694977656006813,0.9999593496322632,0.5514751672744751,0.6252477169036865,0.01666618511080742,0.9998892545700073,0.6314752697944641,0.7267175912857056,-0.10914361476898193,0.9847585558891296,0.5197858214378357,0.7405398488044739,0.000699956901371479,0.8742120862007141,0.6853864789009094,0.8673354387283325,-0.12656687200069427,0.9839028716087341,0.5424430966377258,0.8739679455757141,0.11080250889062881,0.8983840942382812,0.6893150806427002,0.9034612774848938,-0.13478663563728333,0.9255831241607666,0.5532993674278259,0.8912292718887329,0.11632135510444641,0.7707924246788025,0.7186486721038818,0.8502458930015564,-0.237936332821846,0.9779959321022034,0.5123768448829651,0.9105409979820251,0.05031279847025871,0.8676241040229797
295,0.5571245551109314,0.3814410865306854,-0.05613366514444351,0.9999855756759644,0.5536290407180786,0.3681625723838806,-0.03780214488506317,0.9999726414680481,0.5538155436515808,0.3683212101459503,-0.03806167468428612,0.9999658465385437,0.5542458891868591,0.36846908926963806,-0.03804589807987213,0.9999843835830688,0.5499354004859924,0.36764800548553467,-0.047528430819511414,0.9999670386314392,0.5467545390129089,0.3676794767379761,-0.0477166548371315,0.9999579787254333,0.5439574718475342,0.36767643690109253,-0.047737374901771545,0.9999608397483826,0.5447848439216614,0.37493422627449036,0.028748972341418266,0.9999800324440002,0.5330474972724915,0.3713005483150482,-0.0065730540081858635,0.9998213648796082,0.5550680756568909,0.3953608274459839,-0.02714199759066105,0.9999752640724182,0.5510427355766296,0.39531952142715454,-0.04131937772035599,0.9999497532844543,0.5695608258247375,0.4456668496131897,0.062047190964221954,0.9999921321868896,0.5066137909889221,0.44004958868026733,0.011848557740449905,0.9998602271080017,0.6209310293197632,0.48205989599227905,0.1004217118024826,0.9684543013572693,0.49589380621910095,0.33659934997558594,-0.07097756862640381,0.9844481348991394,0.6790498495101929,0.4931047856807709,0.052837397903203964,0.9925464987754822,0.5079665780067444,0.24333660304546356,-0.1523757427930832,0.9932360649108887,0.6904561519622803,0.5162324905395508,0.04535945504903793,0.9875169992446899,0.517068088054657,0.2303757518529892,-0.1814965158700943,0.9880618453025818,0.6904735565185547,0.5195302367210388,0.018155217170715332,0.9885475039482117,0.5211172699928284,0.22965499758720398,-0.18080435693264008,0.9864240884780884,0.6850215792655945,0.5130093097686768,0.04116475582122803,0.9854080677032471,0.519336998462677,0.23622611165046692,-0.1572670340538025,0.9786651134490967,0.5877267718315125,0.603900671005249,-0.006793001666665077,0.9999570250511169,0.5513182282447815,0.6252859234809875,0.006533863954246044,0.9998829960823059,0.6326612234115601,0.7272439002990723,-0.10656777024269104,0.9855358600616455,0.519823431968689,0.7406507134437561,-0.04892677441239357,0.8781057596206665,0.6857129335403442,0.8664798140525818,-0.11553401499986649,0.9844889640808105,0.5424776077270508,0.8737537264823914,0.06722952425479889,0.8972606062889099,0.6895453929901123,0.9031599760055542,-0.1224934533238411,0.9272462725639343,0.5531628727912903,0.8896343111991882,0.07323481142520905,0.7664222121238708,0.7188829779624939,0.8503333926200867,-0.22506536543369293,0.978623628616333,0.5132394433021545,0.9102402925491333,0.008884157054126263,0.8658580780029297
296,0.5561971664428711,0.38087546825408936,-0.08811511099338531,0.9999856352806091,0.5527423620223999,0.36783671379089355,-0.06895896792411804,0.999972939491272,0.5529861450195312,0.36802026629447937,-0.06922869384288788,0.9999662637710571,0.5534510016441345,0.3682025372982025,-0.06920225918292999,0.9999845027923584,0.5484935641288757,0.36748987436294556,-0.0788908302783966,0.9999674558639526,0.5455471873283386,0.3675639033317566,-0.079095259308815,0.9999585747718811,0.5427792072296143,0.36761513352394104,-0.07913611084222794,0.9999613761901855,0.5439325571060181,0.3749193847179413,0.014412789605557919,0.9999802112579346,0.5321428775787354,0.37137606739997864,-0.029701143503189087,0.999825119972229,0.5539693832397461,0.39507874846458435,-0.05545235425233841,0.9999753832817078,0.5499274134635925,0.3948850929737091,-0.06995400786399841,0.9999499917030334,0.5687107443809509,0.4449021816253662,0.043465640395879745,0.9999918341636658,0.506054699420929,0.44053348898887634,-0.002422248711809516,0.9998528361320496,0.6207281351089478,0.4812532067298889,0.07524887472391129,0.9691411256790161,0.49389418959617615,0.3368511199951172,-0.07833059132099152,0.9849868416786194,0.6790880560874939,0.492625892162323,0.028046637773513794,0.9928206205368042,0.5054606795310974,0.2437792718410492,-0.1553514003753662,0.9934907555580139,0.6905057430267334,0.5154857635498047,0.019105760380625725,0.9878146648406982,0.5144826769828796,0.23011884093284607,-0.185875803232193,0.9884084463119507,0.690496027469635,0.5183840990066528,-0.010767444036900997,0.98883056640625,0.5184959769248962,0.2285098433494568,-0.18309351801872253,0.9868399500846863,0.6850821375846863,0.5119245648384094,0.015574050135910511,0.9857678413391113,0.5170344710350037,0.2351323813199997,-0.1590474396944046,0.9794065952301025,0.5879813432693481,0.6041820049285889,-0.006750637199729681,0.9999520182609558,0.5514382719993591,0.6256689429283142,0.006490700412541628,0.9998707175254822,0.6336895227432251,0.729909360408783,-0.09918742626905441,0.9859726428985596,0.5198304057121277,0.7418062686920166,-0.0368371419608593,0.8782339692115784,0.6861051321029663,0.8673587441444397,-0.09727074950933456,0.984732985496521,0.5424211621284485,0.8737797737121582,0.0995933935046196,0.8943541646003723,0.6902384161949158,0.9039267897605896,-0.10357026010751724,0.9264178276062012,0.5530486702919006,0.8885247707366943,0.10828065127134323,0.7591532468795776,0.7188957333564758,0.8499151468276978,-0.20842790603637695,0.9788047075271606,0.5136500000953674,0.9101650714874268,0.043357789516448975,0.861868143081665
297,0.5555918216705322,0.37841516733169556,-0.07153668254613876,0.9999849200248718,0.5519077181816101,0.36631834506988525,-0.05269547924399376,0.999971866607666,0.5522028207778931,0.3666503429412842,-0.05297272279858589,0.9999651908874512,0.5527034997940063,0.3669571876525879,-0.05295431986451149,0.9999839663505554,0.5474128723144531,0.36625438928604126,-0.06053042784333229,0.9999659061431885,0.5444304347038269,0.3664657175540924,-0.060727719217538834,0.9999566078186035,0.5415593385696411,0.3666858673095703,-0.0607571117579937,0.9999592900276184,0.543483555316925,0.3746846616268158,0.027512649074196815,0.9999796152114868,0.531229555606842,0.37135663628578186,-0.015676138922572136,0.9998149871826172,0.5534994602203369,0.3935232162475586,-0.040726181119680405,0.9999743700027466,0.5493523478507996,0.3927696645259857,-0.05260254815220833,0.999947190284729,0.5685807466506958,0.444399356842041,0.04097970202565193,0.9999917149543762,0.5056860446929932,0.4411862790584564,0.03177283704280853,0.9998393654823303,0.6203797459602356,0.4807857871055603,0.06103622168302536,0.9699283838272095,0.4927305579185486,0.3372683823108673,-0.027995524927973747,0.9839029908180237,0.678977906703949,0.4917139708995819,0.013551410287618637,0.9930696487426758,0.5020901560783386,0.24395641684532166,-0.10098343342542648,0.993272066116333,0.6905248761177063,0.51413494348526,0.002035557059571147,0.9880439639091492,0.5096434354782104,0.22979770600795746,-0.1271643042564392,0.9881340265274048,0.6905087232589722,0.5169334411621094,-0.02323133684694767,0.9890455007553101,0.5137638449668884,0.22734461724758148,-0.12671154737472534,0.9865986704826355,0.6850979924201965,0.5104629993438721,0.0029005573596805334,0.9860239624977112,0.5128439664840698,0.23429487645626068,-0.10554550588130951,0.9793375730514526,0.587988018989563,0.6036219000816345,-0.01696089096367359,0.9999485015869141,0.5515615940093994,0.6248852014541626,0.016682500019669533,0.9998603463172913,0.6335771083831787,0.7298592329025269,-0.11690782010555267,0.9864153861999512,0.5200086832046509,0.7417046427726746,-0.01870374009013176,0.8750036954879761,0.6865979433059692,0.8672422170639038,-0.13105814158916473,0.9849762320518494,0.5423914790153503,0.8738275170326233,0.09636988490819931,0.8937485814094543,0.6907964944839478,0.9039313197135925,-0.13865764439105988,0.9257973432540894,0.5529676079750061,0.8889524936676025,0.10272026807069778,0.7572818398475647,0.7188185453414917,0.8498610258102417,-0.24620608985424042,0.9790947437286377,0.5134669542312622,0.911014199256897,0.035459697246551514,0.8612074851989746
298,0.5553658604621887,0.37668365240097046,-0.041848547756671906,0.9999849796295166,0.5510739088058472,0.36502546072006226,-0.02056303434073925,0.9999719858169556,0.5512040257453918,0.3653911352157593,-0.02084074169397354,0.999965488910675,0.5515392422676086,0.3657419681549072,-0.020811207592487335,0.999984085559845,0.546949565410614,0.3652162551879883,-0.031193815171718597,0.9999662041664124,0.5439801812171936,0.3655916750431061,-0.03140141814947128,0.9999571442604065,0.541187584400177,0.3660363554954529,-0.03143840655684471,0.9999597072601318,0.5421140789985657,0.37437182664871216,0.06094846501946449,0.9999799132347107,0.5307133197784424,0.37138620018959045,0.011364313773810863,0.9998189210891724,0.553105890750885,0.39247941970825195,-0.011189001612365246,0.99997478723526,0.5492991209030151,0.39147135615348816,-0.02658323012292385,0.9999479651451111,0.5684320330619812,0.4442526400089264,0.0738159716129303,0.999991774559021,0.5052979588508606,0.441988080739975,0.03508778661489487,0.9998359680175781,0.6199299097061157,0.48010778427124023,0.09997902065515518,0.9708998203277588,0.4905206263065338,0.3394385874271393,-0.03996169567108154,0.9841008186340332,0.6788643598556519,0.4907310903072357,0.05086692422628403,0.9934741258621216,0.49776995182037354,0.24493928253650665,-0.11386481672525406,0.9935047626495361,0.6905538439750671,0.5128917098045349,0.041943807154893875,0.9886153340339661,0.5045716762542725,0.230342835187912,-0.14214922487735748,0.9885261058807373,0.6906026005744934,0.5152722001075745,0.01590016856789589,0.9895766377449036,0.5092714428901672,0.2275836169719696,-0.13883502781391144,0.987055778503418,0.6851068139076233,0.5088929533958435,0.03952996805310249,0.9867145419120789,0.508540153503418,0.23454549908638,-0.11724366992712021,0.9801394939422607,0.5882174372673035,0.6032909750938416,-0.014281696639955044,0.9999471306800842,0.5519052743911743,0.6248157024383545,0.013993829488754272,0.9998564720153809,0.6338315606117249,0.7308699488639832,-0.10353592783212662,0.9870812892913818,0.5211538672447205,0.7420302629470825,-0.028675174340605736,0.878309428691864,0.6867080926895142,0.8685771226882935,-0.11809339374303818,0.9854984879493713,0.5423656702041626,0.8749548196792603,0.07775894552469254,0.8963645100593567,0.6909598708152771,0.9043751358985901,-0.12572738528251648,0.9274067282676697,0.5529194474220276,0.8898364901542664,0.08349773287773132,0.7606922388076782,0.7185109257698059,0.8516466021537781,-0.2321946620941162,0.9797351956367493,0.5133948922157288,0.9109958410263062,0.017408082261681557,0.8644415736198425
299,0.5549060702323914,0.37535807490348816,-0.03139315918087959,0.9999842047691345,0.5501822829246521,0.36393702030181885,-0.009716200642287731,0.9999706149101257,0.5501611232757568,0.36435064673423767,-0.009994862601161003,0.9999639987945557,0.550365686416626,0.36480286717414856,-0.009959682822227478,0.9999832510948181,0.5462927222251892,0.36403241753578186,-0.020242976024746895,0.9999646544456482,0.5433444380760193,0.36443084478378296,-0.020447799935936928,0.9999555349349976,0.5406292676925659,0.3649781048297882,-0.020489990711212158,0.9999581575393677,0.541010856628418,0.37384986877441406,0.07237861305475235,0.9999793171882629,0.5298868417739868,0.3712632954120636,0.024723462760448456,0.9998167157173157,0.5524550080299377,0.39135709404945374,-0.0006214158493094146,0.9999741315841675,0.5489199757575989,0.39009279012680054,-0.015877239406108856,0.9999465942382812,0.5681005716323853,0.4441157877445221,0.08491138368844986,0.9999914765357971,0.5045356750488281,0.44261348247528076,0.043255552649497986,0.9998275637626648,0.6200026869773865,0.47966042160987854,0.10794106125831604,0.9708840250968933,0.48856672644615173,0.3412228226661682,-0.02762659266591072,0.9839972257614136,0.6789323091506958,0.4911452829837799,0.05431049317121506,0.9937121868133545,0.49343475699424744,0.24757659435272217,-0.0918179303407669,0.9937010407447815,0.6909989714622498,0.5134642720222473,0.04426046460866928,0.9888949990272522,0.49970120191574097,0.23053030669689178,-0.11903321743011475,0.9888381958007812,0.6910005211830139,0.515899658203125,0.018671663478016853,0.9898365139961243,0.5042399764060974,0.22816504538059235,-0.11495956778526306,0.9874250888824463,0.6853291392326355,0.5092048645019531,0.04293831065297127,0.9870548844337463,0.5038172006607056,0.2349637895822525,-0.09464184194803238,0.9807983636856079,0.5882371664047241,0.6033480167388916,-0.014168115332722664,0.9999443888664246,0.5519235134124756,0.6243320107460022,0.013900595717132092,0.9998487234115601,0.6338136792182922,0.7312151789665222,-0.09913994371891022,0.9875472187995911,0.5216980576515198,0.7431767582893372,-0.011528841219842434,0.8771352171897888,0.6868008971214294,0.8690837025642395,-0.10223731398582458,0.9857033491134644,0.5423300862312317,0.8750487565994263,0.12608081102371216,0.8950555920600891,0.6912190318107605,0.9044065475463867,-0.10839641094207764,0.9275338053703308,0.5528503656387329,0.890032172203064,0.13527508080005646,0.7573382258415222,0.7183395624160767,0.8528187870979309,-0.21240976452827454,0.9798802137374878,0.5133070349693298,0.9113909006118774,0.07271932810544968,0.8621926307678223
